truth_base,truth_type,token,price_kind,blocked,image_share,blind text|type,blind text|base,blind text|source,blind text|kronor,blind text|ratio,text+prior|type,text+prior|base,text+prior|source,text+prior|kronor,text+prior|ratio,bild (familj)|type,bild (familj)|base,bild (familj)|source,bild (familj)|kronor,bild (familj)|ratio,text+prior+bild|type,text+prior+bild|base,text+prior+bild|source,text+prior+bild|kronor,text+prior+bild|ratio,gammal platt klassificerare|type,gammal platt klassificerare|kronor,gammal platt klassificerare|ratio
bord,matbord,6st,asking,1,0.897,,,,,,,,,,,bord,bord,image,16.0,0.9725557461406518,bord,bord,image,16.0,0.9725557461406518,matbord,0.0,1.0
bord,bord,symaskinsunderrede,asking,1,0.942,,,,,,,,,,,bord,bord,image,0.0,1.0,bord,bord,image,0.0,1.0,bord,0.0,1.0
bord,bord,vagghangda,asking,1,0.35,,,,,,,,,,,,,,,,,,,,,okänd,,
bord,matbord,ilaggsskivor,realized,1,1.0,,,,,,,,,,,bord,bord,image,1500.0,0.4642857142857143,bord,bord,image,1500.0,0.4642857142857143,matbord,0.0,1.0
bord,matgrupp,uteplats,asking,1,0.84,,,,,,sang,sang,prior,133.0,1.199400299850075,bord,bord,image,104.5,0.843328335832084,sang,sang,prior,133.0,1.199400299850075,matgrupp,0.0,1.0
bord,soffbord,fritz,asking,1,1.0,,,,,,stol,stol,prior,1584.0,0.5341176470588235,bord,bord,image,1600.0,1.4705882352941178,stol,stol,prior,1584.0,0.5341176470588235,bord,1600.0,1.4705882352941178
bord,bord,slattum,asking,1,0.889,,,,,,sang,sang,prior,,,sang,sang,image,,,sang,sang,prior,,,säng,,
bord,bord,sminkbord,asking,3,0.922,,,,,,bord,bord,prior,0.0,1.0,bord,bord,image,0.0,1.0,bord,bord,prior,0.0,1.0,spegel,0.0,1.0
bord,soffbord,besta,asking,1,0.943,,,,,,forvaring,forvaring,prior,,,bord,bord,image,,,forvaring,forvaring,prior,,,bord,,
bord,bord,telefonbord,realized,1,0.972,,,,,,,,,,,bord,bord,image,0.0,1.0,bord,bord,image,0.0,1.0,byrå,,
bord,bord,betsad,realized,1,0.569,,,,,,,,,,,,,,,,,,,,,okänd,,
bord,matbord,fritz,asking,1,0.794,,,,,,stol,stol,prior,4184.0,0.30266666666666664,bord,bord,image,1000.0,0.8333333333333334,stol,stol,prior,4184.0,0.30266666666666664,matgrupp,1000.0,1.1666666666666667
bord,skrivbord,engelskt,asking,1,0.657,,,,,,bord,bord,prior,2000.0,0.42857142857142855,,,,,,bord,bord,prior,2000.0,0.42857142857142855,stol,,
bord,sidobord,vidaxl,asking,1,0.95,,,,,,,,,,,bord,bord,image,96.0,1.271186440677966,bord,bord,image,96.0,1.271186440677966,bord,96.0,1.271186440677966
bord,soffbord,glasskiva,asking,1,0.79,,,,,,,,,,,bord,bord,image,250.0,0.6666666666666666,bord,bord,image,250.0,0.6666666666666666,bord,250.0,0.6666666666666666
bord,soffbord,bolia,asking,1,0.975,,,,,,,,,,,bord,bord,image,500.0,0.8571428571428571,bord,bord,image,500.0,0.8571428571428571,bord,500.0,0.8571428571428571
bord,soffbord,jakaranda,asking,1,1.0,,,,,,,,,,,bord,bord,image,400.0,0.7333333333333333,bord,bord,image,400.0,0.7333333333333333,bord,400.0,0.7333333333333333
bord,matgrupp,ovalt,asking,1,0.972,,,,,,bord,bord,prior,75.0,1.15,bord,bord,image,75.0,1.15,bord,bord,prior,75.0,1.15,matgrupp,0.0,1.0
bord,soffbord,unikt,asking,1,0.975,,,,,,,,,,,bord,bord,image,500.0,0.8333333333333334,bord,bord,image,500.0,0.8333333333333334,bord,500.0,0.8333333333333334
bord,bord,birgitta,realized,1,0.95,,,,,,,,,,,bord,bord,image,0.0,1.0,bord,bord,image,0.0,1.0,bord,0.0,1.0
bord,skrivbord,100x48,asking,1,0.97,,,,,,,,,,,bord,bord,image,,,bord,bord,image,,,bord,,
bord,skrivbord,korsbar,realized,1,1.0,,,,,,,,,,,bord,bord,image,1900.0,0.4722222222222222,bord,bord,image,1900.0,0.4722222222222222,bord,1900.0,0.4722222222222222
bord,skrivbord,lador,asking,1,0.749,,,,,,forvaring,forvaring,prior,25.0,1.0357142857142858,bord,bord,image,0.0,1.0,forvaring,forvaring,prior,25.0,1.0357142857142858,bord,0.0,1.0
bord,sidobord,marmorlook,asking,1,0.95,,,,,,,,,,,bord,bord,image,50.0,1.1428571428571428,bord,bord,image,50.0,1.1428571428571428,bord,50.0,1.1428571428571428
bord,sidobord,alsterbro,realized,1,1.0,,,,,,,,,,,bord,bord,image,50.0,1.2,bord,bord,image,50.0,1.2,bord,50.0,1.2
bord,sidobord,nordiska,realized,1,0.808,,,,,,,,,,,bord,bord,image,775.0,2.2916666666666665,bord,bord,image,775.0,2.2916666666666665,bord,775.0,2.2916666666666665
bord,skrivbord,grange,realized,2,0.969,,,,,,,,,,,bord,bord,image,1696.0,0.4439344262295082,bord,bord,image,1696.0,0.4439344262295082,bord,1696.0,0.4439344262295082
bord,bord,tillskriven,realized,1,1.0,,,,,,,,,,,bord,bord,image,0.0,1.0,bord,bord,image,0.0,1.0,bord,0.0,1.0
bord,matgrupp,tradgardsmobel,asking,1,0.717,,,,,,stol,stol,prior,837.5,0.41739130434782606,bord,bord,image,2812.5,2.9565217391304346,stol,stol,prior,837.5,0.41739130434782606,stol,837.5,0.41739130434782606
bord,matgrupp,cafeset,asking,1,0.704,,,,,,,,,,,stol,stol,image,100.0,1.3076923076923077,stol,stol,image,100.0,1.3076923076923077,stol,100.0,1.3076923076923077
bord,matbord,personer,asking,1,1.0,,,,,,bord,bord,prior,0.0,1.0,bord,bord,image,0.0,1.0,bord,bord,prior,0.0,1.0,matgrupp,887.5,0.55625
bord,bord,nattygsbord,asking,1,0.451,,,,,,,,,,,,,,,,,,,,,byrå,,
bord,bord,saljes,asking,1,0.937,,,,,,,,,,,forvaring,forvaring,image,250.0,1.4166666666666667,forvaring,forvaring,image,250.0,1.4166666666666667,hylla,100.0,0.8333333333333334
bord,bord,antikt,asking,1,1.0,,,,,,,,,,,bord,bord,image,0.0,1.0,bord,bord,image,0.0,1.0,bord,0.0,1.0
bord,soffbord,glasskiva,asking,1,0.871,,,,,,,,,,,bord,bord,image,250.0,0.6666666666666666,bord,bord,image,250.0,0.6666666666666666,bord,250.0,0.6666666666666666
bord,bord,metallstomme,asking,1,0.593,,,,,,,,,,,,,,,,,,,,,byrå,,
bord,bord,fallbord,realized,1,1.0,,,,,,,,,,,bord,bord,image,0.0,1.0,bord,bord,image,0.0,1.0,bord,0.0,1.0
bord,skrivbord,micke,asking,1,1.0,,,,,,bord,bord,prior,50.0,0.875,bord,bord,image,50.0,0.875,bord,bord,prior,50.0,0.875,bord,50.0,0.875
bord,bord,vitmalat,realized,1,0.976,,,,,,,,,,,bord,bord,image,0.0,1.0,bord,bord,image,0.0,1.0,bord,0.0,1.0
bord,bord,engelsk-stil,realized,1,0.643,,,,,,,,,,,,,,,,,,,,,byrå,,
bord,bord,tradgardsbord,asking,1,0.871,,,,,,,,,,,bord,bord,image,0.0,1.0,bord,bord,image,0.0,1.0,bord,0.0,1.0
bord,matbord,glasbord,asking,1,0.626,,,,,,,,,,,,,,,,,,,,,stol,1400.0,0.2631578947368421
bord,matbord,140cm,asking,1,1.0,,,,,,,,,,,bord,bord,image,2000.0,0.23076923076923078,bord,bord,image,2000.0,0.23076923076923078,bord,2000.0,0.23076923076923078
bord,bord,lador,asking,1,0.916,,,,,,forvaring,forvaring,prior,25.0,1.0357142857142858,forvaring,forvaring,image,25.0,1.0357142857142858,forvaring,forvaring,prior,25.0,1.0357142857142858,byrå,,
bord,soffbord,ordinarie,asking,1,0.903,,,,,,,,,,,bord,bord,image,,,bord,bord,image,,,bord,,
bord,soffbord,tva,asking,1,1.0,,,,,,,,,,,bord,bord,image,400.0,0.6,bord,bord,image,400.0,0.6,bord,400.0,0.6
bord,matgrupp,hagafors,asking,1,0.974,,,,,,,,,,,bord,bord,image,,,bord,bord,image,,,matgrupp,0.0,1.0
bord,bord,slagbord,realized,1,1.0,,,,,,,,,,,bord,bord,image,0.0,1.0,bord,bord,image,0.0,1.0,bord,0.0,1.0
bord,matgrupp,inkl,asking,1,1.0,,,,,,,,,,,bord,bord,image,107.0,1.166407465007776,bord,bord,image,107.0,1.166407465007776,matgrupp,0.0,1.0
bord,soffbord,travertin,realized,1,1.0,,,,,,,,,,,bord,bord,image,1774.5,0.5507594936708861,bord,bord,image,1774.5,0.5507594936708861,bord,1774.5,0.5507594936708861
bord,bord,oktagonalt,asking,1,1.0,,,,,,forvaring,forvaring,prior,,,bord,bord,image,0.0,1.0,forvaring,forvaring,prior,,,bord,0.0,1.0
bord,soffbord,hay,asking,1,0.974,,,,,,,,,,,bord,bord,image,1250.0,2.0,bord,bord,image,1250.0,2.0,bord,1250.0,2.0
bord,matbord,ask,asking,1,0.801,,,,,,bord,bord,prior,3000.0,0.4,bord,bord,image,3000.0,0.4,bord,bord,prior,3000.0,0.4,matgrupp,4208.5,0.1583
bord,soffbord,ellos,asking,1,0.528,,,,,,,,,,,,,,,,,,,,,bord,350.0,0.7586206896551724
bord,matgrupp,tradgardsbord,asking,1,0.944,,,,,,,,,,,bord,bord,image,175.0,1.4666666666666666,bord,bord,image,175.0,1.4666666666666666,matgrupp,0.0,1.0
bord,bord,sminkbord,asking,1,0.621,,,,,,bord,bord,prior,0.0,1.0,,,,,,bord,bord,prior,0.0,1.0,hylla,350.0,0.5
bord,soffbord,rustikt,asking,1,0.902,,,,,,,,,,,bord,bord,image,600.0,1.375,bord,bord,image,600.0,1.375,bord,600.0,1.375
bord,bord,lada,realized,1,1.0,,,,,,,,,,,bord,bord,image,0.0,1.0,bord,bord,image,0.0,1.0,bord,0.0,1.0
bord,matbord,inkl,asking,1,0.924,,,,,,,,,,,bord,bord,image,1250.0,0.375,bord,bord,image,1250.0,0.375,matgrupp,1367.0,0.3165
bord,matgrupp,forlangningsbart,asking,1,1.0,,,,,,bord,bord,prior,1500.0,4.0,bord,bord,image,1500.0,4.0,bord,bord,prior,1500.0,4.0,matgrupp,0.0,1.0
bord,matbord,vangsta,asking,1,0.65,,,,,,bord,bord,prior,250.0,1.5,,,,,,bord,bord,prior,250.0,1.5,stol,,
bord,bord,barbord,asking,1,0.918,,,,,,,,,,,bord,bord,image,0.0,1.0,bord,bord,image,0.0,1.0,stol,12.5,0.9807692307692307
bord,bord,vagghangda,asking,1,0.512,,,,,,,,,,,,,,,,,,,,,byrå,,
bord,skrivbord,mio,asking,1,1.0,,,,,,,,,,,bord,bord,image,50.0,1.0769230769230769,bord,bord,image,50.0,1.0769230769230769,bord,50.0,1.0769230769230769
bord,skrivbord,kompakt,asking,1,0.622,,,,,,bord,bord,prior,290.0,2.45,,,,,,bord,bord,prior,290.0,2.45,okänd,,
bord,bord,trampsymaskin,asking,1,0.972,,,,,,,,,,,bord,bord,image,0.0,1.0,bord,bord,image,0.0,1.0,bord,0.0,1.0
bord,matbord,mio,asking,1,0.974,,,,,,,,,,,bord,bord,image,1050.0,0.4,bord,bord,image,1050.0,0.4,matgrupp,675.0,0.6142857142857143
bord,skrivbord,funkis,asking,1,0.914,,,,,,,,,,,bord,bord,image,250.0,0.8275862068965517,bord,bord,image,250.0,0.8275862068965517,bord,250.0,0.8275862068965517
bord,bord,unikt,asking,1,0.566,,,,,,,,,,,,,,,,,,,,,bord,0.0,1.0
bord,soffbord,jugend,realized,1,1.0,,,,,,,,,,,bord,bord,image,100.0,1.2,bord,bord,image,100.0,1.2,bord,100.0,1.2
bord,soffbord,rustikt,asking,1,0.974,,,,,,bord,bord,prior,600.0,1.375,bord,bord,image,600.0,1.375,bord,bord,prior,600.0,1.375,bord,600.0,1.375
bord,soffbord,stalands,asking,1,1.0,,,,,,,,,,,bord,bord,image,600.0,0.625,bord,bord,image,600.0,0.625,bord,600.0,0.625
bord,bord,ooppnad,asking,1,0.0,,,,,,,,,,,,,,,,,,,,,,,
bord,soffbord,renassansstil,realized,1,1.0,,,,,,,,,,,bord,bord,image,,,bord,bord,image,,,bord,,
bord,sidobord,liatorp,asking,1,1.0,,,,,,,,,,,bord,bord,image,0.0,1.0,bord,bord,image,0.0,1.0,bord,0.0,1.0
bord,matbord,talavid,realized,1,1.0,,,,,,,,,,,bord,bord,image,1200.0,1.4,bord,bord,image,1200.0,1.4,bord,1200.0,1.4
bord,matbord,maria,realized,1,0.734,,,,,,,,,,,bord,bord,image,2104.0,0.8981360445412733,bord,bord,image,2104.0,0.8981360445412733,bord,2104.0,0.8981360445412733
bord,bord,tradgardsmobler,asking,2,0.823,,,,,,,,,,,bord,bord,image,0.0,1.0,bord,bord,image,0.0,1.0,matgrupp,1245.0,0.37593984962406013
bord,bord,slut,realized,1,0.976,,,,,,,,,,,bord,bord,image,0.0,1.0,bord,bord,image,0.0,1.0,bord,0.0,1.0
bord,bord,lyx,asking,1,0.809,,,,,,,,,,,bord,bord,image,0.0,1.0,bord,bord,image,0.0,1.0,matgrupp,,
bord,soffbord,lugo,asking,1,0.648,,,,,,,,,,,,,,,,,,,,,soffa,,
bord,soffbord,glasskiva,asking,1,1.0,,,,,,,,,,,bord,bord,image,250.0,0.6666666666666666,bord,bord,image,250.0,0.6666666666666666,bord,250.0,0.6666666666666666
bord,bord,markerad,asking,1,1.0,,,,,,,,,,,bord,bord,image,0.0,1.0,bord,bord,image,0.0,1.0,matbord,,
bord,skrivbord,betong,asking,1,0.713,,,,,,,,,,,stol,stol,image,,,stol,stol,image,,,stol,,
bord,soffbord,finskt,asking,1,0.976,,,,,,,,,,,bord,bord,image,,,bord,bord,image,,,bord,,
bord,matbord,bordstabletter,asking,1,0.0,,,,,,,,,,,,,,,,,,,,,,,
bord,matgrupp,utemobler,asking,1,0.922,,,,,,,,,,,bord,bord,image,700.0,2.4,bord,bord,image,700.0,2.4,matgrupp,0.0,1.0
bord,skrivbord,jugend,asking,1,0.923,,,,,,,,,,,bord,bord,image,250.0,0.7916666666666666,bord,bord,image,250.0,0.7916666666666666,bord,250.0,0.7916666666666666
bord,soffbord,camilla,asking,1,1.0,,,,,,,,,,,bord,bord,image,,,bord,bord,image,,,bord,,
bord,matgrupp,torsby,asking,1,0.975,,,,,,,,,,,bord,bord,image,,,bord,bord,image,,,bord,,
bord,soffbord,mio,asking,1,0.951,,,,,,,,,,,bord,bord,image,300.0,0.7,bord,bord,image,300.0,0.7,bord,300.0,0.7
bord,matgrupp,ovalt,asking,1,0.899,,,,,,bord,bord,prior,100.0,1.2,bord,bord,image,100.0,1.2,bord,bord,prior,100.0,1.2,matgrupp,0.0,1.0
bord,skrivbord,trabord,asking,1,0.895,,,,,,,,,,,bord,bord,image,299.0,1.598,bord,bord,image,299.0,1.598,bord,299.0,1.598
bord,bord,cello,asking,1,0.974,,,,,,,,,,,bord,bord,image,0.0,1.0,bord,bord,image,0.0,1.0,matgrupp,,
bord,matbord,trastolar,asking,1,0.815,,,,,,,,,,,bord,bord,image,950.0,0.3448275862068966,bord,bord,image,950.0,0.3448275862068966,matgrupp,1075.0,0.25862068965517243
bord,matgrupp,rottingmoblemang,asking,1,0.834,,,,,,,,,,,bord,bord,image,,,bord,bord,image,,,matgrupp,0.0,1.0
bord,skrivbord,1960-tal,realized,1,1.0,,,,,,,,,,,bord,bord,image,1148.0,0.3622222222222222,bord,bord,image,1148.0,0.3622222222222222,bord,1148.0,0.3622222222222222
bord,skrivbord,alex,asking,1,0.831,,,,,,bord,bord,prior,200.0,0.7142857142857143,bord,bord,image,200.0,0.7142857142857143,bord,bord,prior,200.0,0.7142857142857143,bord,200.0,0.7142857142857143
bord,skrivbord,svenssons,asking,1,0.662,,,,,,,,,,,,,,,,,,,,,stol,,
bord,bord,stenskivor,realized,1,0.606,,,,,,,,,,,,,,,,,,,,,byrå,,
bord,bord,nordiska,realized,1,0.975,,,,,,,,,,,bord,bord,image,0.0,1.0,bord,bord,image,0.0,1.0,byrå,,
bord,bord,klaffbord,asking,1,1.0,,,,,,bord,bord,prior,0.0,1.0,bord,bord,image,0.0,1.0,bord,bord,prior,0.0,1.0,bord,0.0,1.0
bord,matgrupp,balkongset,asking,1,0.801,,,,,,,,,,,bord,bord,image,271.0,1.971326164874552,bord,bord,image,271.0,1.971326164874552,stol,46.0,1.1648745519713262
bord,matbord,klassisk,asking,1,0.867,,,,,,,,,,,bord,bord,image,900.0,0.4,bord,bord,image,900.0,0.4,matgrupp,612.5,0.5916666666666667
bord,bord,glasbord,asking,1,0.694,,,,,,,,,,,,,,,,,,,,,bord,0.0,1.0
bord,soffbord,tal,asking,1,1.0,,,,,,,,,,,bord,bord,image,600.0,0.6,bord,bord,image,600.0,0.6,bord,600.0,0.6
bord,soffbord,morkt,asking,1,1.0,,,,,,,,,,,bord,bord,image,200.0,0.7777777777777778,bord,bord,image,200.0,0.7777777777777778,bord,200.0,0.7777777777777778
bord,bord,askholmen,asking,1,0.975,,,,,,,,,,,bord,bord,image,0.0,1.0,bord,bord,image,0.0,1.0,bord,0.0,1.0
bord,soffbord,ljust,asking,1,0.587,,,,,,,,,,,,,,,,,,,,,okänd,,
bord,skrivbord,tore,asking,1,0.554,,,,,,,,,,,,,,,,,,,,,hylla,,
bord,bord,metallben,asking,1,0.975,,,,,,,,,,,bord,bord,image,0.0,1.0,bord,bord,image,0.0,1.0,bord,0.0,1.0
bord,bord,tal,asking,1,0.976,,,,,,,,,,,bord,bord,image,0.0,1.0,bord,bord,image,0.0,1.0,bord,0.0,1.0
bord,bord,kvistbro,asking,1,0.969,,,,,,,,,,,bord,bord,image,0.0,1.0,bord,bord,image,0.0,1.0,bord,0.0,1.0
bord,bord,slagbord,realized,1,1.0,,,,,,bord,bord,prior,0.0,1.0,bord,bord,image,0.0,1.0,bord,bord,prior,0.0,1.0,bord,0.0,1.0
bord,matgrupp,shabby,asking,1,0.926,,,,,,,,,,,bord,bord,image,524.5,0.4752376188094047,bord,bord,image,524.5,0.4752376188094047,matgrupp,0.0,1.0
bord,soffbord,oljad,asking,1,1.0,,,,,,,,,,,bord,bord,image,250.5,0.8681578947368421,bord,bord,image,250.5,0.8681578947368421,bord,250.5,0.8681578947368421
bord,bord,handgjord,asking,1,0.947,,,,,,,,,,,bord,bord,image,0.0,1.0,bord,bord,image,0.0,1.0,matbord,5900.0,3.269230769230769
bord,matgrupp,tradgard,asking,1,0.424,,,,,,,,,,,,,,,,,,,,,stol,1200.0,0.26153846153846155
bord,skrivbord,lada,asking,1,0.949,,,,,,bord,bord,prior,0.0,1.0,bord,bord,image,0.0,1.0,bord,bord,prior,0.0,1.0,bord,0.0,1.0
bord,matgrupp,astrid,asking,1,0.767,,,,,,,,,,,bord,bord,image,1150.0,1.575,bord,bord,image,1150.0,1.575,matgrupp,0.0,1.0
bord,matgrupp,sex,asking,2,1.0,,,,,,,,,,,bord,bord,image,1475.0,3.95,bord,bord,image,1475.0,3.95,matgrupp,0.0,1.0
bord,soffbord,homeline,asking,1,0.948,,,,,,bord,bord,prior,,,bord,bord,image,,,bord,bord,prior,,,bord,,
bord,sidobord,tre,asking,1,0.941,,,,,,,,,,,bord,bord,image,75.0,1.1428571428571428,bord,bord,image,75.0,1.1428571428571428,bord,75.0,1.1428571428571428
bord,bord,lackerat,realized,1,1.0,,,,,,bord,bord,prior,0.0,1.0,bord,bord,image,0.0,1.0,bord,bord,prior,0.0,1.0,byrå,,
bord,bord,cafebord,asking,1,0.976,,,,,,bord,bord,prior,0.0,1.0,bord,bord,image,0.0,1.0,bord,bord,prior,0.0,1.0,bord,0.0,1.0
bord,bord,vardags,realized,1,1.0,,,,,,,,,,,bord,bord,image,0.0,1.0,bord,bord,image,0.0,1.0,bord,0.0,1.0
bord,soffbord,vackert,asking,1,1.0,,,,,,,,,,,bord,bord,image,100.0,1.0714285714285714,bord,bord,image,100.0,1.0714285714285714,bord,100.0,1.0714285714285714
bord,matgrupp,trabord,asking,1,1.0,,,,,,,,,,,bord,bord,image,33.5,0.9597839135654261,bord,bord,image,33.5,0.9597839135654261,matgrupp,0.0,1.0
bord,matgrupp,jysk,asking,1,0.974,,,,,,,,,,,bord,bord,image,175.0,0.72,bord,bord,image,175.0,0.72,matgrupp,0.0,1.0
bord,matgrupp,konferensbord,asking,1,0.921,,,,,,,,,,,bord,bord,image,2000.0,3.0,bord,bord,image,2000.0,3.0,matbord,1100.0,2.1
bord,bord,1800-tal,realized,1,0.976,,,,,,,,,,,bord,bord,image,0.0,1.0,bord,bord,image,0.0,1.0,bord,0.0,1.0
bord,soffbord,exklusiv,asking,1,1.0,,,,,,bord,bord,prior,2500.0,0.5652173913043478,bord,bord,image,2500.0,0.5652173913043478,bord,bord,prior,2500.0,0.5652173913043478,bord,2500.0,0.5652173913043478
bord,bord,vikhammer,asking,1,0.875,,,,,,bord,bord,prior,0.0,1.0,bord,bord,image,0.0,1.0,bord,bord,prior,0.0,1.0,byrå,,
bord,bord,vihals,asking,1,1.0,,,,,,bord,bord,prior,0.0,1.0,bord,bord,image,0.0,1.0,bord,bord,prior,0.0,1.0,bord,0.0,1.0
bord,soffbord,1980-tal,realized,1,1.0,,,,,,,,,,,bord,bord,image,150.0,0.7692307692307693,bord,bord,image,150.0,0.7692307692307693,bord,150.0,0.7692307692307693
bord,matgrupp,cafebord,realized,1,0.858,,,,,,,,,,,stol,stol,image,,,stol,stol,image,,,stol,,
bord,matgrupp,tradgardsgrupp,asking,1,0.737,,,,,,bord,bord,prior,1887.5,3.849056603773585,stol,stol,image,106.5,1.160754716981132,bord,bord,prior,1887.5,3.849056603773585,stol,106.5,1.160754716981132
bord,bord,antikt,asking,1,0.0,,,,,,,,,,,,,,,,,,,,,,,
bord,bord,sminkbord,asking,1,0.643,,,,,,forvaring,forvaring,prior,25.0,0.9642857142857143,,,,,,forvaring,forvaring,prior,25.0,0.9642857142857143,hylla,350.0,0.5
bord,bord,trabord,asking,1,0.972,,,,,,,,,,,bord,bord,image,0.0,1.0,bord,bord,image,0.0,1.0,matgrupp,58.5,1.0755326016785023
bord,bord,diameter,asking,1,1.0,,,,,,bord,bord,prior,0.0,1.0,bord,bord,image,0.0,1.0,bord,bord,prior,0.0,1.0,bord,0.0,1.0
bord,soffbord,marmorskiva,asking,2,0.976,,,,,,,,,,,bord,bord,image,100.0,0.9090909090909091,bord,bord,image,100.0,0.9090909090909091,bord,100.0,0.9090909090909091
bord,soffbord,mio,asking,1,1.0,,,,,,,,,,,bord,bord,image,300.0,0.7,bord,bord,image,300.0,0.7,bord,300.0,0.7
bord,skrivbord,hoj,asking,1,1.0,,,,,,bord,bord,prior,300.0,0.8125,bord,bord,image,300.0,0.8125,bord,bord,prior,300.0,0.8125,bord,300.0,0.8125
bord,soffbord,sweef,asking,1,1.0,,,,,,,,,,,bord,bord,image,700.0,1.2,bord,bord,image,700.0,1.2,bord,700.0,1.2
bord,matbord,sex,asking,1,1.0,,,,,,,,,,,bord,bord,image,308.5,0.8649003722356032,bord,bord,image,308.5,0.8649003722356032,matbord,0.0,1.0
bord,bord,louis,realized,1,0.62,,,,,,,,,,,,,,,,,,,,,byrå,,
bord,sidobord,klassisk,asking,1,0.866,,,,,,,,,,,bord,bord,image,111.0,0.8414285714285714,bord,bord,image,111.0,0.8414285714285714,bord,111.0,0.8414285714285714
bord,skrivbord,connect,realized,1,1.0,,,,,,,,,,,bord,bord,image,,,bord,bord,image,,,bord,,
bord,bord,rektangulart,asking,1,0.975,,,,,,,,,,,bord,bord,image,0.0,1.0,bord,bord,image,0.0,1.0,bord,0.0,1.0
bord,matbord,matstolar,asking,1,0.95,,,,,,,,,,,bord,bord,image,16.0,0.9807923169267707,bord,bord,image,16.0,0.9807923169267707,matgrupp,83.0,0.9003601440576231
bord,sidobord,kallat,realized,1,1.0,,,,,,,,,,,bord,bord,image,,,bord,bord,image,,,bord,,
bord,matbord,ekmobler,asking,1,0.77,,,,,,,,,,,forvaring,forvaring,image,,,forvaring,forvaring,image,,,byrå,,
bord,bord,lisabo,asking,2,0.972,,,,,,bord,bord,prior,0.0,1.0,bord,bord,image,0.0,1.0,bord,bord,prior,0.0,1.0,bord,0.0,1.0
bord,matbord,forlangningsbart,asking,1,0.975,,,,,,bord,bord,prior,200.0,1.1111111111111112,bord,bord,image,200.0,1.1111111111111112,bord,bord,prior,200.0,1.1111111111111112,matgrupp,1300.0,0.2777777777777778
bord,matgrupp,chilli,asking,1,1.0,,,,,,,,,,,bord,bord,image,900.0,0.5714285714285714,bord,bord,image,900.0,0.5714285714285714,matbord,100.0,0.9523809523809523
bord,bord,avslastningsbord,asking,1,0.947,,,,,,,,,,,bord,bord,image,0.0,1.0,bord,bord,image,0.0,1.0,bord,0.0,1.0
bord,matgrupp,tva,asking,1,0.919,,,,,,,,,,,bord,bord,image,218.5,1.5727391874180865,bord,bord,image,218.5,1.5727391874180865,matgrupp,0.0,1.0
bord,matgrupp,lisabo,asking,1,1.0,,,,,,bord,bord,prior,125.0,1.1666666666666667,bord,bord,image,125.0,1.1666666666666667,bord,bord,prior,125.0,1.1666666666666667,matgrupp,0.0,1.0
bord,bord,klaffar,realized,1,0.974,,,,,,,,,,,bord,bord,image,0.0,1.0,bord,bord,image,0.0,1.0,bord,0.0,1.0
bord,bord,marmorbord,asking,1,1.0,,,,,,,,,,,bord,bord,image,0.0,1.0,bord,bord,image,0.0,1.0,bord,0.0,1.0
bord,bord,kistbord,asking,1,0.937,,,,,,,,,,,bord,bord,image,0.0,1.0,bord,bord,image,0.0,1.0,okänd,,
bord,sidobord,engelsk,realized,1,0.571,,,,,,,,,,,,,,,,,,,,,byrå,,
bord,soffbord,jakaranda,asking,1,0.948,,,,,,,,,,,bord,bord,image,500.0,0.6666666666666666,bord,bord,image,500.0,0.6666666666666666,bord,500.0,0.6666666666666666
bord,sidobord,spiralvridna,realized,1,1.0,,,,,,,,,,,bord,bord,image,,,bord,bord,image,,,bord,,
bord,matgrupp,gustaviansk,realized,1,0.975,,,,,,,,,,,stol,stol,image,826.0,0.28608470181503887,stol,stol,image,826.0,0.28608470181503887,stol,826.0,0.28608470181503887
bord,soffbord,nyskick,asking,1,0.972,,,,,,,,,,,forvaring,forvaring,image,50.0,1.0303030303030303,forvaring,forvaring,image,50.0,1.0303030303030303,byrå,,
bord,soffbord,boconcept,asking,1,1.0,,,,,,,,,,,bord,bord,image,490.0,1.245,bord,bord,image,490.0,1.245,bord,490.0,1.245
bord,skrivbord,hoj,asking,1,1.0,,,,,,bord,bord,prior,300.0,0.8125,bord,bord,image,300.0,0.8125,bord,bord,prior,300.0,0.8125,bord,300.0,0.8125
bord,bord,elegant,asking,1,0.478,,,,,,,,,,,,,,,,,,,,,byrå,,
bord,matbord,snyggt,asking,1,1.0,,,,,,,,,,,bord,bord,image,1117.5,0.44125,bord,bord,image,1117.5,0.44125,matbord,0.0,1.0
bord,bord,mattbord,asking,1,0.925,,,,,,,,,,,bord,bord,image,0.0,1.0,bord,bord,image,0.0,1.0,matbord,,
bord,bord,string,asking,1,0.441,,,,,,forvaring,forvaring,prior,1550.0,2.55,,,,,,forvaring,forvaring,prior,1550.0,2.55,okänd,,
bord,bord,fallbord,realized,1,0.926,,,,,,,,,,,bord,bord,image,0.0,1.0,bord,bord,image,0.0,1.0,bord,0.0,1.0
bord,matbord,lisabo,asking,1,1.0,,,,,,bord,bord,prior,25.0,0.9722222222222222,bord,bord,image,25.0,0.9722222222222222,bord,bord,prior,25.0,0.9722222222222222,matbord,0.0,1.0
bord,bord,utebord,asking,1,0.385,,,,,,,,,,,,,,,,,,,,,okänd,,
bord,matbord,120cm,asking,1,0.719,,,,,,sang,sang,prior,1400.0,0.5757575757575758,stol,stol,image,50.0,0.9848484848484849,sang,sang,prior,1400.0,0.5757575757575758,stol,50.0,0.9848484848484849
bord,bord,2st,asking,1,0.49,,,,,,,,,,,,,,,,,,,,,byrå,,
bord,soffbord,boconcept,asking,1,0.522,,,,,,,,,,,,,,,,,,,,,bord,490.0,1.245
bord,bord,bank,asking,1,0.772,,,,,,,,,,,bord,bord,image,0.0,1.0,bord,bord,image,0.0,1.0,matgrupp,75.0,0.9375
bord,bord,blombord,asking,1,0.899,,,,,,,,,,,bord,bord,image,0.0,1.0,bord,bord,image,0.0,1.0,bord,0.0,1.0
bord,bord,vackert,asking,1,1.0,,,,,,,,,,,bord,bord,image,0.0,1.0,bord,bord,image,0.0,1.0,bord,0.0,1.0
bord,matbord,serien,asking,1,1.0,,,,,,,,,,,bord,bord,image,5100.0,0.15,bord,bord,image,5100.0,0.15,bord,5100.0,0.15
bord,skrivbord,jysk,asking,1,1.0,,,,,,,,,,,bord,bord,image,50.0,0.9,bord,bord,image,50.0,0.9,bord,50.0,0.9
bord,bord,1800-talets,realized,1,0.974,,,,,,,,,,,bord,bord,image,0.0,1.0,bord,bord,image,0.0,1.0,bord,0.0,1.0
bord,matgrupp,mariedamm,asking,1,0.975,,,,,,,,,,,bord,bord,image,49.5,1.0380769230769231,bord,bord,image,49.5,1.0380769230769231,bord,49.5,1.0380769230769231
bord,skrivbord,hoj,asking,1,0.795,,,,,,bord,bord,prior,300.0,0.8125,stol,stol,image,1150.0,0.28125,bord,bord,prior,300.0,0.8125,stol,1150.0,0.28125
bord,bord,sminkbord,asking,1,0.806,,,,,,bord,bord,prior,0.0,1.0,bord,bord,image,0.0,1.0,bord,bord,prior,0.0,1.0,spegel,0.0,1.0
bord,bord,vidaxl,asking,1,0.458,,,,,,,,,,,,,,,,,,,,,okänd,,
bord,bord,superellipsbord,asking,1,1.0,,,,,,stol,stol,prior,,,bord,bord,image,0.0,1.0,stol,stol,prior,,,bord,0.0,1.0
bord,bord,loungemobler,asking,1,0.368,,,,,,,,,,,,,,,,,,,,,okänd,,
bord,sidobord,ljusbeige,asking,1,0.925,,,,,,,,,,,bord,bord,image,,,bord,bord,image,,,bord,,
bord,bord,bockbord,realized,1,0.974,,,,,,,,,,,bord,bord,image,0.0,1.0,bord,bord,image,0.0,1.0,bord,0.0,1.0
bord,bord,slagbord,realized,1,0.645,,,,,,,,,,,,,,,,,,,,,byrå,,
bord,soffbord,lovbacken,realized,1,0.95,,,,,,,,,,,bord,bord,image,0.0,1.0,bord,bord,image,0.0,1.0,bord,0.0,1.0
bord,skrivbord,plats,asking,1,0.804,,,,,,,,,,,bord,bord,image,1400.0,3.3333333333333335,bord,bord,image,1400.0,3.3333333333333335,bord,1400.0,3.3333333333333335
bord,bord,gammalt,asking,1,0.365,,,,,,,,,,,,,,,,,,,,,okänd,,
bord,bord,tradgardsbord,asking,1,1.0,,,,,,,,,,,bord,bord,image,0.0,1.0,bord,bord,image,0.0,1.0,bord,0.0,1.0
bord,matgrupp,utegrupp,asking,1,0.89,,,,,,,,,,,bord,bord,image,1582.0,4.793764988009593,bord,bord,image,1582.0,4.793764988009593,matgrupp,0.0,1.0
bord,skrivbord,bordsskarm,asking,1,0.402,,,,,,,,,,,,,,,,,,,,,sänggavel,,
bord,bord,tradgardsbord,asking,1,0.82,,,,,,,,,,,bord,bord,image,0.0,1.0,bord,bord,image,0.0,1.0,bord,0.0,1.0
bord,matgrupp,1960-tal,realized,1,0.899,,,,,,,,,,,bord,bord,image,1748.0,0.27166666666666667,bord,bord,image,1748.0,0.27166666666666667,matgrupp,0.0,1.0
bord,bord,utdragsskivor,asking,1,0.465,,,,,,bord,bord,prior,0.0,1.0,,,,,,bord,bord,prior,0.0,1.0,bord,0.0,1.0
bord,sidobord,rotting,asking,1,0.434,,,,,,,,,,,,,,,,,,,,,okänd,,
bord,bord,trakista,asking,1,0.907,,,,,,,,,,,forvaring,forvaring,image,,,forvaring,forvaring,image,,,byrå,,
bord,bord,1800-tal,realized,1,0.975,,,,,,,,,,,bord,bord,image,0.0,1.0,bord,bord,image,0.0,1.0,bord,0.0,1.0
bord,bord,hemnes,asking,1,0.613,,,,,,,,,,,,,,,,,,,,,byrå,,
bord,skrivbord,bekant,asking,1,0.946,,,,,,bord,bord,prior,350.0,0.7941176470588235,bord,bord,image,350.0,0.7941176470588235,bord,bord,prior,350.0,0.7941176470588235,bord,350.0,0.7941176470588235
bord,bord,barbord,asking,1,0.895,,,,,,,,,,,stol,stol,image,37.5,0.9423076923076923,stol,stol,image,37.5,0.9423076923076923,stol,37.5,0.9423076923076923
bord,matgrupp,trabord,asking,1,0.924,,,,,,,,,,,bord,bord,image,58.5,0.9297719087635054,bord,bord,image,58.5,0.9297719087635054,matgrupp,0.0,1.0
bord,matbord,hampton,asking,1,1.0,,,,,,,,,,,bord,bord,image,,,bord,bord,image,,,matbord,0.0,1.0
bord,soffbord,trabord,asking,1,0.852,,,,,,bord,bord,prior,99.5,1.1421428571428571,bord,bord,image,99.5,1.1421428571428571,bord,bord,prior,99.5,1.1421428571428571,bord,99.5,1.1421428571428571
bord,matgrupp,handgjort,asking,1,0.749,,,,,,,,,,,bord,bord,image,975.0,1.5064935064935066,bord,bord,image,975.0,1.5064935064935066,matgrupp,0.0,1.0
bord,matbord,designer,asking,1,0.974,,,,,,,,,,,bord,bord,image,1600.0,0.6444444444444445,bord,bord,image,1600.0,0.6444444444444445,matgrupp,500.0,0.8888888888888888
bord,bord,pro,asking,1,0.328,,,,,,bord,bord,prior,0.0,1.0,,,,,,bord,bord,prior,0.0,1.0,okänd,,
bord,soffbord,ovalt,asking,1,1.0,,,,,,bord,bord,prior,175.0,0.7666666666666667,bord,bord,image,175.0,0.7666666666666667,bord,bord,prior,175.0,0.7666666666666667,bord,175.0,0.7666666666666667
bord,bord,glasbord,asking,4,0.975,,,,,,,,,,,bord,bord,image,0.0,1.0,bord,bord,image,0.0,1.0,bord,0.0,1.0
bord,soffbord,hejnum,realized,1,1.0,,,,,,bord,bord,prior,,,bord,bord,image,,,bord,bord,prior,,,bord,,
bord,bord,bank,realized,1,0.974,,,,,,,,,,,bord,bord,image,0.0,1.0,bord,bord,image,0.0,1.0,bord,0.0,1.0
bord,bord,matta,asking,1,0.895,,,,,,,,,,,bord,bord,image,0.0,1.0,bord,bord,image,0.0,1.0,matgrupp,433.0,1.481111111111111
bord,soffbord,erik,asking,1,0.934,,,,,,,,,,,bord,bord,image,1000.0,1.625,bord,bord,image,1000.0,1.625,bord,1000.0,1.625
bord,bord,matrumsmobel,asking,1,1.0,,,,,,,,,,,bord,bord,image,0.0,1.0,bord,bord,image,0.0,1.0,matgrupp,,
bord,bord,underhylla,realized,1,0.975,,,,,,,,,,,bord,bord,image,0.0,1.0,bord,bord,image,0.0,1.0,bord,0.0,1.0
bord,bord,gamingbord,asking,1,1.0,,,,,,,,,,,bord,bord,image,0.0,1.0,bord,bord,image,0.0,1.0,bord,0.0,1.0
bord,soffbord,metallben,asking,1,0.975,,,,,,,,,,,soffa,soffa,image,1100.0,3.2,soffa,soffa,image,1100.0,3.2,soffa,1100.0,3.2
bord,matbord,nypris,asking,1,1.0,,,,,,,,,,,bord,bord,image,2254.0,0.3995737879595099,bord,bord,image,2254.0,0.3995737879595099,matbord,0.0,1.0
bord,skrivbord,svavande,asking,1,0.913,,,,,,,,,,,bord,bord,image,,,bord,bord,image,,,bord,,
bord,skrivbord,skrivbordsstol,asking,1,0.597,,,,,,,,,,,,,,,,,,,,,stol,100.0,1.25
bord,soffbord,table,realized,1,1.0,,,,,,,,,,,bord,bord,image,50.5,0.9809469911337484,bord,bord,image,50.5,0.9809469911337484,bord,50.5,0.9809469911337484
bord,sidobord,art,asking,1,0.92,,,,,,,,,,,bord,bord,image,800.0,0.5555555555555556,bord,bord,image,800.0,0.5555555555555556,bord,800.0,0.5555555555555556
bord,bord,nyrokoko,realized,1,1.0,,,,,,,,,,,bord,bord,image,0.0,1.0,bord,bord,image,0.0,1.0,bord,0.0,1.0
bord,bord,trebent,asking,1,0.976,,,,,,,,,,,bord,bord,image,0.0,1.0,bord,bord,image,0.0,1.0,bord,0.0,1.0
bord,soffbord,ferm,asking,1,0.972,,,,,,,,,,,bord,bord,image,6600.0,0.2235294117647059,bord,bord,image,6600.0,0.2235294117647059,bord,6600.0,0.2235294117647059
bord,matgrupp,rustikt,asking,1,0.974,,,,,,stol,stol,prior,,,bord,bord,image,1533.0,3.2983508245877062,stol,stol,prior,,,matgrupp,0.0,1.0
bord,sidobord,rottingbord,asking,1,0.736,,,,,,,,,,,stol,stol,image,,,stol,stol,image,,,stol,,
bord,bord,guldfargad,asking,1,0.686,,,,,,,,,,,,,,,,,,,,,okänd,,
bord,skrivbord,ooppnad,asking,1,0.683,,,,,,bord,bord,prior,105.0,1.075268817204301,,,,,,bord,bord,prior,105.0,1.075268817204301,stol,295.0,0.7885304659498208
bord,skrivbord,forvaring,asking,1,0.716,,,,,,,,,,,forvaring,forvaring,image,100.0,0.8571428571428571,forvaring,forvaring,image,100.0,0.8571428571428571,okänd,,
bord,matbord,3-i-1,asking,1,1.0,,,,,,,,,,,bord,bord,image,,,bord,bord,image,,,bord,,
bord,sidobord,antikt,asking,1,0.973,,,,,,,,,,,bord,bord,image,777.5,2.0761245674740483,bord,bord,image,777.5,2.0761245674740483,bord,777.5,2.0761245674740483
bord,matgrupp,sex,asking,1,0.973,,,,,,,,,,,bord,bord,image,1475.0,3.95,bord,bord,image,1475.0,3.95,matbord,1783.5,4.567
bord,skrivbord,bordsskiva,asking,1,0.537,,,,,,,,,,,,,,,,,,,,,bord,139.5,1.4407582938388626
bord,bord,gramalade,realized,1,0.541,,,,,,,,,,,,,,,,,,,,,byrå,,
bord,bord,unikt,asking,1,0.824,,,,,,bord,bord,prior,0.0,1.0,forvaring,forvaring,image,1500.0,1.6,bord,bord,prior,0.0,1.0,hylla,833.0,0.6668
bord,matbord,ilva,asking,1,0.572,,,,,,,,,,,,,,,,,,,,,hylla,2550.0,0.2153846153846154
bord,matbord,trastolar,asking,1,1.0,,,,,,,,,,,bord,bord,image,600.0,0.45454545454545453,bord,bord,image,600.0,0.45454545454545453,matgrupp,725.0,0.3409090909090909
bord,bord,malat,asking,1,0.974,,,,,,,,,,,stol,stol,image,,,stol,stol,image,,,stol,,
bord,matbord,mio,asking,1,0.951,,,,,,,,,,,bord,bord,image,1050.0,0.4,bord,bord,image,1050.0,0.4,matbord,0.0,1.0
bord,soffbord,asplund,asking,1,0.55,,,,,,,,,,,,,,,,,,,,,bord,4400.0,0.4823529411764706
bord,matbord,gediget,asking,1,1.0,,,,,,,,,,,bord,bord,image,87.5,1.0486111111111112,bord,bord,image,87.5,1.0486111111111112,matbord,0.0,1.0
bord,matbord,hay,asking,1,0.615,,,,,,,,,,,,,,,,,,,,,stol,2750.0,0.3125
bord,bord,extra,asking,1,1.0,,,,,,,,,,,bord,bord,image,0.0,1.0,bord,bord,image,0.0,1.0,bord,0.0,1.0
bord,bord,2st,asking,1,1.0,,,,,,,,,,,bord,bord,image,0.0,1.0,bord,bord,image,0.0,1.0,bord,0.0,1.0
bord,bord,dekorativt,asking,1,0.907,,,,,,,,,,,bord,bord,image,0.0,1.0,bord,bord,image,0.0,1.0,bord,0.0,1.0
bord,skrivbord,dpj,asking,1,0.526,,,,,,bord,bord,prior,600.0,1.3,,,,,,bord,bord,prior,600.0,1.3,okänd,,
bord,matgrupp,gustaviansk,asking,1,0.951,,,,,,,,,,,stol,stol,image,400.0,0.5555555555555556,stol,stol,image,400.0,0.5555555555555556,stol,400.0,0.5555555555555556
bord,skrivbord,hogt,asking,1,0.974,,,,,,,,,,,bord,bord,image,50.0,0.9230769230769231,bord,bord,image,50.0,0.9230769230769231,bord,50.0,0.9230769230769231
bord,bord,balkongbord,asking,1,0.893,,,,,,,,,,,bord,bord,image,0.0,1.0,bord,bord,image,0.0,1.0,bord,0.0,1.0
bord,bord,mitt,realized,1,1.0,,,,,,,,,,,bord,bord,image,0.0,1.0,bord,bord,image,0.0,1.0,bord,0.0,1.0
bord,bord,saljes,asking,1,0.948,,,,,,,,,,,bord,bord,image,0.0,1.0,bord,bord,image,0.0,1.0,byrå,,
bord,soffbord,imitation,asking,1,0.973,,,,,,,,,,,bord,bord,image,,,bord,bord,image,,,bord,,
bord,bord,elegant,asking,1,0.405,,,,,,,,,,,,,,,,,,,,,hylla,550.5,0.633
bord,bord,barbord,asking,1,0.949,,,,,,,,,,,bord,bord,image,0.0,1.0,bord,bord,image,0.0,1.0,bord,0.0,1.0
bord,skrivbord,mio,asking,1,0.974,,,,,,,,,,,bord,bord,image,50.0,1.0769230769230769,bord,bord,image,50.0,1.0769230769230769,bord,50.0,1.0769230769230769
bord,sidobord,bemalad,realized,1,0.685,,,,,,,,,,,,,,,,,,,,,okänd,,
bord,sidobord,antikt,asking,1,1.0,,,,,,,,,,,bord,bord,image,777.5,2.0761245674740483,bord,bord,image,777.5,2.0761245674740483,bord,777.5,2.0761245674740483
bord,soffbord,boconcept,asking,1,0.788,,,,,,,,,,,bord,bord,image,490.0,1.245,bord,bord,image,490.0,1.245,bord,490.0,1.245
bord,skrivbord,chiffonje,asking,1,0.801,,,,,,forvaring,forvaring,prior,500.0,1.7142857142857142,forvaring,forvaring,image,500.0,1.7142857142857142,forvaring,forvaring,prior,500.0,1.7142857142857142,okänd,,
bord,soffbord,tingstroms,realized,1,0.943,,,,,,,,,,,bord,bord,image,150.0,0.7857142857142857,bord,bord,image,150.0,0.7857142857142857,bord,150.0,0.7857142857142857
bord,soffbord,vittsjo,asking,1,0.827,,,,,,,,,,,soffa,soffa,image,50.0,1.2,soffa,soffa,image,50.0,1.2,soffa,50.0,1.2
bord,skrivbord,engelsk,realized,1,0.977,,,,,,,,,,,bord,bord,image,850.0,0.2916666666666667,bord,bord,image,850.0,0.2916666666666667,bord,850.0,0.2916666666666667
bord,matbord,superellips,asking,1,1.0,,,,,,stol,stol,prior,1000.0,0.8571428571428571,bord,bord,image,1000.0,0.8571428571428571,stol,stol,prior,1000.0,0.8571428571428571,matbord,0.0,1.0
bord,skrivbord,vittsjo,asking,1,0.835,,,,,,,,,,,bord,bord,image,0.0,1.0,bord,bord,image,0.0,1.0,bord,0.0,1.0
bord,matbord,sunday,asking,1,0.733,,,,,,,,,,,bord,bord,image,,,bord,bord,image,,,matbord,0.0,1.0
bord,sidobord,idanas,asking,1,0.626,,,,,,,,,,,,,,,,,,,,,byrå,,
bord,matgrupp,brafab,asking,1,0.971,,,,,,,,,,,bord,bord,image,983.0,1.7463933181473046,bord,bord,image,983.0,1.7463933181473046,matgrupp,0.0,1.0
bord,bord,art,asking,1,0.81,,,,,,,,,,,bord,bord,image,0.0,1.0,bord,bord,image,0.0,1.0,bord,0.0,1.0
bord,soffbord,stilrent,asking,1,0.973,,,,,,,,,,,bord,bord,image,200.0,0.7777777777777778,bord,bord,image,200.0,0.7777777777777778,bord,200.0,0.7777777777777778
bord,matgrupp,rowico,asking,1,0.975,,,,,,,,,,,stol,stol,image,1735.0,0.2874743326488706,stol,stol,image,1735.0,0.2874743326488706,stol,1735.0,0.2874743326488706
bord,soffbord,glasskiva,asking,1,0.665,,,,,,,,,,,,,,,,,,,,,soffa,506.0,1.6746666666666667
bord,matbord,kari,asking,1,1.0,,,,,,,,,,,bord,bord,image,,,bord,bord,image,,,bord,,
bord,matbord,asplund,asking,1,1.0,,,,,,,,,,,bord,bord,image,14000.0,0.2222222222222222,bord,bord,image,14000.0,0.2222222222222222,bord,14000.0,0.2222222222222222
bord,skrivbord,antikt,asking,1,0.832,,,,,,,,,,,bord,bord,image,300.0,0.8333333333333334,bord,bord,image,300.0,0.8333333333333334,bord,300.0,0.8333333333333334
bord,bord,slagbord,asking,1,1.0,,,,,,bord,bord,prior,0.0,1.0,bord,bord,image,0.0,1.0,bord,bord,prior,0.0,1.0,bord,0.0,1.0
bord,bord,slagbord,realized,1,0.975,,,,,,,,,,,bord,bord,image,0.0,1.0,bord,bord,image,0.0,1.0,bord,0.0,1.0
bord,skrivbord,manuellt,asking,1,0.901,,,,,,bord,bord,prior,,,bord,bord,image,,,bord,bord,prior,,,bord,,
bord,skrivbord,valvardat,asking,1,1.0,,,,,,,,,,,bord,bord,image,,,bord,bord,image,,,bord,,
bord,bord,klaffbord,asking,1,1.0,,,,,,,,,,,bord,bord,image,0.0,1.0,bord,bord,image,0.0,1.0,bord,0.0,1.0
bord,matbord,mio,asking,1,1.0,,,,,,,,,,,bord,bord,image,1050.0,0.4,bord,bord,image,1050.0,0.4,bord,1050.0,0.4
bord,bord,lador,asking,1,0.843,,,,,,forvaring,forvaring,prior,25.0,1.0357142857142858,sang,sang,image,800.0,2.142857142857143,forvaring,forvaring,prior,25.0,1.0357142857142858,säng,,
bord,skrivbord,bordsskiva,asking,1,1.0,,,,,,,,,,,bord,bord,image,173.5,1.5481832543443919,bord,bord,image,173.5,1.5481832543443919,bord,173.5,1.5481832543443919
bord,bord,grange,realized,1,1.0,,,,,,,,,,,bord,bord,image,0.0,1.0,bord,bord,image,0.0,1.0,bord,0.0,1.0
bord,soffbord,marmorbord,asking,1,1.0,,,,,,,,,,,bord,bord,image,500.0,1.3846153846153846,bord,bord,image,500.0,1.3846153846153846,bord,500.0,1.3846153846153846
bord,skrivbord,bordsskiva,asking,1,0.889,,,,,,,,,,,forvaring,forvaring,image,,,forvaring,forvaring,image,,,okänd,,
bord,bord,tonstad,asking,1,0.916,,,,,,,,,,,bord,bord,image,0.0,1.0,bord,bord,image,0.0,1.0,byrå,,
bord,soffbord,mio,asking,1,0.823,,,,,,,,,,,bord,bord,image,300.0,0.7,bord,bord,image,300.0,0.7,bord,300.0,0.7
bord,matbord,hay,asking,1,0.754,,,,,,,,,,,bord,bord,image,1500.0,0.625,bord,bord,image,1500.0,0.625,bord,1500.0,0.625
bord,bord,antikt,asking,1,0.887,,,,,,,,,,,bord,bord,image,0.0,1.0,bord,bord,image,0.0,1.0,bord,0.0,1.0
bord,sidobord,stabila,asking,1,1.0,,,,,,stol,stol,prior,,,bord,bord,image,,,stol,stol,prior,,,bord,,
bord,soffbord,samtida,realized,1,1.0,,,,,,,,,,,bord,bord,image,475.0,0.6122448979591837,bord,bord,image,475.0,0.6122448979591837,bord,475.0,0.6122448979591837
bord,sidobord,porslin,realized,1,0.65,,,,,,,,,,,,,,,,,,,,,byrå,,
bord,matbord,premium,asking,1,0.921,,,,,,,,,,,bord,bord,image,,,bord,bord,image,,,matgrupp,,
bord,sidobord,marmorskiva,asking,1,1.0,,,,,,,,,,,bord,bord,image,100.0,1.1111111111111112,bord,bord,image,100.0,1.1111111111111112,bord,100.0,1.1111111111111112
bord,bord,grillbord,asking,1,1.0,,,,,,,,,,,bord,bord,image,0.0,1.0,bord,bord,image,0.0,1.0,bord,0.0,1.0
bord,bord,utemobel,asking,1,0.657,,,,,,,,,,,,,,,,,,,,,stol,412.5,0.5285714285714286
bord,bord,1960-tal,asking,1,0.975,,,,,,,,,,,bord,bord,image,0.0,1.0,bord,bord,image,0.0,1.0,byrå,,
bord,soffbord,mio,asking,1,1.0,,,,,,,,,,,bord,bord,image,300.0,0.7,bord,bord,image,300.0,0.7,bord,300.0,0.7
bord,bord,vardagsrumsbord,asking,4,1.0,,,,,,bord,bord,prior,0.0,1.0,bord,bord,image,0.0,1.0,bord,bord,prior,0.0,1.0,bord,0.0,1.0
bord,soffbord,inredning,asking,1,0.948,,,,,,forvaring,forvaring,prior,3200.0,0.28888888888888886,sang,sang,image,3500.0,0.2222222222222222,forvaring,forvaring,prior,3200.0,0.28888888888888886,säng,,
bord,sidobord,ekmobler,realized,1,0.891,,,,,,,,,,,forvaring,forvaring,image,,,forvaring,forvaring,image,,,hylla,,
bord,bord,marmorbord,asking,4,1.0,,,,,,,,,,,bord,bord,image,0.0,1.0,bord,bord,image,0.0,1.0,bord,0.0,1.0
bord,soffbord,fjallbo,asking,1,0.93,,,,,,,,,,,bord,bord,image,50.0,1.1428571428571428,bord,bord,image,50.0,1.1428571428571428,bord,50.0,1.1428571428571428
bord,soffbord,lyxigt,asking,1,0.921,,,,,,,,,,,bord,bord,image,2000.0,0.3333333333333333,bord,bord,image,2000.0,0.3333333333333333,bord,2000.0,0.3333333333333333
bord,bord,halvmanebord,asking,1,1.0,,,,,,bord,bord,prior,0.0,1.0,bord,bord,image,0.0,1.0,bord,bord,prior,0.0,1.0,bord,0.0,1.0
bord,bord,linoleum,asking,1,0.487,,,,,,sang,sang,prior,,,,,,,,sang,sang,prior,,,del/tillbehör,,
bord,matbord,mobler,asking,1,0.911,,,,,,,,,,,bord,bord,image,700.0,0.631578947368421,bord,bord,image,700.0,0.631578947368421,bord,700.0,0.631578947368421
bord,bord,ellipsformat,asking,1,0.82,,,,,,bord,bord,prior,0.0,1.0,bord,bord,image,0.0,1.0,bord,bord,prior,0.0,1.0,matgrupp,,
bord,matbord,norden,asking,1,0.875,,,,,,bord,bord,prior,75.0,1.0810810810810811,bord,bord,image,75.0,1.0810810810810811,bord,bord,prior,75.0,1.0810810810810811,matbord,0.0,1.0
bord,skrivbord,hjul,asking,1,0.861,,,,,,,,,,,bord,bord,image,50.0,1.1111111111111112,bord,bord,image,50.0,1.1111111111111112,bord,50.0,1.1111111111111112
bord,matgrupp,gediget,asking,1,1.0,,,,,,,,,,,bord,bord,image,1175.0,2.46875,bord,bord,image,1175.0,2.46875,matgrupp,0.0,1.0
bord,bord,lisabo,asking,1,0.974,,,,,,bord,bord,prior,0.0,1.0,bord,bord,image,0.0,1.0,bord,bord,prior,0.0,1.0,matbord,0.0,1.0
bord,skrivbord,skrivbordsstol,realized,1,0.631,,,,,,,,,,,,,,,,,,,,,stol,302.5,0.6982543640897756
bord,bord,lisabo,asking,1,1.0,,,,,,bord,bord,prior,0.0,1.0,bord,bord,image,0.0,1.0,bord,bord,prior,0.0,1.0,bord,0.0,1.0
bord,matbord,ilaggsskiva,asking,1,1.0,,,,,,,,,,,bord,bord,image,0.0,1.0,bord,bord,image,0.0,1.0,bord,0.0,1.0
bord,bord,hopfallbart,asking,1,1.0,,,,,,bord,bord,prior,0.0,1.0,bord,bord,image,0.0,1.0,bord,bord,prior,0.0,1.0,bord,0.0,1.0
bord,matgrupp,spencer,asking,1,0.949,,,,,,,,,,,bord,bord,image,,,bord,bord,image,,,matgrupp,0.0,1.0
bord,skrivbord,skrivbordsstol,realized,1,0.821,,,,,,,,,,,stol,stol,image,269.5,0.7311720698254364,stol,stol,image,269.5,0.7311720698254364,stol,269.5,0.7311720698254364
bord,bord,rottingbord,asking,2,0.975,,,,,,,,,,,bord,bord,image,0.0,1.0,bord,bord,image,0.0,1.0,bord,0.0,1.0
bord,matbord,brge,realized,1,1.0,,,,,,,,,,,bord,bord,image,916.0,0.8612121212121212,bord,bord,image,916.0,0.8612121212121212,bord,916.0,0.8612121212121212
bord,bord,kuvertbord,realized,1,1.0,,,,,,,,,,,bord,bord,image,0.0,1.0,bord,bord,image,0.0,1.0,bord,0.0,1.0
bord,bord,satsbord,asking,2,0.569,,,,,,bord,bord,prior,0.0,1.0,,,,,,bord,bord,prior,0.0,1.0,bord,0.0,1.0
bord,soffbord,brafab,asking,1,1.0,,,,,,,,,,,bord,bord,image,1005.0,1.7204301075268817,bord,bord,image,1005.0,1.7204301075268817,bord,1005.0,1.7204301075268817
bord,matbord,rustikt,asking,1,1.0,,,,,,bord,bord,prior,1000.0,0.6666666666666666,bord,bord,image,1000.0,0.6666666666666666,bord,bord,prior,1000.0,0.6666666666666666,matgrupp,2333.0,0.22233333333333333
bord,bord,inbyggd,asking,1,0.884,,,,,,,,,,,bord,bord,image,0.0,1.0,bord,bord,image,0.0,1.0,bord,0.0,1.0
bord,bord,tv-bord,asking,1,0.823,,,,,,,,,,,bord,bord,image,0.0,1.0,bord,bord,image,0.0,1.0,okänd,,
bord,bord,ekbord,asking,1,1.0,,,,,,,,,,,bord,bord,image,0.0,1.0,bord,bord,image,0.0,1.0,matgrupp,1725.0,0.2247191011235955
bord,matbord,mio,asking,1,0.899,,,,,,,,,,,bord,bord,image,1050.0,0.4,bord,bord,image,1050.0,0.4,matgrupp,675.0,0.6142857142857143
bord,bord,utdragsskivor,realized,1,0.973,,,,,,bord,bord,prior,0.0,1.0,bord,bord,image,0.0,1.0,bord,bord,prior,0.0,1.0,matbord,1205.0,3.0083333333333333
bord,bord,faner,asking,1,1.0,,,,,,,,,,,bord,bord,image,0.0,1.0,bord,bord,image,0.0,1.0,matbord,725.0,1.935483870967742
bord,bord,hallmobel,asking,1,0.924,,,,,,,,,,,soffa,soffa,image,0.0,1.0,soffa,soffa,image,0.0,1.0,soffa,0.0,1.0
bord,bord,hay,asking,1,0.925,,,,,,,,,,,bord,bord,image,0.0,1.0,bord,bord,image,0.0,1.0,bord,0.0,1.0
bord,skrivbord,nyrenassans,realized,1,0.539,,,,,,,,,,,,,,,,,,,,,bord,450.0,0.5
bord,bord,loungegrupp,asking,2,0.823,,,,,,,,,,,stol,stol,image,1400.0,0.5172413793103449,stol,stol,image,1400.0,0.5172413793103449,fåtölj,,
bord,sidobord,renassansstil,realized,1,1.0,,,,,,,,,,,bord,bord,image,300.0,1.8571428571428572,bord,bord,image,300.0,1.8571428571428572,bord,300.0,1.8571428571428572
bord,matgrupp,mer,asking,1,0.95,,,,,,,,,,,bord,bord,image,,,bord,bord,image,,,matgrupp,0.0,1.0
bord,bord,slut,realized,1,0.947,,,,,,,,,,,bord,bord,image,0.0,1.0,bord,bord,image,0.0,1.0,byrå,,
bord,matgrupp,fyra,asking,2,0.922,,,,,,,,,,,bord,bord,image,525.0,2.235294117647059,bord,bord,image,525.0,2.235294117647059,matgrupp,0.0,1.0
bord,bord,vackert,asking,1,0.621,,,,,,,,,,,,,,,,,,,,,okänd,,
bord,bord,ute,asking,1,1.0,,,,,,,,,,,bord,bord,image,0.0,1.0,bord,bord,image,0.0,1.0,bord,0.0,1.0
bord,matbord,utdragbart,asking,1,0.975,,,,,,bord,bord,prior,75.0,0.9302325581395349,bord,bord,image,75.0,0.9302325581395349,bord,bord,prior,75.0,0.9302325581395349,bord,75.0,0.9302325581395349
bord,skrivbord,gamingbord,asking,1,1.0,,,,,,,,,,,bord,bord,image,72.5,0.9254498714652957,bord,bord,image,72.5,0.9254498714652957,bord,72.5,0.9254498714652957
bord,skrivbord,jysk,asking,1,0.504,,,,,,,,,,,,,,,,,,,,,del/tillbehör,,
bord,bord,1800-talets,realized,1,0.59,,,,,,,,,,,,,,,,,,,,,bord,0.0,1.0
bord,matbord,hans,asking,1,1.0,,,,,,,,,,,bord,bord,image,4300.0,0.362962962962963,bord,bord,image,4300.0,0.362962962962963,matbord,0.0,1.0
bord,matbord,mio,asking,1,0.95,,,,,,,,,,,bord,bord,image,1050.0,0.4,bord,bord,image,1050.0,0.4,matgrupp,671.0,0.6165714285714285
bord,bord,rodlackerade,realized,1,0.919,,,,,,stol,stol,prior,,,bord,bord,image,0.0,1.0,stol,stol,prior,,,byrå,,
bord,bord,forgyllt,realized,1,0.948,,,,,,,,,,,bord,bord,image,0.0,1.0,bord,bord,image,0.0,1.0,bord,0.0,1.0
bord,soffbord,80cm,asking,1,0.926,,,,,,,,,,,bord,bord,image,830.0,1.8556701030927836,bord,bord,image,830.0,1.8556701030927836,bord,830.0,1.8556701030927836
bord,bord,utegrupp,asking,1,0.581,,,,,,,,,,,,,,,,,,,,,stol,1499.0,0.25012506253126565
bord,soffbord,bruno,asking,1,1.0,,,,,,,,,,,bord,bord,image,2055.0,1.697792869269949,bord,bord,image,2055.0,1.697792869269949,bord,2055.0,1.697792869269949
bord,matgrupp,tva,asking,1,0.95,,,,,,,,,,,bord,bord,image,208.5,1.5325670498084292,bord,bord,image,208.5,1.5325670498084292,matgrupp,0.0,1.0
bord,soffbord,rejalt,asking,1,0.949,,,,,,,,,,,bord,bord,image,900.0,2.0588235294117645,bord,bord,image,900.0,2.0588235294117645,bord,900.0,2.0588235294117645
bord,skrivbord,sminkbord,asking,1,0.846,,,,,,bord,bord,prior,200.0,1.4,bord,bord,image,200.0,1.4,bord,bord,prior,200.0,1.4,bord,200.0,1.4
bord,soffbord,120cm,asking,1,0.575,,,,,,sang,sang,prior,150.0,1.0857142857142856,,,,,,sang,sang,prior,150.0,1.0857142857142856,stol,1500.0,1.8571428571428572
bord,bord,glasbord,asking,1,1.0,,,,,,,,,,,bord,bord,image,0.0,1.0,bord,bord,image,0.0,1.0,bord,0.0,1.0
bord,soffbord,gammalt,asking,1,1.0,,,,,,,,,,,bord,bord,image,150.0,1.1875,bord,bord,image,150.0,1.1875,bord,150.0,1.1875
bord,soffbord,glasbord,asking,1,0.683,,,,,,,,,,,,,,,,,,,,,bord,600.0,0.5384615384615384
bord,matbord,ilaggsskiva,asking,2,0.95,,,,,,bord,bord,prior,0.0,1.0,bord,bord,image,0.0,1.0,bord,bord,prior,0.0,1.0,matgrupp,958.0,0.36133333333333334
bord,bord,betty,asking,1,0.704,,,,,,,,,,,bord,bord,image,0.0,1.0,bord,bord,image,0.0,1.0,bord,0.0,1.0
bord,bord,tradgardsmobler,asking,1,0.483,,,,,,,,,,,,,,,,,,,,,stol,1581.5,0.20925
bord,bord,erik,realized,1,1.0,,,,,,,,,,,bord,bord,image,0.0,1.0,bord,bord,image,0.0,1.0,byrå,,
bord,matbord,hopfallbart,asking,1,0.968,,,,,,bord,bord,prior,850.0,0.2916666666666667,bord,bord,image,850.0,0.2916666666666667,bord,bord,prior,850.0,0.2916666666666667,bord,850.0,0.2916666666666667
bord,matbord,cafebord,realized,1,1.0,,,,,,,,,,,bord,bord,image,24.5,0.9727777777777777,bord,bord,image,24.5,0.9727777777777777,bord,24.5,0.9727777777777777
bord,skrivbord,algot,asking,1,0.46,,,,,,,,,,,,,,,,,,,,,hylla,,
bord,sidobord,lack,asking,2,1.0,,,,,,,,,,,bord,bord,image,49.5,1.99,bord,bord,image,49.5,1.99,bord,49.5,1.99
bord,matbord,korsbarstra,asking,1,0.846,,,,,,,,,,,bord,bord,image,100.0,0.9743589743589743,bord,bord,image,100.0,0.9743589743589743,matbord,0.0,1.0
bord,bord,pelarbord,asking,1,0.49,,,,,,bord,bord,prior,0.0,1.0,,,,,,bord,bord,prior,0.0,1.0,bord,0.0,1.0
bord,bord,carlstrom,realized,1,1.0,,,,,,bord,bord,prior,0.0,1.0,bord,bord,image,0.0,1.0,bord,bord,prior,0.0,1.0,byrå,,
bord,soffbord,hemnes,asking,1,1.0,,,,,,,,,,,bord,bord,image,0.0,1.0,bord,bord,image,0.0,1.0,bord,0.0,1.0
bord,bord,bjursta,asking,1,0.595,,,,,,bord,bord,prior,0.0,1.0,,,,,,bord,bord,prior,0.0,1.0,bord,0.0,1.0
bord,skrivbord,hoj,asking,1,0.974,,,,,,bord,bord,prior,300.0,0.8125,bord,bord,image,300.0,0.8125,bord,bord,prior,300.0,0.8125,bord,300.0,0.8125
bord,soffbord,mahognyfaner,realized,1,1.0,,,,,,,,,,,bord,bord,image,50.0,1.0909090909090908,bord,bord,image,50.0,1.0909090909090908,bord,50.0,1.0909090909090908
bord,matbord,kristensen,asking,1,0.9,,,,,,,,,,,bord,bord,image,500.0,0.9583333333333334,bord,bord,image,500.0,0.9583333333333334,matbord,0.0,1.0
bord,matgrupp,hans,asking,1,0.775,,,,,,,,,,,bord,bord,image,550.0,0.8166666666666667,bord,bord,image,550.0,0.8166666666666667,matbord,3750.0,2.25
bord,bord,barbord,asking,1,0.483,,,,,,,,,,,,,,,,,,,,,stol,12.5,0.9807692307692307
bord,bord,satsbord,realized,1,1.0,,,,,,,,,,,bord,bord,image,0.0,1.0,bord,bord,image,0.0,1.0,bord,0.0,1.0
bord,soffbord,art,asking,1,1.0,,,,,,,,,,,bord,bord,image,0.0,1.0,bord,bord,image,0.0,1.0,bord,0.0,1.0
bord,matbord,mio,asking,1,1.0,,,,,,,,,,,bord,bord,image,1050.0,0.4,bord,bord,image,1050.0,0.4,bord,1050.0,0.4
bord,soffbord,mio,asking,1,1.0,,,,,,,,,,,bord,bord,image,300.0,0.7,bord,bord,image,300.0,0.7,bord,300.0,0.7
bord,soffbord,ovalen,realized,1,1.0,,,,,,,,,,,bord,bord,image,150.0,1.25,bord,bord,image,150.0,1.25,bord,150.0,1.25
bord,matbord,antikt,asking,1,0.946,,,,,,bord,bord,prior,700.0,0.6818181818181818,bord,bord,image,700.0,0.6818181818181818,bord,bord,prior,700.0,0.6818181818181818,bord,700.0,0.6818181818181818
bord,bord,louis,realized,1,1.0,,,,,,,,,,,bord,bord,image,0.0,1.0,bord,bord,image,0.0,1.0,bord,0.0,1.0
bord,bord,masurbjork,realized,1,1.0,,,,,,,,,,,bord,bord,image,0.0,1.0,bord,bord,image,0.0,1.0,bord,0.0,1.0
bord,bord,charmigt,asking,1,0.948,,,,,,,,,,,bord,bord,image,0.0,1.0,bord,bord,image,0.0,1.0,byrå,,
bord,bord,annika,realized,1,1.0,,,,,,,,,,,bord,bord,image,0.0,1.0,bord,bord,image,0.0,1.0,bord,0.0,1.0
bord,skrivbord,leverans,asking,1,0.947,,,,,,bord,bord,prior,41.0,1.023308698123934,bord,bord,image,41.0,1.023308698123934,bord,bord,prior,41.0,1.023308698123934,bord,41.0,1.023308698123934
bord,sidobord,massing,asking,1,1.0,,,,,,,,,,,bord,bord,image,99.0,0.9009009009009009,bord,bord,image,99.0,0.9009009009009009,bord,99.0,0.9009009009009009
bord,matgrupp,balkongmobler,asking,1,0.906,,,,,,,,,,,bord,bord,image,525.0,2.909090909090909,bord,bord,image,525.0,2.909090909090909,matgrupp,0.0,1.0
bord,skrivbord,enkelt,asking,1,1.0,,,,,,,,,,,bord,bord,image,0.0,1.0,bord,bord,image,0.0,1.0,bord,0.0,1.0
bord,bord,tv-bord,asking,2,0.709,,,,,,,,,,,soffa,soffa,image,,,soffa,soffa,image,,,soffa,,
forvaring,vitrin,mio,asking,1,1.0,,,,,,,,,,,forvaring,forvaring,image,1500.0,0.4,forvaring,forvaring,image,1500.0,0.4,hylla,2100.0,0.16
forvaring,byra,gustaviansk,realized,1,1.0,,,,,,,,,,,forvaring,forvaring,image,151.0,0.8628519527702089,forvaring,forvaring,image,151.0,0.8628519527702089,byrå,,
forvaring,hylla,kallax,asking,1,0.968,,,,,,,,,,,forvaring,forvaring,image,0.0,1.0,forvaring,forvaring,image,0.0,1.0,hylla,0.0,1.0
forvaring,hylla,hat,asking,1,0.948,,,,,,forvaring,forvaring,prior,,,forvaring,forvaring,image,,,forvaring,forvaring,prior,,,hylla,0.0,1.0
forvaring,hylla,1940-tal,realized,1,1.0,,,,,,,,,,,forvaring,forvaring,image,700.0,1.7,forvaring,forvaring,image,700.0,1.7,hylla,0.0,1.0
forvaring,hylla,midtown,asking,1,1.0,,,,,,,,,,,forvaring,forvaring,image,,,forvaring,forvaring,image,,,hylla,0.0,1.0
forvaring,forvaring,pottskap,asking,1,0.912,,,,,,,,,,,forvaring,forvaring,image,0.0,1.0,forvaring,forvaring,image,0.0,1.0,byrå,,
forvaring,forvaring,barvagn,asking,1,1.0,,,,,,,,,,,forvaring,forvaring,image,0.0,1.0,forvaring,forvaring,image,0.0,1.0,hylla,,
forvaring,hylla,visingso,realized,1,0.905,,,,,,,,,,,forvaring,forvaring,image,200.0,0.8666666666666667,forvaring,forvaring,image,200.0,0.8666666666666667,hylla,0.0,1.0
forvaring,forvaring,masonit,realized,1,0.968,,,,,,,,,,,forvaring,forvaring,image,0.0,1.0,forvaring,forvaring,image,0.0,1.0,hylla,,
forvaring,forvaring,forvaringsskap,asking,1,1.0,,,,,,forvaring,forvaring,prior,0.0,1.0,forvaring,forvaring,image,0.0,1.0,forvaring,forvaring,prior,0.0,1.0,okänd,,
forvaring,vitrin,glasdorrar,asking,3,0.865,,,,,,forvaring,forvaring,prior,350.0,1.411764705882353,forvaring,forvaring,image,350.0,1.411764705882353,forvaring,forvaring,prior,350.0,1.411764705882353,okänd,,
forvaring,forvaring,mediabank,realized,1,0.975,,,,,,,,,,,forvaring,forvaring,image,0.0,1.0,forvaring,forvaring,image,0.0,1.0,hylla,,
forvaring,byra,1960-tal,realized,1,0.949,,,,,,,,,,,forvaring,forvaring,image,800.0,2.142857142857143,forvaring,forvaring,image,800.0,2.142857142857143,byrå,,
forvaring,skank,jakaranda,asking,1,1.0,,,,,,,,,,,forvaring,forvaring,image,3450.0,0.2736842105263158,forvaring,forvaring,image,3450.0,0.2736842105263158,byrå,,
forvaring,vitrin,englesson,asking,1,1.0,,,,,,,,,,,forvaring,forvaring,image,1625.0,0.7678571428571429,forvaring,forvaring,image,1625.0,0.7678571428571429,hylla,5000.0,0.2857142857142857
forvaring,forvaring,70-tal,asking,1,0.95,,,,,,,,,,,forvaring,forvaring,image,0.0,1.0,forvaring,forvaring,image,0.0,1.0,hylla,400.0,1.5714285714285714
forvaring,vitrin,belysning,asking,1,1.0,,,,,,,,,,,forvaring,forvaring,image,100.0,1.1111111111111112,forvaring,forvaring,image,100.0,1.1111111111111112,hylla,125.0,0.8611111111111112
forvaring,hylla,60-tal,asking,1,0.972,,,,,,,,,,,forvaring,forvaring,image,100.0,1.0666666666666667,forvaring,forvaring,image,100.0,1.0666666666666667,hylla,0.0,1.0
forvaring,hylla,handdukshangare,asking,1,0.92,,,,,,,,,,,bord,bord,image,,,bord,bord,image,,,bord,,
forvaring,hylla,trappedal,asking,1,0.525,,,,,,,,,,,,,,,,,,,,,hylla,0.0,1.0
forvaring,hylla,1940-tal,realized,1,0.937,,,,,,,,,,,bord,bord,image,450.0,0.55,bord,bord,image,450.0,0.55,bord,450.0,0.55
forvaring,forvaring,industriellt,asking,1,0.447,,,,,,,,,,,,,,,,,,,,,okänd,,
forvaring,byra,lada,asking,1,0.573,,,,,,,,,,,,,,,,,,,,,okänd,,
forvaring,forvaring,charmigt,asking,1,0.976,,,,,,,,,,,forvaring,forvaring,image,0.0,1.0,forvaring,forvaring,image,0.0,1.0,hylla,,
forvaring,hylla,whitewash,asking,2,1.0,,,,,,,,,,,forvaring,forvaring,image,2551.0,1.9451648758799556,forvaring,forvaring,image,2551.0,1.9451648758799556,hylla,0.0,1.0
forvaring,byra,elegant,asking,1,1.0,,,,,,,,,,,forvaring,forvaring,image,800.0,1.4210526315789473,forvaring,forvaring,image,800.0,1.4210526315789473,byrå,,
forvaring,hylla,kombinerad,asking,1,0.634,,,,,,,,,,,,,,,,,,,,,bord,52.5,1.1055276381909547
forvaring,vitrin,besta,asking,1,1.0,,,,,,forvaring,forvaring,prior,250.0,0.75,forvaring,forvaring,image,250.0,0.75,forvaring,forvaring,prior,250.0,0.75,hylla,400.0,0.6
forvaring,forvaring,marbodal,asking,1,1.0,,,,,,forvaring,forvaring,prior,0.0,1.0,forvaring,forvaring,image,0.0,1.0,forvaring,forvaring,prior,0.0,1.0,hylla,20.0,1.0222222222222221
forvaring,skank,stilrent,asking,1,0.675,,,,,,bord,bord,prior,100.0,0.875,,,,,,bord,bord,prior,100.0,0.875,byrå,,
forvaring,byra,trysil,asking,1,0.0,,,,,,,,,,,,,,,,,,,,,,,
forvaring,hylla,tv-bank,asking,1,0.605,,,,,,,,,,,,,,,,,,,,,hylla,0.0,1.0
forvaring,skank,gustaviansk,asking,1,0.924,,,,,,,,,,,forvaring,forvaring,image,1100.0,0.56,forvaring,forvaring,image,1100.0,0.56,byrå,,
forvaring,forvaring,nyckelskap,asking,1,0.696,,,,,,,,,,,,,,,,,,,,,spegel,165.0,1.702127659574468
forvaring,byra,sengustaviansk,realized,1,1.0,,,,,,,,,,,forvaring,forvaring,image,73.0,0.9635,forvaring,forvaring,image,73.0,0.9635,byrå,,
forvaring,forvaring,gustavianskt,asking,1,0.975,,,,,,,,,,,forvaring,forvaring,image,0.0,1.0,forvaring,forvaring,image,0.0,1.0,hylla,,
forvaring,byra,borjan,realized,1,1.0,,,,,,,,,,,forvaring,forvaring,image,400.0,1.25,forvaring,forvaring,image,400.0,1.25,byrå,,
forvaring,forvaring,arkivskap,asking,1,1.0,,,,,,forvaring,forvaring,prior,0.0,1.0,forvaring,forvaring,image,0.0,1.0,forvaring,forvaring,prior,0.0,1.0,byrå,,
forvaring,forvaring,toppskick,asking,1,1.0,,,,,,forvaring,forvaring,prior,0.0,1.0,forvaring,forvaring,image,0.0,1.0,forvaring,forvaring,prior,0.0,1.0,hylla,3250.0,0.23529411764705882
forvaring,forvaring,bokskap,realized,1,0.974,,,,,,,,,,,forvaring,forvaring,image,0.0,1.0,forvaring,forvaring,image,0.0,1.0,hylla,300.0,1.09375
forvaring,hylla,lundia,asking,1,1.0,,,,,,,,,,,forvaring,forvaring,image,,,forvaring,forvaring,image,,,hylla,0.0,1.0
forvaring,vitrin,string,asking,1,0.974,,,,,,forvaring,forvaring,prior,325.0,1.146067415730337,forvaring,forvaring,image,325.0,1.146067415730337,forvaring,forvaring,prior,325.0,1.146067415730337,hylla,926.0,0.5838202247191011
forvaring,byra,furubyra,asking,1,0.975,,,,,,forvaring,forvaring,prior,,,forvaring,forvaring,image,,,forvaring,forvaring,prior,,,byrå,,
forvaring,byra,nyrenassans,realized,1,1.0,,,,,,,,,,,forvaring,forvaring,image,1385.0,2.937062937062937,forvaring,forvaring,image,1385.0,2.937062937062937,byrå,,
forvaring,hylla,eller,asking,1,0.89,,,,,,,,,,,bord,bord,image,100.0,1.25,bord,bord,image,100.0,1.25,bord,100.0,1.25
forvaring,vitrin,besta,asking,1,0.654,,,,,,forvaring,forvaring,prior,250.0,0.75,,,,,,forvaring,forvaring,prior,250.0,0.75,del/tillbehör,,
forvaring,hylla,forvaringshyllor,asking,1,0.969,,,,,,,,,,,forvaring,forvaring,image,,,forvaring,forvaring,image,,,hylla,0.0,1.0
forvaring,byra,besta,asking,1,0.957,,,,,,forvaring,forvaring,prior,250.0,0.75,forvaring,forvaring,image,250.0,0.75,forvaring,forvaring,prior,250.0,0.75,okänd,,
forvaring,hylla,swedish,realized,1,1.0,,,,,,,,,,,forvaring,forvaring,image,910.5,1.4138636363636363,forvaring,forvaring,image,910.5,1.4138636363636363,hylla,0.0,1.0
forvaring,forvaring,industriskap,asking,1,1.0,,,,,,,,,,,forvaring,forvaring,image,0.0,1.0,forvaring,forvaring,image,0.0,1.0,hylla,,
forvaring,byra,forvaringsbyra,asking,1,1.0,,,,,,forvaring,forvaring,prior,,,forvaring,forvaring,image,,,forvaring,forvaring,prior,,,hylla,,
forvaring,hylla,step,asking,1,0.972,,,,,,,,,,,forvaring,forvaring,image,,,forvaring,forvaring,image,,,hylla,0.0,1.0
forvaring,forvaring,vackert,asking,1,1.0,,,,,,,,,,,forvaring,forvaring,image,0.0,1.0,forvaring,forvaring,image,0.0,1.0,hylla,175.0,1.0642201834862386
forvaring,byra,frostat,asking,1,0.589,,,,,,forvaring,forvaring,prior,0.0,1.0,,,,,,forvaring,forvaring,prior,0.0,1.0,okänd,,
forvaring,forvaring,antikt,asking,1,0.453,,,,,,,,,,,,,,,,,,,,,hylla,950.0,0.6346153846153846
forvaring,forvaring,tv-skap,asking,1,0.621,,,,,,,,,,,,,,,,,,,,,okänd,,
forvaring,forvaring,eket,asking,1,0.583,,,,,,forvaring,forvaring,prior,0.0,1.0,,,,,,forvaring,forvaring,prior,0.0,1.0,okänd,,
forvaring,hylla,kallax,asking,1,1.0,,,,,,forvaring,forvaring,prior,0.0,1.0,forvaring,forvaring,image,0.0,1.0,forvaring,forvaring,prior,0.0,1.0,hylla,0.0,1.0
forvaring,forvaring,matsalsskap,realized,1,1.0,,,,,,,,,,,forvaring,forvaring,image,0.0,1.0,forvaring,forvaring,image,0.0,1.0,okänd,,
forvaring,hylla,2st,asking,1,0.845,,,,,,,,,,,forvaring,forvaring,image,225.0,1.8181818181818181,forvaring,forvaring,image,225.0,1.8181818181818181,hylla,0.0,1.0
forvaring,hylla,koksmobel,asking,1,0.911,,,,,,,,,,,stol,stol,image,,,stol,stol,image,,,stol,,
forvaring,hylla,hjul,asking,1,0.63,,,,,,,,,,,,,,,,,,,,,hylla,0.0,1.0
forvaring,forvaring,mobelkompaniet,realized,1,1.0,,,,,,,,,,,forvaring,forvaring,image,0.0,1.0,forvaring,forvaring,image,0.0,1.0,byrå,,
forvaring,hylla,ilva,asking,1,1.0,,,,,,,,,,,forvaring,forvaring,image,800.0,2.142857142857143,forvaring,forvaring,image,800.0,2.142857142857143,hylla,0.0,1.0
forvaring,byra,avlutad,asking,1,0.974,,,,,,,,,,,forvaring,forvaring,image,,,forvaring,forvaring,image,,,byrå,,
forvaring,hylla,string,asking,1,0.909,,,,,,forvaring,forvaring,prior,1200.0,1.9230769230769231,forvaring,forvaring,image,1200.0,1.9230769230769231,forvaring,forvaring,prior,1200.0,1.9230769230769231,hylla,0.0,1.0
forvaring,byra,utdragslador,realized,1,0.969,,,,,,,,,,,forvaring,forvaring,image,2350.0,2.9583333333333335,forvaring,forvaring,image,2350.0,2.9583333333333335,byrå,,
forvaring,byra,fanerad,realized,1,0.76,,,,,,,,,,,bord,bord,image,703.5,0.6519049975259772,bord,bord,image,703.5,0.6519049975259772,bord,703.5,0.6519049975259772
forvaring,forvaring,las,asking,1,0.7,,,,,,,,,,,forvaring,forvaring,image,0.0,1.0,forvaring,forvaring,image,0.0,1.0,hylla,467.0,0.41625
forvaring,vitrin,rokokostil,realized,1,0.946,,,,,,,,,,,forvaring,forvaring,image,104.0,0.9202453987730062,forvaring,forvaring,image,104.0,0.9202453987730062,byrå,,
forvaring,byra,tung,asking,1,0.975,,,,,,,,,,,forvaring,forvaring,image,,,forvaring,forvaring,image,,,byrå,,
forvaring,byra,stockholmsarbete,realized,1,0.84,,,,,,,,,,,forvaring,forvaring,image,7000.0,0.6818181818181818,forvaring,forvaring,image,7000.0,0.6818181818181818,hylla,,
forvaring,forvaring,bemalat,realized,1,1.0,,,,,,,,,,,forvaring,forvaring,image,0.0,1.0,forvaring,forvaring,image,0.0,1.0,hylla,1350.0,0.38636363636363635
forvaring,hylla,valbevarad,asking,1,0.719,,,,,,,,,,,forvaring,forvaring,image,,,forvaring,forvaring,image,,,okänd,,
forvaring,forvaring,besta,asking,1,0.951,,,,,,forvaring,forvaring,prior,0.0,1.0,forvaring,forvaring,image,0.0,1.0,forvaring,forvaring,prior,0.0,1.0,okänd,,
forvaring,forvaring,tyssedal,asking,1,0.943,,,,,,forvaring,forvaring,prior,0.0,1.0,forvaring,forvaring,image,0.0,1.0,forvaring,forvaring,prior,0.0,1.0,hylla,,
forvaring,vitrin,engelsk,realized,1,0.975,,,,,,,,,,,forvaring,forvaring,image,550.0,0.5,forvaring,forvaring,image,550.0,0.5,hylla,300.0,0.7272727272727273
forvaring,hylla,glashyllor,asking,1,0.802,,,,,,,,,,,forvaring,forvaring,image,,,forvaring,forvaring,image,,,hylla,0.0,1.0
forvaring,skank,serveringsskap,realized,1,0.974,,,,,,,,,,,forvaring,forvaring,image,125.0,1.1162790697674418,forvaring,forvaring,image,125.0,1.1162790697674418,byrå,,
forvaring,byra,vitmalad,asking,1,1.0,,,,,,,,,,,forvaring,forvaring,image,300.0,1.4,forvaring,forvaring,image,300.0,1.4,byrå,,
forvaring,skank,vardags,realized,1,1.0,,,,,,,,,,,forvaring,forvaring,image,,,forvaring,forvaring,image,,,byrå,,
forvaring,hylla,tallrikshylla,asking,2,0.88,,,,,,,,,,,forvaring,forvaring,image,,,forvaring,forvaring,image,,,hylla,0.0,1.0
forvaring,forvaring,allmogeskap,asking,1,1.0,,,,,,,,,,,forvaring,forvaring,image,0.0,1.0,forvaring,forvaring,image,0.0,1.0,hylla,,
forvaring,forvaring,jysk,asking,1,1.0,,,,,,forvaring,forvaring,prior,0.0,1.0,forvaring,forvaring,image,0.0,1.0,forvaring,forvaring,prior,0.0,1.0,hylla,600.0,0.3333333333333333
forvaring,forvaring,utrusta,asking,1,0.704,,,,,,forvaring,forvaring,prior,0.0,1.0,forvaring,forvaring,image,0.0,1.0,forvaring,forvaring,prior,0.0,1.0,hylla,,
forvaring,hylla,komplett,asking,1,0.0,,,,,,,,,,,,,,,,,,,,,,,
forvaring,forvaring,garderobsdorr,asking,1,0.893,,,,,,,,,,,forvaring,forvaring,image,0.0,1.0,forvaring,forvaring,image,0.0,1.0,hylla,,
forvaring,vitrin,mio,asking,1,1.0,,,,,,,,,,,forvaring,forvaring,image,1500.0,0.4,forvaring,forvaring,image,1500.0,0.4,hylla,2100.0,0.16
forvaring,forvaring,jula,asking,1,0.94,,,,,,,,,,,bord,bord,image,,,bord,bord,image,,,bord,,
forvaring,forvaring,kinnarps,asking,1,0.974,,,,,,stol,stol,prior,1000.0,3.0,forvaring,forvaring,image,0.0,1.0,stol,stol,prior,1000.0,3.0,hylla,10.0,0.98
forvaring,hylla,vitrinhylla,asking,1,1.0,,,,,,,,,,,forvaring,forvaring,image,,,forvaring,forvaring,image,,,hylla,0.0,1.0
forvaring,hylla,mobler,realized,1,1.0,,,,,,,,,,,forvaring,forvaring,image,600.0,1.5,forvaring,forvaring,image,600.0,1.5,hylla,0.0,1.0
forvaring,byra,olika,realized,1,1.0,,,,,,,,,,,forvaring,forvaring,image,1400.0,1.9333333333333333,forvaring,forvaring,image,1400.0,1.9333333333333333,byrå,,
forvaring,forvaring,nordiska,asking,1,1.0,,,,,,,,,,,forvaring,forvaring,image,0.0,1.0,forvaring,forvaring,image,0.0,1.0,hylla,1250.0,1.8064516129032258
forvaring,hylla,stadig,asking,1,0.679,,,,,,,,,,,,,,,,,,,,,bord,,
forvaring,skank,antikt,asking,1,1.0,,,,,,,,,,,forvaring,forvaring,image,900.0,1.5294117647058822,forvaring,forvaring,image,900.0,1.5294117647058822,byrå,,
forvaring,forvaring,odense,asking,1,0.974,,,,,,,,,,,forvaring,forvaring,image,0.0,1.0,forvaring,forvaring,image,0.0,1.0,hylla,,
forvaring,byra,6-ladig,realized,1,1.0,,,,,,,,,,,forvaring,forvaring,image,,,forvaring,forvaring,image,,,byrå,,
forvaring,skank,riopalisander,asking,1,1.0,,,,,,,,,,,forvaring,forvaring,image,,,forvaring,forvaring,image,,,byrå,,
forvaring,hylla,vittsjo,asking,1,1.0,,,,,,,,,,,forvaring,forvaring,image,,,forvaring,forvaring,image,,,hylla,0.0,1.0
forvaring,forvaring,mackapar,asking,1,1.0,,,,,,forvaring,forvaring,prior,0.0,1.0,forvaring,forvaring,image,0.0,1.0,forvaring,forvaring,prior,0.0,1.0,hylla,250.0,0.375
forvaring,hylla,teakbokhylla,asking,1,1.0,,,,,,,,,,,forvaring,forvaring,image,,,forvaring,forvaring,image,,,hylla,0.0,1.0
forvaring,hylla,billy,asking,1,0.504,,,,,,forvaring,forvaring,prior,50.0,1.1428571428571428,,,,,,forvaring,forvaring,prior,50.0,1.1428571428571428,hylla,0.0,1.0
forvaring,byra,1950-tal,asking,1,1.0,,,,,,,,,,,forvaring,forvaring,image,3500.0,3.5,forvaring,forvaring,image,3500.0,3.5,byrå,,
forvaring,hylla,vinhylla,asking,1,0.0,,,,,,,,,,,,,,,,,,,,,,,
forvaring,forvaring,god,asking,1,0.548,,,,,,,,,,,,,,,,,,,,,stol,,
forvaring,forvaring,stilrent,asking,1,0.967,,,,,,,,,,,forvaring,forvaring,image,0.0,1.0,forvaring,forvaring,image,0.0,1.0,okänd,,
forvaring,hylla,steghylla,asking,1,0.975,,,,,,,,,,,forvaring,forvaring,image,,,forvaring,forvaring,image,,,hylla,0.0,1.0
forvaring,forvaring,badrumsskap,asking,1,0.923,,,,,,forvaring,forvaring,prior,0.0,1.0,forvaring,forvaring,image,0.0,1.0,forvaring,forvaring,prior,0.0,1.0,hylla,225.0,0.6785714285714286
forvaring,vitrin,slut,realized,1,1.0,,,,,,,,,,,forvaring,forvaring,image,10.0,1.005,forvaring,forvaring,image,10.0,1.005,hylla,1125.0,0.4375
forvaring,forvaring,arkivskap,asking,2,1.0,,,,,,forvaring,forvaring,prior,0.0,1.0,forvaring,forvaring,image,0.0,1.0,forvaring,forvaring,prior,0.0,1.0,okänd,,
forvaring,hylla,vaggdekoration,asking,1,0.878,,,,,,,,,,,forvaring,forvaring,image,,,forvaring,forvaring,image,,,hylla,0.0,1.0
forvaring,byra,lador,realized,1,1.0,,,,,,,,,,,forvaring,forvaring,image,920.0,1.8363636363636364,forvaring,forvaring,image,920.0,1.8363636363636364,byrå,,
forvaring,forvaring,verkstadsskap,asking,1,0.967,,,,,,,,,,,forvaring,forvaring,image,0.0,1.0,forvaring,forvaring,image,0.0,1.0,byrå,,
forvaring,hylla,kub,asking,1,0.866,,,,,,forvaring,forvaring,prior,,,bord,bord,image,1310.0,7.894736842105263,forvaring,forvaring,prior,,,bord,1310.0,7.894736842105263
forvaring,forvaring,skoskap,asking,1,0.975,,,,,,,,,,,forvaring,forvaring,image,0.0,1.0,forvaring,forvaring,image,0.0,1.0,byrå,,
forvaring,skank,antikt,asking,1,1.0,,,,,,,,,,,forvaring,forvaring,image,810.0,1.452513966480447,forvaring,forvaring,image,810.0,1.452513966480447,hylla,90.0,0.9497206703910615
forvaring,hylla,tva,asking,1,0.946,,,,,,,,,,,forvaring,forvaring,image,400.0,1.8,forvaring,forvaring,image,400.0,1.8,hylla,0.0,1.0
forvaring,forvaring,hadak,asking,1,0.948,,,,,,forvaring,forvaring,prior,0.0,1.0,forvaring,forvaring,image,0.0,1.0,forvaring,forvaring,prior,0.0,1.0,okänd,,
forvaring,forvaring,barngarderob,asking,1,0.941,,,,,,,,,,,forvaring,forvaring,image,0.0,1.0,forvaring,forvaring,image,0.0,1.0,hylla,399.5,1.799
forvaring,forvaring,bokskap,realized,1,1.0,,,,,,,,,,,forvaring,forvaring,image,0.0,1.0,forvaring,forvaring,image,0.0,1.0,hylla,175.0,1.0546875
forvaring,forvaring,pax,asking,1,1.0,,,,,,forvaring,forvaring,prior,0.0,1.0,forvaring,forvaring,image,0.0,1.0,forvaring,forvaring,prior,0.0,1.0,hylla,1000.0,0.2
forvaring,forvaring,arkivskap,realized,1,0.95,,,,,,,,,,,forvaring,forvaring,image,0.0,1.0,forvaring,forvaring,image,0.0,1.0,byrå,,
forvaring,forvaring,pax,asking,1,0.898,,,,,,forvaring,forvaring,prior,0.0,1.0,forvaring,forvaring,image,0.0,1.0,forvaring,forvaring,prior,0.0,1.0,hylla,1000.0,0.2
forvaring,hylla,specialgjord,asking,1,0.718,,,,,,,,,,,forvaring,forvaring,image,,,forvaring,forvaring,image,,,okänd,,
forvaring,byra,forvaringsmobel,asking,1,0.942,,,,,,forvaring,forvaring,prior,200.0,1.2857142857142858,forvaring,forvaring,image,200.0,1.2857142857142858,forvaring,forvaring,prior,200.0,1.2857142857142858,byrå,,
forvaring,hylla,hangare,asking,1,0.798,,,,,,forvaring,forvaring,prior,600.0,2.5,forvaring,forvaring,image,600.0,2.5,forvaring,forvaring,prior,600.0,2.5,hylla,0.0,1.0
forvaring,forvaring,salu,asking,1,0.976,,,,,,,,,,,forvaring,forvaring,image,0.0,1.0,forvaring,forvaring,image,0.0,1.0,hylla,1000.0,0.3333333333333333
forvaring,hylla,vinhylla,realized,1,0.511,,,,,,,,,,,,,,,,,,,,,hylla,0.0,1.0
forvaring,forvaring,unikt,asking,1,0.494,,,,,,,,,,,,,,,,,,,,,okänd,,
forvaring,vitrin,besta,asking,1,0.61,,,,,,forvaring,forvaring,prior,250.0,0.75,,,,,,forvaring,forvaring,prior,250.0,0.75,stol,,
forvaring,byra,gustaviansk,realized,1,1.0,,,,,,,,,,,forvaring,forvaring,image,151.0,0.8628519527702089,forvaring,forvaring,image,151.0,0.8628519527702089,byrå,,
forvaring,forvaring,tradbackar,asking,3,0.5,,,,,,forvaring,forvaring,prior,0.0,1.0,,,,,,forvaring,forvaring,prior,0.0,1.0,okänd,,
forvaring,hylla,stabil,asking,1,1.0,,,,,,,,,,,forvaring,forvaring,image,,,forvaring,forvaring,image,,,hylla,0.0,1.0
forvaring,forvaring,postmodern,realized,1,0.938,,,,,,,,,,,forvaring,forvaring,image,0.0,1.0,forvaring,forvaring,image,0.0,1.0,hylla,,
forvaring,vitrin,ulferts,asking,1,1.0,,,,,,,,,,,forvaring,forvaring,image,900.0,2.0,forvaring,forvaring,image,900.0,2.0,hylla,590.0,1.6555555555555554
forvaring,forvaring,ivar,asking,1,1.0,,,,,,forvaring,forvaring,prior,0.0,1.0,forvaring,forvaring,image,0.0,1.0,forvaring,forvaring,prior,0.0,1.0,hylla,0.0,1.0
forvaring,vitrin,salu,asking,1,0.975,,,,,,,,,,,forvaring,forvaring,image,250.0,1.2,forvaring,forvaring,image,250.0,1.2,hylla,800.0,0.36
forvaring,vitrin,bjursta,asking,1,1.0,,,,,,bord,bord,prior,312.5,0.5535714285714286,forvaring,forvaring,image,,,bord,bord,prior,312.5,0.5535714285714286,hylla,,
forvaring,vitrin,modul,asking,1,1.0,,,,,,,,,,,forvaring,forvaring,image,,,forvaring,forvaring,image,,,hylla,,
forvaring,vitrin,besta,asking,1,1.0,,,,,,forvaring,forvaring,prior,250.0,0.75,forvaring,forvaring,image,250.0,0.75,forvaring,forvaring,prior,250.0,0.75,hylla,400.0,0.6
forvaring,hylla,england,realized,1,1.0,,,,,,,,,,,forvaring,forvaring,image,700.0,0.6146435452793835,forvaring,forvaring,image,700.0,0.6146435452793835,hylla,0.0,1.0
forvaring,hylla,klassisk,asking,1,1.0,,,,,,,,,,,forvaring,forvaring,image,0.0,1.0,forvaring,forvaring,image,0.0,1.0,hylla,0.0,1.0
forvaring,forvaring,kladskap,asking,1,0.942,,,,,,forvaring,forvaring,prior,0.0,1.0,forvaring,forvaring,image,0.0,1.0,forvaring,forvaring,prior,0.0,1.0,hylla,300.0,0.7
forvaring,hylla,40-tal,realized,2,1.0,,,,,,,,,,,forvaring,forvaring,image,64.0,1.0528488852188274,forvaring,forvaring,image,64.0,1.0528488852188274,hylla,0.0,1.0
forvaring,forvaring,besta,asking,1,1.0,,,,,,forvaring,forvaring,prior,0.0,1.0,forvaring,forvaring,image,0.0,1.0,forvaring,forvaring,prior,0.0,1.0,hylla,150.0,0.8
forvaring,byra,england,realized,1,1.0,,,,,,,,,,,forvaring,forvaring,image,113.0,1.113,forvaring,forvaring,image,113.0,1.113,byrå,,
forvaring,forvaring,hallmobel,asking,1,0.949,,,,,,bord,bord,prior,200.0,0.7142857142857143,forvaring,forvaring,image,0.0,1.0,bord,bord,prior,200.0,0.7142857142857143,byrå,,
forvaring,forvaring,knoppar,asking,1,0.722,,,,,,forvaring,forvaring,prior,0.0,1.0,forvaring,forvaring,image,0.0,1.0,forvaring,forvaring,prior,0.0,1.0,okänd,,
forvaring,hylla,alla,asking,1,1.0,,,,,,,,,,,forvaring,forvaring,image,1315.0,10.74074074074074,forvaring,forvaring,image,1315.0,10.74074074074074,okänd,,
forvaring,vitrin,timantti,asking,1,1.0,,,,,,forvaring,forvaring,prior,,,forvaring,forvaring,image,,,forvaring,forvaring,prior,,,hylla,2000.0,0.5
forvaring,forvaring,displayskap,realized,1,0.822,,,,,,,,,,,bord,bord,image,,,bord,bord,image,,,okänd,,
forvaring,forvaring,tals,asking,1,0.949,,,,,,,,,,,forvaring,forvaring,image,0.0,1.0,forvaring,forvaring,image,0.0,1.0,hylla,1565.0,0.43399638336347196
forvaring,forvaring,snedklaff,realized,1,1.0,,,,,,,,,,,forvaring,forvaring,image,0.0,1.0,forvaring,forvaring,image,0.0,1.0,okänd,,
forvaring,hylla,plathylla,realized,1,0.967,,,,,,,,,,,forvaring,forvaring,image,,,forvaring,forvaring,image,,,okänd,,
forvaring,forvaring,hyllplan,asking,1,0.975,,,,,,forvaring,forvaring,prior,0.0,1.0,forvaring,forvaring,image,0.0,1.0,forvaring,forvaring,prior,0.0,1.0,hylla,62.5,1.135135135135135
forvaring,vitrin,besta,asking,1,0.969,,,,,,forvaring,forvaring,prior,250.0,0.75,forvaring,forvaring,image,250.0,0.75,forvaring,forvaring,prior,250.0,0.75,hylla,400.0,0.6
forvaring,hylla,delvis,realized,1,1.0,,,,,,,,,,,forvaring,forvaring,image,750.0,1.4545454545454546,forvaring,forvaring,image,750.0,1.4545454545454546,hylla,0.0,1.0
forvaring,hylla,kladhangare,realized,1,0.598,,,,,,,,,,,,,,,,,,,,,okänd,,
forvaring,forvaring,komplement,asking,1,0.282,,,,,,,,,,,,,,,,,,,,,okänd,,
forvaring,forvaring,brimnes,realized,1,1.0,,,,,,,,,,,forvaring,forvaring,image,0.0,1.0,forvaring,forvaring,image,0.0,1.0,hylla,,
forvaring,forvaring,skoskap,asking,1,0.894,,,,,,forvaring,forvaring,prior,0.0,1.0,forvaring,forvaring,image,0.0,1.0,forvaring,forvaring,prior,0.0,1.0,byrå,,
forvaring,forvaring,brge,realized,1,1.0,,,,,,,,,,,forvaring,forvaring,image,0.0,1.0,forvaring,forvaring,image,0.0,1.0,hylla,1239.0,0.6686279753944905
forvaring,forvaring,pax,asking,1,0.972,,,,,,forvaring,forvaring,prior,0.0,1.0,forvaring,forvaring,image,0.0,1.0,forvaring,forvaring,prior,0.0,1.0,hylla,1000.0,0.2
forvaring,forvaring,vaggskap,asking,4,0.946,,,,,,,,,,,forvaring,forvaring,image,0.0,1.0,forvaring,forvaring,image,0.0,1.0,hylla,100.0,0.8333333333333334
forvaring,hylla,hemnes,asking,1,0.97,,,,,,,,,,,forvaring,forvaring,image,200.0,1.5,forvaring,forvaring,image,200.0,1.5,hylla,0.0,1.0
forvaring,byra,inslag,realized,1,0.97,,,,,,,,,,,forvaring,forvaring,image,,,forvaring,forvaring,image,,,byrå,,
forvaring,vitrin,glasskap,asking,1,1.0,,,,,,,,,,,forvaring,forvaring,image,100.0,0.8,forvaring,forvaring,image,100.0,0.8,hylla,150.0,0.7
forvaring,byra,kinesisk,asking,1,0.848,,,,,,,,,,,forvaring,forvaring,image,650.0,1.6842105263157894,forvaring,forvaring,image,650.0,1.6842105263157894,byrå,,
forvaring,byra,lador,asking,1,1.0,,,,,,forvaring,forvaring,prior,125.0,0.8529411764705882,forvaring,forvaring,image,125.0,0.8529411764705882,forvaring,forvaring,prior,125.0,0.8529411764705882,hylla,350.0,0.5882352941176471
forvaring,byra,snedklaffbyra,realized,1,0.976,,,,,,,,,,,forvaring,forvaring,image,,,forvaring,forvaring,image,,,byrå,,
forvaring,byra,charmig,asking,1,0.574,,,,,,,,,,,,,,,,,,,,,byrå,,
forvaring,byra,malm,asking,1,0.974,,,,,,,,,,,forvaring,forvaring,image,745.0,2.8625,forvaring,forvaring,image,745.0,2.8625,byrå,,
forvaring,vitrin,glasdorr,asking,1,0.315,,,,,,forvaring,forvaring,prior,267.0,1.534,,,,,,forvaring,forvaring,prior,267.0,1.534,hylla,50.0,0.9
forvaring,forvaring,fyra,asking,1,0.954,,,,,,,,,,,forvaring,forvaring,image,0.0,1.0,forvaring,forvaring,image,0.0,1.0,hylla,375.0,0.6153846153846154
forvaring,byra,4-ladig,realized,1,1.0,,,,,,,,,,,forvaring,forvaring,image,,,forvaring,forvaring,image,,,byrå,,
forvaring,hylla,sittbank,asking,1,0.727,,,,,,,,,,,forvaring,forvaring,image,200.0,1.5,forvaring,forvaring,image,200.0,1.5,hylla,0.0,1.0
forvaring,forvaring,arkivskap,asking,1,0.963,,,,,,forvaring,forvaring,prior,0.0,1.0,forvaring,forvaring,image,0.0,1.0,forvaring,forvaring,prior,0.0,1.0,okänd,,
forvaring,skank,snyggt,asking,1,0.967,,,,,,forvaring,forvaring,prior,2147.5,4.067857142857143,forvaring,forvaring,image,2147.5,4.067857142857143,forvaring,forvaring,prior,2147.5,4.067857142857143,hylla,295.0,1.4214285714285715
forvaring,forvaring,matsalsskap,realized,1,0.521,,,,,,,,,,,,,,,,,,,,,bord,,
forvaring,byra,gustaviansk,realized,1,1.0,,,,,,,,,,,forvaring,forvaring,image,151.0,0.8628519527702089,forvaring,forvaring,image,151.0,0.8628519527702089,byrå,,
forvaring,vitrin,mossjon,asking,1,1.0,,,,,,forvaring,forvaring,prior,525.0,0.475,forvaring,forvaring,image,525.0,0.475,forvaring,forvaring,prior,525.0,0.475,hylla,,
forvaring,byra,lantlig,asking,1,0.95,,,,,,,,,,,forvaring,forvaring,image,1149.5,0.45248868778280543,forvaring,forvaring,image,1149.5,0.45248868778280543,byrå,,
forvaring,byra,proveniens,realized,1,1.0,,,,,,,,,,,forvaring,forvaring,image,2569.0,2.7626072041166383,forvaring,forvaring,image,2569.0,2.7626072041166383,byrå,,
forvaring,vitrin,vaggvitrinskap,asking,1,1.0,,,,,,,,,,,forvaring,forvaring,image,,,forvaring,forvaring,image,,,hylla,,
forvaring,forvaring,handgjort,asking,1,1.0,,,,,,,,,,,forvaring,forvaring,image,0.0,1.0,forvaring,forvaring,image,0.0,1.0,hylla,,
forvaring,hylla,stenstorp,asking,1,0.736,,,,,,,,,,,forvaring,forvaring,image,,,forvaring,forvaring,image,,,hylla,0.0,1.0
forvaring,forvaring,string,asking,1,1.0,,,,,,forvaring,forvaring,prior,0.0,1.0,forvaring,forvaring,image,0.0,1.0,forvaring,forvaring,prior,0.0,1.0,hylla,1201.0,0.5196
forvaring,hylla,tallrikshylla,realized,1,1.0,,,,,,,,,,,forvaring,forvaring,image,,,forvaring,forvaring,image,,,hylla,0.0,1.0
forvaring,forvaring,platsa,asking,1,1.0,,,,,,forvaring,forvaring,prior,0.0,1.0,forvaring,forvaring,image,0.0,1.0,forvaring,forvaring,prior,0.0,1.0,hylla,400.0,0.5
forvaring,hylla,billy,asking,1,0.968,,,,,,forvaring,forvaring,prior,50.0,1.1428571428571428,forvaring,forvaring,image,50.0,1.1428571428571428,forvaring,forvaring,prior,50.0,1.1428571428571428,hylla,0.0,1.0
forvaring,hylla,vittsjo,asking,1,0.868,,,,,,,,,,,forvaring,forvaring,image,,,forvaring,forvaring,image,,,hylla,0.0,1.0
forvaring,hylla,swedish,asking,1,1.0,,,,,,,,,,,forvaring,forvaring,image,1500.0,2.0,forvaring,forvaring,image,1500.0,2.0,hylla,0.0,1.0
forvaring,hylla,duschhylla,asking,1,1.0,,,,,,,,,,,forvaring,forvaring,image,,,forvaring,forvaring,image,,,hylla,0.0,1.0
forvaring,byra,2st,asking,1,0.527,,,,,,,,,,,,,,,,,,,,,okänd,,
forvaring,vitrin,barskap,asking,1,1.0,,,,,,,,,,,forvaring,forvaring,image,0.0,1.0,forvaring,forvaring,image,0.0,1.0,hylla,700.0,0.631578947368421
forvaring,vitrin,gustaviansk,realized,1,0.683,,,,,,,,,,,,,,,,,,,,,hylla,325.0,0.7833333333333333
forvaring,vitrin,vackert,asking,1,1.0,,,,,,,,,,,forvaring,forvaring,image,1197.5,0.6966434452184928,forvaring,forvaring,image,1197.5,0.6966434452184928,hylla,1047.5,0.7346421785940469
forvaring,vitrin,display,asking,1,0.515,,,,,,,,,,,,,,,,,,,,,bord,,
forvaring,forvaring,billy,asking,1,0.651,,,,,,forvaring,forvaring,prior,0.0,1.0,,,,,,forvaring,forvaring,prior,0.0,1.0,okänd,,
forvaring,forvaring,besta,asking,1,0.883,,,,,,forvaring,forvaring,prior,0.0,1.0,forvaring,forvaring,image,0.0,1.0,forvaring,forvaring,prior,0.0,1.0,hylla,150.0,0.8
forvaring,hylla,hyllplan,asking,1,0.675,,,,,,forvaring,forvaring,prior,50.0,0.9047619047619048,,,,,,forvaring,forvaring,prior,50.0,0.9047619047619048,bord,100.0,1.1904761904761905
forvaring,forvaring,skjutdorrar,asking,1,0.398,,,,,,forvaring,forvaring,prior,0.0,1.0,,,,,,forvaring,forvaring,prior,0.0,1.0,okänd,,
forvaring,byra,marmorskiva,asking,1,1.0,,,,,,,,,,,forvaring,forvaring,image,0.0,1.0,forvaring,forvaring,image,0.0,1.0,byrå,,
forvaring,hylla,40-tal,realized,2,1.0,,,,,,,,,,,forvaring,forvaring,image,64.0,1.0528488852188274,forvaring,forvaring,image,64.0,1.0528488852188274,hylla,0.0,1.0
forvaring,byra,jysk,asking,1,1.0,,,,,,,,,,,forvaring,forvaring,image,260.0,1.40625,forvaring,forvaring,image,260.0,1.40625,byrå,,
forvaring,hylla,rostfri,asking,1,0.755,,,,,,stol,stol,prior,,,forvaring,forvaring,image,2700.0,2.35,stol,stol,prior,,,hylla,0.0,1.0
forvaring,hylla,rustik,asking,1,0.975,,,,,,,,,,,forvaring,forvaring,image,1600.0,2.6,forvaring,forvaring,image,1600.0,2.6,hylla,0.0,1.0
forvaring,hylla,1950-tal,asking,1,1.0,,,,,,,,,,,forvaring,forvaring,image,3900.0,4.9,forvaring,forvaring,image,3900.0,4.9,hylla,0.0,1.0
forvaring,byra,hemnes,asking,1,0.845,,,,,,,,,,,forvaring,forvaring,image,500.0,0.5454545454545454,forvaring,forvaring,image,500.0,0.5454545454545454,hylla,700.0,0.36363636363636365
forvaring,byra,exklusiv,asking,1,1.0,,,,,,,,,,,forvaring,forvaring,image,8600.5,3.8673112185364227,forvaring,forvaring,image,8600.5,3.8673112185364227,byrå,,
forvaring,byra,malm,asking,2,1.0,,,,,,,,,,,forvaring,forvaring,image,600.0,2.5,forvaring,forvaring,image,600.0,2.5,byrå,,
forvaring,forvaring,barngarderob,asking,3,0.972,,,,,,,,,,,forvaring,forvaring,image,0.0,1.0,forvaring,forvaring,image,0.0,1.0,hylla,399.5,1.799
forvaring,forvaring,antikt,asking,1,0.489,,,,,,,,,,,,,,,,,,,,,okänd,,
forvaring,forvaring,garderober,asking,1,1.0,,,,,,,,,,,forvaring,forvaring,image,0.0,1.0,forvaring,forvaring,image,0.0,1.0,hylla,337.5,0.6625
forvaring,hylla,jysk,asking,1,0.317,,,,,,,,,,,,,,,,,,,,,säng,,
forvaring,vitrin,typ,asking,1,0.972,,,,,,,,,,,forvaring,forvaring,image,50.0,0.9411764705882353,forvaring,forvaring,image,50.0,0.9411764705882353,hylla,450.0,0.47058823529411764
forvaring,byra,rokoko,asking,1,0.769,,,,,,,,,,,forvaring,forvaring,image,700.0,1.3888888888888888,forvaring,forvaring,image,700.0,1.3888888888888888,hylla,,
forvaring,forvaring,rakkestad,asking,1,0.974,,,,,,forvaring,forvaring,prior,0.0,1.0,forvaring,forvaring,image,0.0,1.0,forvaring,forvaring,prior,0.0,1.0,hylla,,
forvaring,hylla,kladstallning,asking,1,1.0,,,,,,forvaring,forvaring,prior,62.5,1.263157894736842,forvaring,forvaring,image,62.5,1.263157894736842,forvaring,forvaring,prior,62.5,1.263157894736842,hylla,0.0,1.0
forvaring,forvaring,nyckelskap,asking,1,1.0,,,,,,,,,,,forvaring,forvaring,image,0.0,1.0,forvaring,forvaring,image,0.0,1.0,hylla,215.0,1.9148936170212767
forvaring,byra,mio,asking,1,0.948,,,,,,,,,,,forvaring,forvaring,image,500.0,0.6666666666666666,forvaring,forvaring,image,500.0,0.6666666666666666,okänd,,
forvaring,hylla,billy,asking,1,0.437,,,,,,forvaring,forvaring,prior,50.0,1.1428571428571428,,,,,,forvaring,forvaring,prior,50.0,1.1428571428571428,okänd,,
forvaring,hylla,sektioner,realized,1,1.0,,,,,,,,,,,forvaring,forvaring,image,1336.0,1.8028846153846154,forvaring,forvaring,image,1336.0,1.8028846153846154,hylla,0.0,1.0
forvaring,forvaring,nyrenassansstil,asking,1,0.792,,,,,,,,,,,forvaring,forvaring,image,0.0,1.0,forvaring,forvaring,image,0.0,1.0,hylla,,
forvaring,hylla,billy,asking,1,0.975,,,,,,forvaring,forvaring,prior,50.0,1.1428571428571428,forvaring,forvaring,image,50.0,1.1428571428571428,forvaring,forvaring,prior,50.0,1.1428571428571428,hylla,0.0,1.0
forvaring,vitrin,woodenforge,asking,1,1.0,,,,,,,,,,,forvaring,forvaring,image,,,forvaring,forvaring,image,,,hylla,,
forvaring,forvaring,kinesiserande,realized,1,0.897,,,,,,,,,,,forvaring,forvaring,image,0.0,1.0,forvaring,forvaring,image,0.0,1.0,hylla,500.0,1.1851851851851851
forvaring,skank,vackert,asking,1,1.0,,,,,,,,,,,forvaring,forvaring,image,925.0,1.5138888888888888,forvaring,forvaring,image,925.0,1.5138888888888888,hylla,1100.0,1.6111111111111112
forvaring,skank,artwood,asking,1,0.974,,,,,,,,,,,bord,bord,image,1375.0,1.5238095238095237,bord,bord,image,1375.0,1.5238095238095237,bord,1375.0,1.5238095238095237
forvaring,hylla,plats,asking,1,0.742,,,,,,,,,,,stol,stol,image,633.5,2.151818181818182,stol,stol,image,633.5,2.151818181818182,stol,633.5,2.151818181818182
forvaring,hylla,billy,asking,1,0.974,,,,,,forvaring,forvaring,prior,50.0,1.1428571428571428,forvaring,forvaring,image,50.0,1.1428571428571428,forvaring,forvaring,prior,50.0,1.1428571428571428,hylla,0.0,1.0
forvaring,forvaring,1930-tal,realized,1,1.0,,,,,,,,,,,forvaring,forvaring,image,0.0,1.0,forvaring,forvaring,image,0.0,1.0,hylla,312.5,0.8275862068965517
forvaring,forvaring,elfa,asking,1,1.0,,,,,,forvaring,forvaring,prior,0.0,1.0,forvaring,forvaring,image,0.0,1.0,forvaring,forvaring,prior,0.0,1.0,hylla,2250.0,0.1509433962264151
forvaring,hylla,hyllan,asking,1,0.827,,,,,,,,,,,stol,stol,image,,,stol,stol,image,,,stol,,
forvaring,forvaring,nordiska,realized,1,1.0,,,,,,,,,,,forvaring,forvaring,image,0.0,1.0,forvaring,forvaring,image,0.0,1.0,byrå,,
forvaring,hylla,saljes,asking,1,0.975,,,,,,,,,,,forvaring,forvaring,image,350.0,1.7,forvaring,forvaring,image,350.0,1.7,hylla,0.0,1.0
forvaring,hylla,unik,asking,1,0.975,,,,,,,,,,,forvaring,forvaring,image,500.0,1.25,forvaring,forvaring,image,500.0,1.25,hylla,0.0,1.0
forvaring,skank,teakfaner,realized,1,1.0,,,,,,,,,,,forvaring,forvaring,image,2103.0,0.3535198278512143,forvaring,forvaring,image,2103.0,0.3535198278512143,byrå,,
forvaring,byra,monstrat,asking,1,0.918,,,,,,,,,,,stol,stol,image,,,stol,stol,image,,,stol,,
forvaring,byra,1-par,realized,1,0.974,,,,,,,,,,,forvaring,forvaring,image,,,forvaring,forvaring,image,,,byrå,,
forvaring,byra,tidigt,realized,1,1.0,,,,,,,,,,,forvaring,forvaring,image,1000.0,2.4285714285714284,forvaring,forvaring,image,1000.0,2.4285714285714284,byrå,,
forvaring,hylla,obehandlad,asking,1,0.604,,,,,,,,,,,,,,,,,,,,,hylla,0.0,1.0
forvaring,byra,2-ladig,realized,1,1.0,,,,,,,,,,,forvaring,forvaring,image,,,forvaring,forvaring,image,,,byrå,,
forvaring,hylla,vagg,asking,1,0.621,,,,,,,,,,,,,,,,,,,,,hylla,0.0,1.0
forvaring,vitrin,bokskap,realized,1,1.0,,,,,,,,,,,forvaring,forvaring,image,400.0,0.8888888888888888,forvaring,forvaring,image,400.0,0.8888888888888888,hylla,225.0,0.9375
forvaring,hylla,audo,asking,1,0.624,,,,,,,,,,,,,,,,,,,,,hylla,0.0,1.0
forvaring,byra,tv-bank,asking,1,0.674,,,,,,,,,,,,,,,,,,,,,okänd,,
forvaring,forvaring,voice,asking,1,1.0,,,,,,,,,,,forvaring,forvaring,image,0.0,1.0,forvaring,forvaring,image,0.0,1.0,hylla,1125.0,1.391304347826087
forvaring,hylla,sent,realized,1,0.467,,,,,,,,,,,,,,,,,,,,,okänd,,
forvaring,byra,lador,asking,1,0.582,,,,,,forvaring,forvaring,prior,150.0,0.8235294117647058,,,,,,forvaring,forvaring,prior,150.0,0.8235294117647058,byrå,,
forvaring,skank,stockholm,asking,1,0.863,,,,,,,,,,,bord,bord,image,1800.0,0.4,bord,bord,image,1800.0,0.4,bord,1800.0,0.4
forvaring,vitrin,tva,asking,1,1.0,,,,,,,,,,,forvaring,forvaring,image,150.0,0.8571428571428571,forvaring,forvaring,image,150.0,0.8571428571428571,hylla,550.0,0.47619047619047616
forvaring,hylla,vittsjo,asking,1,0.784,,,,,,,,,,,forvaring,forvaring,image,,,forvaring,forvaring,image,,,hylla,0.0,1.0
forvaring,hylla,skrivord,asking,1,0.974,,,,,,,,,,,bord,bord,image,,,bord,bord,image,,,bord,,
forvaring,forvaring,badrumsskap,asking,1,0.855,,,,,,,,,,,bord,bord,image,,,bord,bord,image,,,bord,,
forvaring,byra,exklusiv,asking,1,0.588,,,,,,,,,,,,,,,,,,,,,byrå,,
forvaring,vitrin,vaggskap,realized,1,0.889,,,,,,,,,,,forvaring,forvaring,image,25.0,0.96,forvaring,forvaring,image,25.0,0.96,hylla,25.0,1.04
forvaring,hylla,forvaringsmobel,asking,1,0.901,,,,,,,,,,,forvaring,forvaring,image,50.0,0.9444444444444444,forvaring,forvaring,image,50.0,0.9444444444444444,byrå,,
forvaring,hylla,bolia,asking,1,0.871,,,,,,,,,,,forvaring,forvaring,image,2225.0,1.89,forvaring,forvaring,image,2225.0,1.89,hylla,0.0,1.0
forvaring,forvaring,pax,asking,1,1.0,,,,,,forvaring,forvaring,prior,0.0,1.0,forvaring,forvaring,image,0.0,1.0,forvaring,forvaring,prior,0.0,1.0,hylla,1000.0,0.2
forvaring,hylla,bank,asking,1,0.541,,,,,,,,,,,,,,,,,,,,,hylla,0.0,1.0
forvaring,hylla,3-pack,asking,1,0.499,,,,,,,,,,,,,,,,,,,,,hylla,0.0,1.0
forvaring,hylla,string,asking,1,0.971,,,,,,forvaring,forvaring,prior,1200.0,1.9230769230769231,forvaring,forvaring,image,1200.0,1.9230769230769231,forvaring,forvaring,prior,1200.0,1.9230769230769231,hylla,0.0,1.0
forvaring,byra,3-ladig,realized,1,0.951,,,,,,,,,,,forvaring,forvaring,image,,,forvaring,forvaring,image,,,byrå,,
forvaring,forvaring,skoskap,asking,1,0.696,,,,,,,,,,,,,,,,,,,,,okänd,,
forvaring,hylla,hallmobel,asking,1,0.648,,,,,,,,,,,,,,,,,,,,,okänd,,
forvaring,hylla,eket,asking,1,1.0,,,,,,forvaring,forvaring,prior,100.0,1.4,forvaring,forvaring,image,100.0,1.4,forvaring,forvaring,prior,100.0,1.4,hylla,0.0,1.0
forvaring,skank,tv-mobel,realized,1,1.0,,,,,,,,,,,forvaring,forvaring,image,,,forvaring,forvaring,image,,,byrå,,
forvaring,forvaring,saljer,asking,1,0.949,,,,,,forvaring,forvaring,prior,0.0,1.0,forvaring,forvaring,image,0.0,1.0,forvaring,forvaring,prior,0.0,1.0,hylla,25.0,0.96875
forvaring,forvaring,pax-garderober,asking,1,1.0,,,,,,forvaring,forvaring,prior,0.0,1.0,forvaring,forvaring,image,0.0,1.0,forvaring,forvaring,prior,0.0,1.0,hylla,,
forvaring,forvaring,eket,asking,1,0.0,,,,,,,,,,,,,,,,,,,,,,,
forvaring,byra,1700-tals,realized,1,1.0,,,,,,,,,,,forvaring,forvaring,image,1750.0,1.2916666666666667,forvaring,forvaring,image,1750.0,1.2916666666666667,byrå,,
forvaring,hylla,billy,asking,1,0.974,,,,,,forvaring,forvaring,prior,50.0,1.1428571428571428,forvaring,forvaring,image,50.0,1.1428571428571428,forvaring,forvaring,prior,50.0,1.1428571428571428,hylla,0.0,1.0
forvaring,hylla,1940-tal,realized,1,1.0,,,,,,,,,,,forvaring,forvaring,image,700.0,1.7,forvaring,forvaring,image,700.0,1.7,hylla,0.0,1.0
forvaring,skank,morkbrun,asking,1,0.934,,,,,,,,,,,forvaring,forvaring,image,500.0,0.6666666666666666,forvaring,forvaring,image,500.0,0.6666666666666666,byrå,,
forvaring,forvaring,gustaviansk,realized,1,0.9,,,,,,,,,,,forvaring,forvaring,image,0.0,1.0,forvaring,forvaring,image,0.0,1.0,byrå,,
forvaring,hylla,nostalgi,asking,1,1.0,,,,,,,,,,,forvaring,forvaring,image,,,forvaring,forvaring,image,,,hylla,0.0,1.0
forvaring,vitrin,marmorbord,asking,1,1.0,,,,,,,,,,,forvaring,forvaring,image,,,forvaring,forvaring,image,,,hylla,,
forvaring,byra,rokoko,asking,1,1.0,,,,,,,,,,,forvaring,forvaring,image,700.0,1.3888888888888888,forvaring,forvaring,image,700.0,1.3888888888888888,byrå,,
forvaring,forvaring,garderobsskap,asking,1,1.0,,,,,,,,,,,forvaring,forvaring,image,0.0,1.0,forvaring,forvaring,image,0.0,1.0,hylla,,
forvaring,byra,furumobler,asking,1,1.0,,,,,,,,,,,forvaring,forvaring,image,,,forvaring,forvaring,image,,,hylla,,
forvaring,hylla,kartong,asking,1,0.635,,,,,,,,,,,,,,,,,,,,,bord,900.0,2.5
forvaring,hylla,datorskap,asking,1,1.0,,,,,,,,,,,forvaring,forvaring,image,,,forvaring,forvaring,image,,,hylla,0.0,1.0
forvaring,hylla,serveringsvagn,asking,1,0.518,,,,,,,,,,,,,,,,,,,,,hylla,0.0,1.0
forvaring,hylla,40-tal,asking,1,1.0,,,,,,,,,,,forvaring,forvaring,image,1200.0,2.5,forvaring,forvaring,image,1200.0,2.5,hylla,0.0,1.0
forvaring,hylla,hog,asking,1,0.973,,,,,,,,,,,forvaring,forvaring,image,850.0,2.3076923076923075,forvaring,forvaring,image,850.0,2.3076923076923075,hylla,0.0,1.0
forvaring,hylla,bokstod,asking,1,0.623,,,,,,,,,,,,,,,,,,,,,hylla,0.0,1.0
forvaring,forvaring,dorr,asking,1,1.0,,,,,,forvaring,forvaring,prior,0.0,1.0,forvaring,forvaring,image,0.0,1.0,forvaring,forvaring,prior,0.0,1.0,hylla,150.0,0.7
forvaring,byra,sengustaviansk,realized,1,1.0,,,,,,,,,,,forvaring,forvaring,image,50.0,0.975,forvaring,forvaring,image,50.0,0.975,byrå,,
forvaring,forvaring,skjutdorrar,asking,1,0.861,,,,,,forvaring,forvaring,prior,0.0,1.0,forvaring,forvaring,image,0.0,1.0,forvaring,forvaring,prior,0.0,1.0,hylla,734.0,0.633
forvaring,hylla,fjallbo,asking,1,0.555,,,,,,,,,,,,,,,,,,,,,hylla,0.0,1.0
forvaring,skank,bruka,asking,1,0.97,,,,,,,,,,,forvaring,forvaring,image,1131.0,0.13,forvaring,forvaring,image,1131.0,0.13,byrå,,
forvaring,forvaring,vitmalat,realized,1,0.976,,,,,,,,,,,forvaring,forvaring,image,0.0,1.0,forvaring,forvaring,image,0.0,1.0,hylla,787.0,1.6296
forvaring,forvaring,tyssedal,asking,1,0.916,,,,,,forvaring,forvaring,prior,0.0,1.0,forvaring,forvaring,image,0.0,1.0,forvaring,forvaring,prior,0.0,1.0,hylla,,
forvaring,hylla,mio,asking,1,0.966,,,,,,,,,,,forvaring,forvaring,image,600.0,2.5,forvaring,forvaring,image,600.0,2.5,hylla,0.0,1.0
forvaring,forvaring,skrivskap,asking,1,0.94,,,,,,,,,,,forvaring,forvaring,image,0.0,1.0,forvaring,forvaring,image,0.0,1.0,hylla,,
forvaring,skank,traskank,asking,1,0.949,,,,,,,,,,,forvaring,forvaring,image,,,forvaring,forvaring,image,,,byrå,,
forvaring,forvaring,gustavianskt,asking,1,1.0,,,,,,,,,,,forvaring,forvaring,image,0.0,1.0,forvaring,forvaring,image,0.0,1.0,hylla,,
forvaring,byra,karl-johan,realized,1,1.0,,,,,,,,,,,forvaring,forvaring,image,1800.0,2.6363636363636362,forvaring,forvaring,image,1800.0,2.6363636363636362,hylla,1300.0,2.1818181818181817
forvaring,hylla,kladstang,asking,1,0.92,,,,,,forvaring,forvaring,prior,100.0,0.75,forvaring,forvaring,image,100.0,0.75,forvaring,forvaring,prior,100.0,0.75,hylla,0.0,1.0
forvaring,forvaring,rustik,asking,1,0.887,,,,,,,,,,,forvaring,forvaring,image,0.0,1.0,forvaring,forvaring,image,0.0,1.0,byrå,,
forvaring,hylla,kallax,asking,2,0.974,,,,,,forvaring,forvaring,prior,0.0,1.0,forvaring,forvaring,image,0.0,1.0,forvaring,forvaring,prior,0.0,1.0,hylla,0.0,1.0
forvaring,hylla,fem,asking,1,0.714,,,,,,,,,,,forvaring,forvaring,image,75.0,1.0909090909090908,forvaring,forvaring,image,75.0,1.0909090909090908,hylla,0.0,1.0
forvaring,forvaring,nyckelskap,asking,1,0.0,,,,,,,,,,,,,,,,,,,,,,,
forvaring,byra,riktigt,asking,1,0.976,,,,,,forvaring,forvaring,prior,450.0,1.1838610827374871,forvaring,forvaring,image,450.0,1.1838610827374871,forvaring,forvaring,prior,450.0,1.1838610827374871,byrå,,
forvaring,byra,gustaviansk,realized,1,0.975,,,,,,,,,,,forvaring,forvaring,image,151.0,0.8628519527702089,forvaring,forvaring,image,151.0,0.8628519527702089,byrå,,
forvaring,forvaring,besta,asking,1,1.0,,,,,,forvaring,forvaring,prior,0.0,1.0,forvaring,forvaring,image,0.0,1.0,forvaring,forvaring,prior,0.0,1.0,okänd,,
forvaring,byra,typ,realized,1,1.0,,,,,,,,,,,forvaring,forvaring,image,824.5,1.683948569058482,forvaring,forvaring,image,824.5,1.683948569058482,byrå,,
forvaring,hylla,bergshult,asking,1,0.497,,,,,,,,,,,,,,,,,,,,,bord,,
forvaring,hylla,string-hylla,asking,1,0.974,,,,,,forvaring,forvaring,prior,,,forvaring,forvaring,image,,,forvaring,forvaring,prior,,,hylla,0.0,1.0
forvaring,hylla,insynsskydd,asking,1,0.371,,,,,,,,,,,,,,,,,,,,,sänggavel,,
forvaring,byra,sengustaviansk,realized,1,1.0,,,,,,,,,,,forvaring,forvaring,image,73.0,0.9635,forvaring,forvaring,image,73.0,0.9635,byrå,,
forvaring,forvaring,brge,realized,1,1.0,,,,,,,,,,,forvaring,forvaring,image,0.0,1.0,forvaring,forvaring,image,0.0,1.0,hylla,1200.0,0.6756756756756757
forvaring,hylla,svenshult,asking,1,0.898,,,,,,stol,stol,prior,,,forvaring,forvaring,image,,,stol,stol,prior,,,hylla,0.0,1.0
forvaring,hylla,1930-tal,realized,1,1.0,,,,,,,,,,,forvaring,forvaring,image,362.5,1.2416666666666667,forvaring,forvaring,image,362.5,1.2416666666666667,hylla,0.0,1.0
forvaring,hylla,elfa,asking,1,1.0,,,,,,forvaring,forvaring,prior,2400.0,7.0,forvaring,forvaring,image,2400.0,7.0,forvaring,forvaring,prior,2400.0,7.0,del/tillbehör,,
forvaring,forvaring,pax,asking,1,0.542,,,,,,forvaring,forvaring,prior,0.0,1.0,,,,,,forvaring,forvaring,prior,0.0,1.0,spegel,750.0,0.4
forvaring,skank,breo,realized,1,0.473,,,,,,,,,,,,,,,,,,,,,byrå,,
forvaring,hylla,trahylla,asking,1,0.515,,,,,,forvaring,forvaring,prior,,,,,,,,forvaring,forvaring,prior,,,hylla,0.0,1.0
forvaring,byra,mindre,asking,1,0.899,,,,,,,,,,,bord,bord,image,150.0,0.7272727272727273,bord,bord,image,150.0,0.7272727272727273,bord,150.0,0.7272727272727273
forvaring,skank,dansk,asking,1,0.943,,,,,,,,,,,forvaring,forvaring,image,5500.0,2.375,forvaring,forvaring,image,5500.0,2.375,byrå,,
forvaring,forvaring,skolskap,realized,1,1.0,,,,,,forvaring,forvaring,prior,0.0,1.0,forvaring,forvaring,image,0.0,1.0,forvaring,forvaring,prior,0.0,1.0,hylla,,
forvaring,hylla,1960-tal,asking,1,0.878,,,,,,,,,,,forvaring,forvaring,image,250.0,1.1666666666666667,forvaring,forvaring,image,250.0,1.1666666666666667,hylla,0.0,1.0
forvaring,byra,stenskiva,realized,1,1.0,,,,,,,,,,,forvaring,forvaring,image,350.0,1.411764705882353,forvaring,forvaring,image,350.0,1.411764705882353,byrå,,
forvaring,skank,kave,asking,1,0.974,,,,,,,,,,,forvaring,forvaring,image,,,forvaring,forvaring,image,,,byrå,,
forvaring,forvaring,morkt,asking,1,0.894,,,,,,,,,,,forvaring,forvaring,image,0.0,1.0,forvaring,forvaring,image,0.0,1.0,byrå,,
forvaring,hylla,sockerlador,realized,1,1.0,,,,,,,,,,,forvaring,forvaring,image,,,forvaring,forvaring,image,,,hylla,0.0,1.0
forvaring,hylla,tva,asking,1,0.576,,,,,,,,,,,,,,,,,,,,,bord,100.0,1.2
forvaring,hylla,tavelhyllor,asking,1,0.908,,,,,,,,,,,forvaring,forvaring,image,,,forvaring,forvaring,image,,,hylla,0.0,1.0
forvaring,forvaring,omkladningsskap,asking,1,0.944,,,,,,,,,,,forvaring,forvaring,image,0.0,1.0,forvaring,forvaring,image,0.0,1.0,hylla,,
forvaring,forvaring,vinskap,asking,1,0.403,,,,,,,,,,,,,,,,,,,,,bord,,
forvaring,hylla,mitt,realized,1,1.0,,,,,,forvaring,forvaring,prior,458.0,1.7046153846153846,forvaring,forvaring,image,458.0,1.7046153846153846,forvaring,forvaring,prior,458.0,1.7046153846153846,hylla,0.0,1.0
forvaring,byra,badrumsskap,asking,1,0.659,,,,,,,,,,,,,,,,,,,,,okänd,,
forvaring,hylla,gammalt,asking,1,0.971,,,,,,,,,,,forvaring,forvaring,image,1200.0,0.5555555555555556,forvaring,forvaring,image,1200.0,0.5555555555555556,hylla,0.0,1.0
forvaring,forvaring,jalusiskap,asking,1,0.949,,,,,,forvaring,forvaring,prior,0.0,1.0,forvaring,forvaring,image,0.0,1.0,forvaring,forvaring,prior,0.0,1.0,hylla,150.0,0.6666666666666666
forvaring,hylla,bill,asking,1,0.809,,,,,,forvaring,forvaring,prior,,,forvaring,forvaring,image,,,forvaring,forvaring,prior,,,okänd,,
forvaring,vitrin,mio,asking,1,0.623,,,,,,,,,,,,,,,,,,,,,hylla,2100.0,0.16
forvaring,forvaring,forvaring,asking,1,1.0,,,,,,,,,,,forvaring,forvaring,image,0.0,1.0,forvaring,forvaring,image,0.0,1.0,hylla,0.0,1.0
forvaring,forvaring,klassisk,asking,1,0.553,,,,,,,,,,,,,,,,,,,,,okänd,,
forvaring,forvaring,brimnes,asking,1,0.891,,,,,,,,,,,forvaring,forvaring,image,0.0,1.0,forvaring,forvaring,image,0.0,1.0,hylla,200.0,0.7142857142857143
forvaring,hylla,svalnas,asking,1,0.97,,,,,,,,,,,forvaring,forvaring,image,,,forvaring,forvaring,image,,,hylla,0.0,1.0
forvaring,forvaring,gustaviansk-stil,realized,1,1.0,,,,,,,,,,,forvaring,forvaring,image,0.0,1.0,forvaring,forvaring,image,0.0,1.0,hylla,131.0,0.8458823529411764
forvaring,hylla,tidigt,realized,1,1.0,,,,,,,,,,,forvaring,forvaring,image,700.0,1.7,forvaring,forvaring,image,700.0,1.7,okänd,,
forvaring,hylla,kallax,asking,1,0.971,,,,,,forvaring,forvaring,prior,0.0,1.0,forvaring,forvaring,image,0.0,1.0,forvaring,forvaring,prior,0.0,1.0,hylla,0.0,1.0
forvaring,forvaring,eket,asking,2,0.975,,,,,,forvaring,forvaring,prior,0.0,1.0,forvaring,forvaring,image,0.0,1.0,forvaring,forvaring,prior,0.0,1.0,byrå,,
forvaring,byra,malm,asking,2,0.976,,,,,,,,,,,forvaring,forvaring,image,600.0,2.5,forvaring,forvaring,image,600.0,2.5,byrå,,
forvaring,byra,hemnes,asking,1,1.0,,,,,,,,,,,forvaring,forvaring,image,500.0,0.5454545454545454,forvaring,forvaring,image,500.0,0.5454545454545454,byrå,,
forvaring,hylla,kallax,asking,1,0.939,,,,,,forvaring,forvaring,prior,0.0,1.0,forvaring,forvaring,image,0.0,1.0,forvaring,forvaring,prior,0.0,1.0,hylla,0.0,1.0
forvaring,forvaring,badrumsskap,asking,3,0.906,,,,,,,,,,,forvaring,forvaring,image,0.0,1.0,forvaring,forvaring,image,0.0,1.0,hylla,285.0,0.5928571428571429
forvaring,hylla,mitt,realized,1,1.0,,,,,,,,,,,forvaring,forvaring,image,458.0,1.7046153846153846,forvaring,forvaring,image,458.0,1.7046153846153846,byrå,,
forvaring,forvaring,home,asking,1,0.842,,,,,,,,,,,forvaring,forvaring,image,0.0,1.0,forvaring,forvaring,image,0.0,1.0,okänd,,
forvaring,hylla,bank,asking,1,0.641,,,,,,,,,,,,,,,,,,,,,okänd,,
forvaring,forvaring,borjan,realized,1,1.0,,,,,,,,,,,forvaring,forvaring,image,0.0,1.0,forvaring,forvaring,image,0.0,1.0,hylla,500.0,0.75
forvaring,byra,4-lador,asking,1,1.0,,,,,,,,,,,forvaring,forvaring,image,,,forvaring,forvaring,image,,,byrå,,
forvaring,forvaring,metod,asking,1,0.935,,,,,,,,,,,forvaring,forvaring,image,0.0,1.0,forvaring,forvaring,image,0.0,1.0,hylla,2200.0,3.75
forvaring,forvaring,forvaringsskap,asking,1,0.776,,,,,,,,,,,forvaring,forvaring,image,0.0,1.0,forvaring,forvaring,image,0.0,1.0,okänd,,
forvaring,forvaring,svedbergs,asking,1,0.447,,,,,,forvaring,forvaring,prior,0.0,1.0,,,,,,forvaring,forvaring,prior,0.0,1.0,spegel,700.0,1.875
forvaring,hylla,1960-tal,realized,1,0.57,,,,,,,,,,,,,,,,,,,,,hylla,0.0,1.0
forvaring,byra,unik,asking,1,0.437,,,,,,,,,,,,,,,,,,,,,bord,400.0,0.8518518518518519
forvaring,forvaring,efg,asking,1,0.919,,,,,,forvaring,forvaring,prior,0.0,1.0,forvaring,forvaring,image,0.0,1.0,forvaring,forvaring,prior,0.0,1.0,hylla,,
forvaring,byra,besta,asking,1,0.814,,,,,,forvaring,forvaring,prior,250.0,0.75,forvaring,forvaring,image,250.0,0.75,forvaring,forvaring,prior,250.0,0.75,byrå,,
forvaring,forvaring,vaggskap,asking,1,1.0,,,,,,,,,,,forvaring,forvaring,image,0.0,1.0,forvaring,forvaring,image,0.0,1.0,hylla,100.0,0.8333333333333334
forvaring,hylla,essem,asking,1,0.671,,,,,,,,,,,,,,,,,,,,,hylla,0.0,1.0
forvaring,vitrin,vackert,asking,1,1.0,,,,,,,,,,,forvaring,forvaring,image,1197.5,0.6966434452184928,forvaring,forvaring,image,1197.5,0.6966434452184928,hylla,1047.5,0.7346421785940469
forvaring,vitrin,vitrinluckor,asking,1,1.0,,,,,,forvaring,forvaring,prior,,,forvaring,forvaring,image,,,forvaring,forvaring,prior,,,hylla,,
forvaring,vitrin,undantaget,asking,1,1.0,,,,,,,,,,,forvaring,forvaring,image,,,forvaring,forvaring,image,,,hylla,,
forvaring,hylla,sektioner,realized,1,1.0,,,,,,,,,,,forvaring,forvaring,image,1344.0,1.8115942028985508,forvaring,forvaring,image,1344.0,1.8115942028985508,hylla,0.0,1.0
forvaring,forvaring,jattefint,asking,1,0.976,,,,,,,,,,,forvaring,forvaring,image,0.0,1.0,forvaring,forvaring,image,0.0,1.0,hylla,545.0,0.6354515050167224
forvaring,forvaring,lador,asking,1,0.828,,,,,,forvaring,forvaring,prior,0.0,1.0,forvaring,forvaring,image,0.0,1.0,forvaring,forvaring,prior,0.0,1.0,byrå,,
forvaring,skank,jotex,asking,1,0.914,,,,,,,,,,,forvaring,forvaring,image,1100.0,1.55,forvaring,forvaring,image,1100.0,1.55,hylla,1200.0,0.4
forvaring,skank,gustavianska,asking,1,0.949,,,,,,,,,,,forvaring,forvaring,image,,,forvaring,forvaring,image,,,byrå,,
forvaring,forvaring,rymligt,asking,1,0.917,,,,,,bord,bord,prior,100.0,0.9,forvaring,forvaring,image,0.0,1.0,bord,bord,prior,100.0,0.9,hylla,,
forvaring,byra,sot,asking,1,0.945,,,,,,,,,,,forvaring,forvaring,image,,,forvaring,forvaring,image,,,byrå,,
forvaring,forvaring,rakkestad,asking,1,1.0,,,,,,forvaring,forvaring,prior,0.0,1.0,forvaring,forvaring,image,0.0,1.0,forvaring,forvaring,prior,0.0,1.0,hylla,,
forvaring,hylla,hjartan,asking,1,0.0,,,,,,,,,,,,,,,,,,,,,,,
forvaring,hylla,60cm,asking,1,0.965,,,,,,,,,,,forvaring,forvaring,image,295.0,1.59,forvaring,forvaring,image,295.0,1.59,hylla,0.0,1.0
forvaring,forvaring,vital,asking,1,0.973,,,,,,,,,,,forvaring,forvaring,image,0.0,1.0,forvaring,forvaring,image,0.0,1.0,hylla,,
forvaring,vitrin,gustaviansk,realized,1,0.976,,,,,,,,,,,forvaring,forvaring,image,550.0,0.6333333333333333,forvaring,forvaring,image,550.0,0.6333333333333333,hylla,350.0,0.7666666666666667
forvaring,hylla,hyllplan,asking,1,0.695,,,,,,forvaring,forvaring,prior,42.5,0.919047619047619,,,,,,forvaring,forvaring,prior,42.5,0.919047619047619,del/tillbehör,,
forvaring,byra,rubrik,asking,1,1.0,,,,,,,,,,,forvaring,forvaring,image,,,forvaring,forvaring,image,,,byrå,,
forvaring,hylla,mediabank,asking,1,0.889,,,,,,,,,,,forvaring,forvaring,image,250.0,1.625,forvaring,forvaring,image,250.0,1.625,okänd,,
forvaring,skank,svenskt,asking,1,0.806,,,,,,,,,,,bord,bord,image,7025.0,0.11075949367088607,bord,bord,image,7025.0,0.11075949367088607,bord,7025.0,0.11075949367088607
forvaring,skank,klassisk,asking,1,0.975,,,,,,,,,,,forvaring,forvaring,image,1000.0,0.4117647058823529,forvaring,forvaring,image,1000.0,0.4117647058823529,byrå,,
forvaring,hylla,jysk,asking,1,0.95,,,,,,,,,,,forvaring,forvaring,image,600.0,3.0,forvaring,forvaring,image,600.0,3.0,hylla,0.0,1.0
forvaring,byra,smal,asking,1,0.942,,,,,,forvaring,forvaring,prior,700.0,2.75,forvaring,forvaring,image,700.0,2.75,forvaring,forvaring,prior,700.0,2.75,byrå,,
forvaring,byra,idanas,asking,1,1.0,,,,,,forvaring,forvaring,prior,200.0,1.125,forvaring,forvaring,image,200.0,1.125,forvaring,forvaring,prior,200.0,1.125,byrå,,
forvaring,hylla,billy,asking,1,1.0,,,,,,forvaring,forvaring,prior,50.0,1.1428571428571428,forvaring,forvaring,image,50.0,1.1428571428571428,forvaring,forvaring,prior,50.0,1.1428571428571428,hylla,0.0,1.0
forvaring,byra,1800-talets,realized,1,1.0,,,,,,,,,,,forvaring,forvaring,image,1265.5,2.256703078450844,forvaring,forvaring,image,1265.5,2.256703078450844,byrå,,
forvaring,vitrin,glasdorrar,asking,1,1.0,,,,,,forvaring,forvaring,prior,350.0,1.411764705882353,forvaring,forvaring,image,350.0,1.411764705882353,forvaring,forvaring,prior,350.0,1.411764705882353,hylla,225.0,0.7352941176470589
forvaring,byra,malm,asking,1,1.0,,,,,,forvaring,forvaring,prior,600.0,2.5,forvaring,forvaring,image,600.0,2.5,forvaring,forvaring,prior,600.0,2.5,byrå,,
forvaring,forvaring,vackert,asking,1,0.908,,,,,,,,,,,forvaring,forvaring,image,0.0,1.0,forvaring,forvaring,image,0.0,1.0,byrå,,
forvaring,forvaring,antikt,asking,1,0.975,,,,,,,,,,,forvaring,forvaring,image,0.0,1.0,forvaring,forvaring,image,0.0,1.0,hylla,900.0,0.6538461538461539
forvaring,forvaring,spiksmed,asking,1,0.955,,,,,,forvaring,forvaring,prior,0.0,1.0,forvaring,forvaring,image,0.0,1.0,forvaring,forvaring,prior,0.0,1.0,hylla,,
forvaring,forvaring,barskap,realized,1,0.808,,,,,,,,,,,forvaring,forvaring,image,0.0,1.0,forvaring,forvaring,image,0.0,1.0,okänd,,
forvaring,hylla,essem,asking,1,0.891,,,,,,,,,,,forvaring,forvaring,image,,,forvaring,forvaring,image,,,hylla,0.0,1.0
forvaring,byra,design,asking,1,0.894,,,,,,,,,,,forvaring,forvaring,image,250.0,0.9152542372881356,forvaring,forvaring,image,250.0,0.9152542372881356,byrå,,
forvaring,hylla,bokskap,realized,1,1.0,,,,,,,,,,,forvaring,forvaring,image,300.0,0.9142857142857143,forvaring,forvaring,image,300.0,0.9142857142857143,hylla,0.0,1.0
forvaring,hylla,lack,asking,1,0.655,,,,,,,,,,,,,,,,,,,,,del/tillbehör,,
fotpall,fotpall,rusta,asking,1,1.0,,,,,,,,,,,fotpall,fotpall,image,0.0,1.0,fotpall,fotpall,image,0.0,1.0,fotpall,0.0,1.0
fotpall,fotpall,boucle,asking,1,0.788,,,,,,,,,,,fotpall,fotpall,image,0.0,1.0,fotpall,fotpall,image,0.0,1.0,fotpall,0.0,1.0
fotpall,fotpall,naturvit,asking,1,0.68,,,,,,,,,,,,,,,,,,,,,fotpall,0.0,1.0
fotpall,fotpall,sittpuffar,asking,1,0.869,,,,,,,,,,,fotpall,fotpall,image,0.0,1.0,fotpall,fotpall,image,0.0,1.0,fotpall,0.0,1.0
fotpall,fotpall,forvarning,asking,1,0.569,,,,,,,,,,,,,,,,,,,,,fotpall,0.0,1.0
fotpall,fotpall,kladsel,asking,1,0.0,,,,,,,,,,,,,,,,,,,,,,,
fotpall,fotpall,tankedal,asking,1,0.896,,,,,,,,,,,stol,stol,image,,,stol,stol,image,,,stol,,
fotpall,fotpall,look,asking,1,0.907,,,,,,,,,,,fotpall,fotpall,image,0.0,1.0,fotpall,fotpall,image,0.0,1.0,fotpall,0.0,1.0
fotpall,fotpall,sitt,asking,1,0.974,,,,,,,,,,,fotpall,fotpall,image,0.0,1.0,fotpall,fotpall,image,0.0,1.0,fotpall,0.0,1.0
fotpall,fotpall,aage,asking,1,0.773,,,,,,,,,,,sanggavel,sanggavel,image,,,sanggavel,sanggavel,image,,,sänggavel,,
fotpall,fotpall,sittbank,asking,1,0.594,,,,,,,,,,,,,,,,,,,,,bord,1224.5,4.06125
fotpall,fotpall,mio,asking,2,0.637,,,,,,,,,,,,,,,,,,,,,fotpall,0.0,1.0
fotpall,fotpall,ligne,asking,1,0.283,,,,,,,,,,,,,,,,,,,,,fotpall,0.0,1.0
fotpall,fotpall,sitpuff,asking,1,0.341,,,,,,,,,,,,,,,,,,,,,bord,,
fotpall,fotpall,lilja,asking,1,0.965,,,,,,,,,,,fotpall,fotpall,image,0.0,1.0,fotpall,fotpall,image,0.0,1.0,fotpall,0.0,1.0
fotpall,fotpall,poang,asking,1,0.868,,,,,,stol,stol,prior,355.0,2.2033898305084745,stol,stol,image,355.0,2.2033898305084745,stol,stol,prior,355.0,2.2033898305084745,fåtölj,,
fotpall,fotpall,copenhagen,asking,1,0.819,,,,,,,,,,,soffa,soffa,image,3000.0,2.0,soffa,soffa,image,3000.0,2.0,soffa,3000.0,2.0
fotpall,fotpall,sittpall,asking,1,1.0,,,,,,,,,,,fotpall,fotpall,image,0.0,1.0,fotpall,fotpall,image,0.0,1.0,fotpall,0.0,1.0
fotpall,fotpall,sypuff,asking,1,0.749,,,,,,,,,,,fotpall,fotpall,image,0.0,1.0,fotpall,fotpall,image,0.0,1.0,fotpall,0.0,1.0
fotpall,fotpall,beanbag,asking,1,1.0,,,,,,,,,,,fotpall,fotpall,image,0.0,1.0,fotpall,fotpall,image,0.0,1.0,okänd,,
fotpall,fotpall,fatboy,asking,2,0.867,,,,,,fotpall,fotpall,prior,0.0,1.0,fotpall,fotpall,image,0.0,1.0,fotpall,fotpall,prior,0.0,1.0,okänd,,
fotpall,fotpall,saccosack,asking,1,0.498,,,,,,,,,,,,,,,,,,,,,bord,,
fotpall,fotpall,eilersen,asking,1,0.857,,,,,,soffa,soffa,prior,15000.0,6.0,fotpall,fotpall,image,0.0,1.0,soffa,soffa,prior,15000.0,6.0,okänd,,
fotpall,fotpall,tva,asking,1,0.974,,,,,,,,,,,soffa,soffa,image,1500.0,4.0,soffa,soffa,image,1500.0,4.0,soffa,1500.0,4.0
fotpall,fotpall,1960-tal,realized,1,1.0,,,,,,,,,,,fotpall,fotpall,image,0.0,1.0,fotpall,fotpall,image,0.0,1.0,fotpall,0.0,1.0
fotpall,fotpall,broderad,asking,1,0.945,,,,,,stol,stol,prior,25.0,1.0714285714285714,bord,bord,image,,,stol,stol,prior,25.0,1.0714285714285714,bord,,
fotpall,fotpall,ellos,asking,1,0.737,,,,,,,,,,,fotpall,fotpall,image,0.0,1.0,fotpall,fotpall,image,0.0,1.0,fotpall,0.0,1.0
fotpall,fotpall,kelim,asking,1,0.804,,,,,,,,,,,fotpall,fotpall,image,0.0,1.0,fotpall,fotpall,image,0.0,1.0,fotpall,0.0,1.0
fotpall,fotpall,fotpallar,asking,1,0.803,,,,,,,,,,,forvaring,forvaring,image,,,forvaring,forvaring,image,,,byrå,,
fotpall,fotpall,svedese,asking,1,0.602,,,,,,,,,,,,,,,,,,,,,fotpall,0.0,1.0
fotpall,fotpall,home,asking,1,0.714,,,,,,,,,,,fotpall,fotpall,image,0.0,1.0,fotpall,fotpall,image,0.0,1.0,fotpall,0.0,1.0
fotpall,fotpall,jotex,asking,1,0.324,,,,,,,,,,,,,,,,,,,,,okänd,,
fotpall,fotpall,akta,asking,1,0.388,,,,,,,,,,,,,,,,,,,,,fotpall,0.0,1.0
fotpall,fotpall,textil,realized,1,0.484,,,,,,,,,,,,,,,,,,,,,fotpall,0.0,1.0
fotpall,fotpall,hay,asking,1,0.7,,,,,,,,,,,fotpall,fotpall,image,0.0,1.0,fotpall,fotpall,image,0.0,1.0,fotpall,0.0,1.0
fotpall,fotpall,lampskarm,asking,1,0.72,,,,,,bord,bord,prior,,,forvaring,forvaring,image,,,bord,bord,prior,,,hylla,,
fotpall,fotpall,forvaring,asking,1,0.929,,,,,,,,,,,fotpall,fotpall,image,0.0,1.0,fotpall,fotpall,image,0.0,1.0,fotpall,0.0,1.0
fotpall,fotpall,bank,asking,1,0.429,,,,,,,,,,,,,,,,,,,,,okänd,,
fotpall,fotpall,blagra,asking,1,0.867,,,,,,,,,,,sang,sang,image,,,sang,sang,image,,,okänd,,
fotpall,fotpall,fatboy,asking,1,1.0,,,,,,fotpall,fotpall,prior,0.0,1.0,fotpall,fotpall,image,0.0,1.0,fotpall,fotpall,prior,0.0,1.0,fotpall,0.0,1.0
fotpall,fotpall,mio,asking,1,0.84,,,,,,,,,,,fotpall,fotpall,image,0.0,1.0,fotpall,fotpall,image,0.0,1.0,fotpall,0.0,1.0
fotpall,fotpall,mio,asking,1,0.652,,,,,,,,,,,,,,,,,,,,,bord,300.0,1.75
fotpall,fotpall,shepherd,asking,1,0.972,,,,,,stol,stol,prior,,,forvaring,forvaring,image,,,stol,stol,prior,,,byrå,,
fotpall,fotpall,bolia,asking,1,0.538,,,,,,,,,,,,,,,,,,,,,bord,1200.0,1.6666666666666667
fotpall,fotpall,ljus,asking,1,0.513,,,,,,,,,,,,,,,,,,,,,bord,100.0,1.1666666666666667
fotpall,fotpall,mio,asking,1,0.462,,,,,,,,,,,,,,,,,,,,,okänd,,
fotpall,fotpall,sittpuffar,realized,1,1.0,,,,,,,,,,,fotpall,fotpall,image,0.0,1.0,fotpall,fotpall,image,0.0,1.0,fotpall,0.0,1.0
fotpall,fotpall,sammets,asking,1,0.974,,,,,,,,,,,fotpall,fotpall,image,0.0,1.0,fotpall,fotpall,image,0.0,1.0,fotpall,0.0,1.0
fotpall,fotpall,coconino,asking,1,0.0,,,,,,,,,,,,,,,,,,,,,,,
fotpall,fotpall,handtillverkad,asking,1,0.85,,,,,,,,,,,fotpall,fotpall,image,0.0,1.0,fotpall,fotpall,image,0.0,1.0,fotpall,0.0,1.0
fotpall,fotpall,klassisk,asking,1,1.0,,,,,,,,,,,fotpall,fotpall,image,0.0,1.0,fotpall,fotpall,image,0.0,1.0,fotpall,0.0,1.0
fotpall,fotpall,forvaring,asking,1,0.967,,,,,,,,,,,fotpall,fotpall,image,0.0,1.0,fotpall,fotpall,image,0.0,1.0,fotpall,0.0,1.0
fotpall,fotpall,mio,asking,1,0.802,,,,,,,,,,,fotpall,fotpall,image,0.0,1.0,fotpall,fotpall,image,0.0,1.0,fotpall,0.0,1.0
fotpall,fotpall,beetle,realized,1,0.496,,,,,,,,,,,,,,,,,,,,,fotpall,0.0,1.0
fotpall,fotpall,nattraby,asking,1,0.832,,,,,,,,,,,stol,stol,image,,,stol,stol,image,,,stol,,
fotpall,fotpall,sittsackar,asking,1,1.0,,,,,,,,,,,fotpall,fotpall,image,0.0,1.0,fotpall,fotpall,image,0.0,1.0,okänd,,
fotpall,fotpall,anna,asking,1,0.788,,,,,,,,,,,fotpall,fotpall,image,0.0,1.0,fotpall,fotpall,image,0.0,1.0,fotpall,0.0,1.0
fotpall,fotpall,fogia,asking,1,0.737,,,,,,,,,,,fotpall,fotpall,image,0.0,1.0,fotpall,fotpall,image,0.0,1.0,fotpall,0.0,1.0
fotpall,fotpall,fotpallar,asking,1,0.944,,,,,,,,,,,sang,sang,image,,,sang,sang,image,,,säng,,
fotpall,fotpall,barn,asking,1,0.726,,,,,,,,,,,stol,stol,image,90.0,1.5625,stol,stol,image,90.0,1.5625,fåtölj,,
fotpall,fotpall,mio,asking,2,0.79,,,,,,,,,,,fotpall,fotpall,image,0.0,1.0,fotpall,fotpall,image,0.0,1.0,fotpall,0.0,1.0
fotpall,fotpall,blommiga,asking,1,0.468,,,,,,,,,,,,,,,,,,,,,fotpall,0.0,1.0
fotpall,fotpall,snurrfotolj,asking,1,0.949,,,,,,,,,,,stol,stol,image,,,stol,stol,image,,,fåtölj,,
fotpall,fotpall,kladsel,asking,1,0.626,,,,,,,,,,,,,,,,,,,,,säng,,
fotpall,fotpall,mio,asking,1,0.639,,,,,,,,,,,,,,,,,,,,,soffa,3100.0,8.75
fotpall,fotpall,atelier,asking,1,0.615,,,,,,,,,,,,,,,,,,,,,fotpall,0.0,1.0
fotpall,fotpall,concept,asking,1,0.355,,,,,,,,,,,,,,,,,,,,,fotpall,0.0,1.0
fotpall,fotpall,hal,asking,1,0.46,,,,,,,,,,,,,,,,,,,,,soffa,,
fotpall,fotpall,sittpall,asking,1,0.49,,,,,,,,,,,,,,,,,,,,,fotpall,0.0,1.0
fotpall,fotpall,poang,asking,1,0.469,,,,,,stol,stol,prior,350.0,2.1666666666666665,,,,,,stol,stol,prior,350.0,2.1666666666666665,stol,350.0,2.1666666666666665
fotpall,fotpall,mio,asking,1,0.971,,,,,,,,,,,fotpall,fotpall,image,0.0,1.0,fotpall,fotpall,image,0.0,1.0,fotpall,0.0,1.0
fotpall,fotpall,modern,realized,1,0.755,,,,,,,,,,,fotpall,fotpall,image,0.0,1.0,fotpall,fotpall,image,0.0,1.0,fotpall,0.0,1.0
fotpall,fotpall,ellos,asking,1,0.615,,,,,,,,,,,,,,,,,,,,,fotpall,0.0,1.0
fotpall,fotpall,kuddsats,asking,1,0.825,,,,,,stol,stol,prior,,,stol,stol,image,,,stol,stol,prior,,,fotpall,0.0,1.0
fotpall,fotpall,stressless,asking,1,1.0,,,,,,stol,stol,prior,2000.0,0.3333333333333333,stol,stol,image,2000.0,0.3333333333333333,stol,stol,prior,2000.0,0.3333333333333333,fåtölj,,
fotpall,fotpall,sittpuffar,asking,1,0.86,,,,,,,,,,,fotpall,fotpall,image,0.0,1.0,fotpall,fotpall,image,0.0,1.0,fotpall,0.0,1.0
fotpall,fotpall,sypall,asking,1,0.801,,,,,,fotpall,fotpall,prior,0.0,1.0,fotpall,fotpall,image,0.0,1.0,fotpall,fotpall,prior,0.0,1.0,fotpall,0.0,1.0
fotpall,fotpall,sittpuffar,asking,1,0.867,,,,,,,,,,,fotpall,fotpall,image,0.0,1.0,fotpall,fotpall,image,0.0,1.0,fotpall,0.0,1.0
fotpall,fotpall,fatboy,asking,1,0.938,,,,,,,,,,,fotpall,fotpall,image,0.0,1.0,fotpall,fotpall,image,0.0,1.0,okänd,,
fotpall,fotpall,fyrkantig,asking,1,0.309,,,,,,,,,,,,,,,,,,,,,fotpall,0.0,1.0
fotpall,fotpall,mio,asking,1,0.832,,,,,,,,,,,stol,stol,image,0.0,1.0,stol,stol,image,0.0,1.0,fåtölj,,
fotpall,fotpall,sypuff,asking,1,0.297,,,,,,,,,,,,,,,,,,,,,okänd,,
fotpall,fotpall,80-tal,asking,1,1.0,,,,,,,,,,,fotpall,fotpall,image,0.0,1.0,fotpall,fotpall,image,0.0,1.0,fotpall,0.0,1.0
fotpall,fotpall,sittpuffar,asking,1,0.56,,,,,,,,,,,,,,,,,,,,,fotpall,0.0,1.0
fotpall,fotpall,artwood,asking,1,0.567,,,,,,,,,,,,,,,,,,,,,soffa,12125.0,6.105263157894737
fotpall,fotpall,oliv,asking,1,0.974,,,,,,,,,,,fotpall,fotpall,image,0.0,1.0,fotpall,fotpall,image,0.0,1.0,fotpall,0.0,1.0
fotpall,fotpall,forvaring,asking,1,0.919,,,,,,,,,,,fotpall,fotpall,image,0.0,1.0,fotpall,fotpall,image,0.0,1.0,fotpall,0.0,1.0
fotpall,fotpall,forvaringspall,asking,1,0.71,,,,,,,,,,,fotpall,fotpall,image,0.0,1.0,fotpall,fotpall,image,0.0,1.0,fotpall,0.0,1.0
fotpall,fotpall,rokokostil,realized,1,0.509,,,,,,,,,,,,,,,,,,,,,okänd,,
fotpall,fotpall,boconcept,asking,1,0.491,,,,,,,,,,,,,,,,,,,,,fotpall,0.0,1.0
fotpall,fotpall,fatboy,asking,1,0.301,,,,,,fotpall,fotpall,prior,0.0,1.0,,,,,,fotpall,fotpall,prior,0.0,1.0,okänd,,
fotpall,fotpall,soffmodul,asking,1,0.602,,,,,,soffa,soffa,prior,108.5,0.845,,,,,,soffa,soffa,prior,108.5,0.845,fotpall,0.0,1.0
fotpall,fotpall,jotex,asking,1,0.882,,,,,,,,,,,sanggavel,sanggavel,image,435.0,1.6214285714285714,sanggavel,sanggavel,image,435.0,1.6214285714285714,sänggavel,,
fotpall,fotpall,mio,asking,1,0.918,,,,,,,,,,,fotpall,fotpall,image,0.0,1.0,fotpall,fotpall,image,0.0,1.0,fotpall,0.0,1.0
fotpall,fotpall,elegant,asking,1,0.756,,,,,,,,,,,bord,bord,image,500.0,1.5,bord,bord,image,500.0,1.5,bord,500.0,1.5
fotpall,fotpall,forvaring,asking,1,0.511,,,,,,,,,,,,,,,,,,,,,okänd,,
fotpall,fotpall,roma,asking,1,1.0,,,,,,sang,sang,prior,2450.0,2.5806451612903225,fotpall,fotpall,image,0.0,1.0,sang,sang,prior,2450.0,2.5806451612903225,fotpall,0.0,1.0
fotpall,fotpall,sammetspuff,asking,1,0.76,,,,,,,,,,,fotpall,fotpall,image,0.0,1.0,fotpall,fotpall,image,0.0,1.0,fotpall,0.0,1.0
fotpall,fotpall,mio,asking,1,0.578,,,,,,,,,,,,,,,,,,,,,okänd,,
fotpall,fotpall,vimle,asking,1,0.616,,,,,,,,,,,,,,,,,,,,,fotpall,0.0,1.0
fotpall,fotpall,karlstad,asking,1,0.527,,,,,,soffa,soffa,prior,950.0,3.111111111111111,,,,,,soffa,soffa,prior,950.0,3.111111111111111,fotpall,0.0,1.0
fotpall,fotpall,sittpuffar,asking,1,0.871,,,,,,,,,,,stol,stol,image,,,stol,stol,image,,,fåtölj,,
fotpall,fotpall,ellos,asking,1,0.614,,,,,,,,,,,,,,,,,,,,,fotpall,0.0,1.0
fotpall,fotpall,yngve,asking,1,0.944,,,,,,stol,stol,prior,3000.0,0.25,stol,stol,image,3000.0,0.25,stol,stol,prior,3000.0,0.25,fåtölj,,
fotpall,fotpall,forvaring,asking,3,0.861,,,,,,,,,,,fotpall,fotpall,image,0.0,1.0,fotpall,fotpall,image,0.0,1.0,fotpall,0.0,1.0
fotpall,fotpall,stallbar,realized,1,0.312,,,,,,,,,,,,,,,,,,,,,okänd,,
fotpall,fotpall,lamino,realized,1,0.505,,,,,,stol,stol,prior,858.0,1.3663535439795047,,,,,,stol,stol,prior,858.0,1.3663535439795047,okänd,,
fotpall,fotpall,lackat,asking,1,0.468,,,,,,,,,,,,,,,,,,,,,soffa,,
fotpall,fotpall,ben,asking,1,0.696,,,,,,,,,,,,,,,,,,,,,fotpall,0.0,1.0
fotpall,fotpall,home,asking,1,0.751,,,,,,,,,,,soffa,soffa,image,4350.0,8.25,soffa,soffa,image,4350.0,8.25,soffa,4350.0,8.25
fotpall,fotpall,bruno,asking,1,0.834,,,,,,,,,,,stol,stol,image,5150.0,0.42134831460674155,stol,stol,image,5150.0,0.42134831460674155,fotpall,0.0,1.0
fotpall,fotpall,mio,asking,1,0.673,,,,,,,,,,,,,,,,,,,,,soffa,3100.0,8.75
fotpall,fotpall,rowico,asking,1,0.576,,,,,,,,,,,,,,,,,,,,,fotpall,0.0,1.0
fotpall,fotpall,sypuff,asking,1,0.451,,,,,,,,,,,,,,,,,,,,,okänd,,
fotpall,fotpall,saljs,asking,1,0.443,,,,,,,,,,,,,,,,,,,,,bord,313.0,1.611328125
fotpall,fotpall,modell,asking,1,0.789,,,,,,,,,,,fotpall,fotpall,image,0.0,1.0,fotpall,fotpall,image,0.0,1.0,fotpall,0.0,1.0
fotpall,fotpall,mio,asking,1,0.337,,,,,,,,,,,,,,,,,,,,,soffa,3100.0,8.75
fotpall,fotpall,mio,asking,1,0.529,,,,,,,,,,,,,,,,,,,,,fotpall,0.0,1.0
fotpall,fotpall,franska,realized,1,0.611,,,,,,,,,,,,,,,,,,,,,fotpall,0.0,1.0
fotpall,fotpall,fotpallar,asking,1,0.788,,,,,,stol,stol,prior,1074.0,3.685,stol,stol,image,1074.0,3.685,stol,stol,prior,1074.0,3.685,stol,1074.0,3.685
fotpall,fotpall,johanson,asking,1,0.867,,,,,,,,,,,fotpall,fotpall,image,0.0,1.0,fotpall,fotpall,image,0.0,1.0,fotpall,0.0,1.0
fotpall,fotpall,kivik,asking,1,0.689,,,,,,soffa,soffa,prior,900.0,2.5,,,,,,soffa,soffa,prior,900.0,2.5,soffa,900.0,2.5
fotpall,fotpall,bolia,asking,1,0.975,,,,,,,,,,,soffa,soffa,image,3700.0,3.0555555555555554,soffa,soffa,image,3700.0,3.0555555555555554,soffa,3700.0,3.0555555555555554
fotpall,fotpall,sittpuffar,asking,1,0.763,,,,,,,,,,,fotpall,fotpall,image,0.0,1.0,fotpall,fotpall,image,0.0,1.0,fotpall,0.0,1.0
fotpall,fotpall,gustaviansk,asking,1,0.822,,,,,,,,,,,fotpall,fotpall,image,0.0,1.0,fotpall,fotpall,image,0.0,1.0,fotpall,0.0,1.0
fotpall,fotpall,sandared,asking,1,0.878,,,,,,fotpall,fotpall,prior,0.0,1.0,fotpall,fotpall,image,0.0,1.0,fotpall,fotpall,prior,0.0,1.0,fotpall,0.0,1.0
fotpall,fotpall,kivik,asking,1,0.802,,,,,,,,,,,fotpall,fotpall,image,0.0,1.0,fotpall,fotpall,image,0.0,1.0,fotpall,0.0,1.0
fotpall,fotpall,fynda,asking,1,0.789,,,,,,,,,,,stol,stol,image,501.0,2.6755852842809364,stol,stol,image,501.0,2.6755852842809364,stol,501.0,2.6755852842809364
fotpall,fotpall,sandhamn,asking,1,1.0,,,,,,,,,,,soffa,soffa,image,,,soffa,soffa,image,,,soffa,,
fotpall,fotpall,poang,asking,1,0.733,,,,,,stol,stol,prior,350.0,2.1666666666666665,stol,stol,image,350.0,2.1666666666666665,stol,stol,prior,350.0,2.1666666666666665,fotpall,0.0,1.0
fotpall,fotpall,morkbla,asking,1,0.85,,,,,,,,,,,soffa,soffa,image,2800.0,6.6,soffa,soffa,image,2800.0,6.6,soffa,2800.0,6.6
fotpall,fotpall,fotpallar,asking,1,0.779,,,,,,,,,,,fotpall,fotpall,image,0.0,1.0,fotpall,fotpall,image,0.0,1.0,fotpall,0.0,1.0
fotpall,fotpall,mio,asking,1,0.709,,,,,,,,,,,fotpall,fotpall,image,0.0,1.0,fotpall,fotpall,image,0.0,1.0,fotpall,0.0,1.0
fotpall,fotpall,ektorp,asking,1,0.361,,,,,,,,,,,,,,,,,,,,,okänd,,
fotpall,fotpall,sweef,asking,1,0.87,,,,,,,,,,,soffa,soffa,image,7500.0,4.75,soffa,soffa,image,7500.0,4.75,soffa,7500.0,4.75
fotpall,fotpall,roterbar,asking,1,0.888,,,,,,,,,,,stol,stol,image,,,stol,stol,image,,,fotpall,0.0,1.0
fotpall,fotpall,stallbar,asking,1,0.911,,,,,,sang,sang,prior,2150.0,4.583333333333333,stol,stol,image,25.0,1.0416666666666667,sang,sang,prior,2150.0,4.583333333333333,fåtölj,,
fotpall,fotpall,rotting,asking,1,0.551,,,,,,,,,,,,,,,,,,,,,okänd,,
fotpall,fotpall,nellie,asking,1,0.465,,,,,,,,,,,,,,,,,,,,,fotpall,0.0,1.0
fotpall,fotpall,forvaringspuff,asking,1,0.817,,,,,,soffa,soffa,prior,,,fotpall,fotpall,image,0.0,1.0,soffa,soffa,prior,,,fotpall,0.0,1.0
fotpall,fotpall,handgjord,asking,1,0.854,,,,,,,,,,,fotpall,fotpall,image,0.0,1.0,fotpall,fotpall,image,0.0,1.0,fotpall,0.0,1.0
fotpall,fotpall,artwood,asking,1,0.837,,,,,,,,,,,fotpall,fotpall,image,0.0,1.0,fotpall,fotpall,image,0.0,1.0,fotpall,0.0,1.0
fotpall,fotpall,model,asking,1,0.975,,,,,,,,,,,soffa,soffa,image,,,soffa,soffa,image,,,soffa,,
fotpall,fotpall,jotex,asking,1,0.865,,,,,,,,,,,fotpall,fotpall,image,0.0,1.0,fotpall,fotpall,image,0.0,1.0,fotpall,0.0,1.0
fotpall,fotpall,ektorp,realized,1,0.473,,,,,,soffa,soffa,prior,385.0,4.208333333333333,,,,,,soffa,soffa,prior,385.0,4.208333333333333,fotpall,0.0,1.0
fotpall,fotpall,soderhamn,asking,1,0.681,,,,,,soffa,soffa,prior,1975.0,3.393939393939394,,,,,,soffa,soffa,prior,1975.0,3.393939393939394,fotpall,0.0,1.0
fotpall,fotpall,forvaring,asking,1,1.0,,,,,,,,,,,fotpall,fotpall,image,0.0,1.0,fotpall,fotpall,image,0.0,1.0,fotpall,0.0,1.0
fotpall,fotpall,fatboy,asking,2,0.698,,,,,,fotpall,fotpall,prior,0.0,1.0,,,,,,fotpall,fotpall,prior,0.0,1.0,okänd,,
fotpall,fotpall,ben,realized,1,0.676,,,,,,,,,,,,,,,,,,,,,fotpall,0.0,1.0
fotpall,fotpall,sittpallar,asking,1,0.473,,,,,,,,,,,,,,,,,,,,,okänd,,
fotpall,fotpall,stalands,asking,1,0.437,,,,,,,,,,,,,,,,,,,,,fotpall,0.0,1.0
fotpall,fotpall,harper,asking,1,0.582,,,,,,,,,,,,,,,,,,,,,fotpall,0.0,1.0
fotpall,fotpall,sittpall,asking,1,0.824,,,,,,,,,,,fotpall,fotpall,image,0.0,1.0,fotpall,fotpall,image,0.0,1.0,fotpall,0.0,1.0
fotpall,fotpall,rotting,asking,1,0.411,,,,,,,,,,,,,,,,,,,,,okänd,,
fotpall,fotpall,flower,realized,1,0.0,,,,,,,,,,,,,,,,,,,,,,,
fotpall,fotpall,sittpuffar,realized,1,1.0,,,,,,,,,,,fotpall,fotpall,image,0.0,1.0,fotpall,fotpall,image,0.0,1.0,fotpall,0.0,1.0
fotpall,fotpall,stockholm,asking,1,0.573,,,,,,,,,,,,,,,,,,,,,okänd,,
fotpall,fotpall,howard,asking,1,0.809,,,,,,,,,,,fotpall,fotpall,image,0.0,1.0,fotpall,fotpall,image,0.0,1.0,fotpall,0.0,1.0
fotpall,fotpall,johanson,asking,1,0.724,,,,,,,,,,,fotpall,fotpall,image,0.0,1.0,fotpall,fotpall,image,0.0,1.0,fotpall,0.0,1.0
fotpall,fotpall,soderhamn,asking,1,0.88,,,,,,soffa,soffa,prior,1975.0,3.393939393939394,sang,sang,image,,,soffa,soffa,prior,1975.0,3.393939393939394,säng,,
fotpall,fotpall,slettvoll,asking,1,0.584,,,,,,,,,,,,,,,,,,,,,bord,,
fotpall,fotpall,mammuten,asking,1,0.657,,,,,,,,,,,,,,,,,,,,,soffa,11150.0,4.912280701754386
fotpall,fotpall,sittpuffar,asking,1,0.483,,,,,,stol,stol,prior,,,,,,,,stol,stol,prior,,,stol,,
fotpall,fotpall,mobler,asking,1,0.733,,,,,,,,,,,stol,stol,image,0.0,1.0,stol,stol,image,0.0,1.0,fotpall,0.0,1.0
fotpall,fotpall,kivik,asking,1,0.646,,,,,,soffa,soffa,prior,900.0,2.5,,,,,,soffa,soffa,prior,900.0,2.5,fotpall,0.0,1.0
fotpall,fotpall,mobler,asking,1,0.697,,,,,,,,,,,,,,,,,,,,,fotpall,0.0,1.0
fotpall,fotpall,sandared,asking,1,0.868,,,,,,fotpall,fotpall,prior,0.0,1.0,fotpall,fotpall,image,0.0,1.0,fotpall,fotpall,prior,0.0,1.0,fotpall,0.0,1.0
fotpall,fotpall,svive,asking,1,0.806,,,,,,,,,,,stol,stol,image,950.0,3.375,stol,stol,image,950.0,3.375,stol,950.0,3.375
fotpall,fotpall,soderhamn,asking,1,0.608,,,,,,,,,,,,,,,,,,,,,fotpall,0.0,1.0
fotpall,fotpall,stockholm,asking,1,0.366,,,,,,,,,,,,,,,,,,,,,fotpall,0.0,1.0
fotpall,fotpall,rune,asking,1,0.974,,,,,,,,,,,stol,stol,image,,,stol,stol,image,,,fåtölj,,
fotpall,fotpall,fotolj,asking,1,0.973,,,,,,stol,stol,prior,400.0,0.6,stol,stol,image,400.0,0.6,stol,stol,prior,400.0,0.6,fåtölj,,
fotpall,fotpall,sittpuffar,asking,1,1.0,,,,,,,,,,,soffa,soffa,image,2650.0,11.6,soffa,soffa,image,2650.0,11.6,soffa,2650.0,11.6
fotpall,fotpall,fotpallar,realized,1,1.0,,,,,,,,,,,fotpall,fotpall,image,0.0,1.0,fotpall,fotpall,image,0.0,1.0,fotpall,0.0,1.0
fotpall,fotpall,stockholm,asking,1,0.971,,,,,,,,,,,fotpall,fotpall,image,0.0,1.0,fotpall,fotpall,image,0.0,1.0,fotpall,0.0,1.0
fotpall,fotpall,mio,asking,1,0.892,,,,,,,,,,,fotpall,fotpall,image,0.0,1.0,fotpall,fotpall,image,0.0,1.0,fotpall,0.0,1.0
fotpall,fotpall,nevada,asking,1,0.502,,,,,,,,,,,,,,,,,,,,,fotpall,0.0,1.0
fotpall,fotpall,jysk,asking,1,0.316,,,,,,,,,,,,,,,,,,,,,soffa,1875.0,5.6875
fotpall,fotpall,rokoko,realized,1,1.0,,,,,,,,,,,bord,bord,image,,,bord,bord,image,,,bord,,
fotpall,fotpall,mags,asking,1,0.216,,,,,,,,,,,,,,,,,,,,,okänd,,
fotpall,fotpall,sittpuffar,asking,1,0.402,,,,,,,,,,,,,,,,,,,,,okänd,,
fotpall,fotpall,klassiska,asking,1,0.281,,,,,,stol,stol,prior,,,,,,,,stol,stol,prior,,,fotpall,0.0,1.0
fotpall,fotpall,stomme,realized,1,0.669,,,,,,,,,,,,,,,,,,,,,fotpall,0.0,1.0
fotpall,fotpall,jotex,asking,1,0.544,,,,,,,,,,,,,,,,,,,,,fotpall,0.0,1.0
fotpall,fotpall,big,asking,1,0.597,,,,,,,,,,,,,,,,,,,,,fotpall,0.0,1.0
fotpall,fotpall,roda,asking,1,0.342,,,,,,,,,,,,,,,,,,,,,okänd,,
fotpall,fotpall,pernilla,asking,1,0.818,,,,,,,,,,,soffa,soffa,image,,,soffa,soffa,image,,,soffa,,
fotpall,fotpall,gustaviansk,realized,1,0.891,,,,,,,,,,,fotpall,fotpall,image,0.0,1.0,fotpall,fotpall,image,0.0,1.0,okänd,,
fotpall,fotpall,sittpuffar,asking,1,0.706,,,,,,,,,,,fotpall,fotpall,image,0.0,1.0,fotpall,fotpall,image,0.0,1.0,okänd,,
fotpall,fotpall,bruno,asking,1,0.973,,,,,,,,,,,stol,stol,image,4800.0,0.4482758620689655,stol,stol,image,4800.0,0.4482758620689655,fotpall,0.0,1.0
fotpall,fotpall,konstlader,asking,1,0.616,,,,,,stol,stol,prior,150.0,1.6,,,,,,stol,stol,prior,150.0,1.6,fotpall,0.0,1.0
fotpall,fotpall,little,asking,1,1.0,,,,,,stol,stol,prior,,,stol,stol,image,,,stol,stol,prior,,,fåtölj,,
fotpall,fotpall,2st,asking,1,0.378,,,,,,,,,,,,,,,,,,,,,hylla,25.0,1.1
fotpall,fotpall,saccosack,asking,1,1.0,,,,,,,,,,,fotpall,fotpall,image,0.0,1.0,fotpall,fotpall,image,0.0,1.0,okänd,,
fotpall,fotpall,harper,asking,1,0.761,,,,,,,,,,,fotpall,fotpall,image,0.0,1.0,fotpall,fotpall,image,0.0,1.0,fotpall,0.0,1.0
fotpall,fotpall,lamino,realized,1,0.72,,,,,,stol,stol,prior,908.0,1.3961605584642234,fotpall,fotpall,image,0.0,1.0,stol,stol,prior,908.0,1.3961605584642234,fotpall,0.0,1.0
fotpall,fotpall,poang,asking,1,0.92,,,,,,stol,stol,prior,355.0,2.2033898305084745,stol,stol,image,355.0,2.2033898305084745,stol,stol,prior,355.0,2.2033898305084745,fåtölj,,
fotpall,fotpall,sypall,asking,1,0.739,,,,,,fotpall,fotpall,prior,0.0,1.0,fotpall,fotpall,image,0.0,1.0,fotpall,fotpall,prior,0.0,1.0,fotpall,0.0,1.0
fotpall,fotpall,forvaring,asking,1,0.945,,,,,,,,,,,fotpall,fotpall,image,0.0,1.0,fotpall,fotpall,image,0.0,1.0,fotpall,0.0,1.0
fotpall,fotpall,mio,asking,1,0.513,,,,,,,,,,,,,,,,,,,,,soffa,3100.0,8.75
fotpall,fotpall,mio,asking,1,0.773,,,,,,,,,,,fotpall,fotpall,image,0.0,1.0,fotpall,fotpall,image,0.0,1.0,fotpall,0.0,1.0
fotpall,fotpall,grey,asking,1,0.413,,,,,,,,,,,,,,,,,,,,,soffa,3400.0,4.090909090909091
fotpall,fotpall,lang,asking,1,0.517,,,,,,,,,,,,,,,,,,,,,okänd,,
fotpall,fotpall,mio,asking,1,0.467,,,,,,,,,,,,,,,,,,,,,soffa,3100.0,8.75
fotpall,fotpall,scandinavia,realized,1,0.711,,,,,,,,,,,fotpall,fotpall,image,0.0,1.0,fotpall,fotpall,image,0.0,1.0,fotpall,0.0,1.0
fotpall,fotpall,sittpuffar,asking,1,0.611,,,,,,,,,,,,,,,,,,,,,okänd,,
fotpall,fotpall,sitpuff,asking,1,0.471,,,,,,,,,,,,,,,,,,,,,bord,,
fotpall,fotpall,jatte,asking,1,0.78,,,,,,,,,,,fotpall,fotpall,image,0.0,1.0,fotpall,fotpall,image,0.0,1.0,fotpall,0.0,1.0
fotpall,fotpall,forvaring,asking,1,0.915,,,,,,,,,,,fotpall,fotpall,image,0.0,1.0,fotpall,fotpall,image,0.0,1.0,fotpall,0.0,1.0
fotpall,fotpall,poang,asking,1,0.943,,,,,,stol,stol,prior,355.0,2.2033898305084745,stol,stol,image,355.0,2.2033898305084745,stol,stol,prior,355.0,2.2033898305084745,fåtölj,,
fotpall,fotpall,sittpuffar,asking,1,0.465,,,,,,,,,,,,,,,,,,,,,fotpall,0.0,1.0
fotpall,fotpall,trastomme,asking,1,0.527,,,,,,,,,,,,,,,,,,,,,stol,,
fotpall,fotpall,laderkladd,realized,1,0.802,,,,,,,,,,,fotpall,fotpall,image,0.0,1.0,fotpall,fotpall,image,0.0,1.0,fotpall,0.0,1.0
fotpall,fotpall,virkad,asking,1,0.774,,,,,,,,,,,fotpall,fotpall,image,0.0,1.0,fotpall,fotpall,image,0.0,1.0,fotpall,0.0,1.0
fotpall,fotpall,mio,asking,1,0.442,,,,,,,,,,,,,,,,,,,,,soffa,3100.0,8.75
fotpall,fotpall,norr11,realized,1,0.786,,,,,,,,,,,fotpall,fotpall,image,0.0,1.0,fotpall,fotpall,image,0.0,1.0,fotpall,0.0,1.0
fotpall,fotpall,guld,asking,1,0.948,,,,,,,,,,,fotpall,fotpall,image,0.0,1.0,fotpall,fotpall,image,0.0,1.0,fotpall,0.0,1.0
fotpall,fotpall,cumulus,asking,1,0.869,,,,,,sang,sang,prior,,,fotpall,fotpall,image,0.0,1.0,sang,sang,prior,,,fotpall,0.0,1.0
fotpall,fotpall,saccosack,asking,1,0.745,,,,,,,,,,,fotpall,fotpall,image,0.0,1.0,fotpall,fotpall,image,0.0,1.0,okänd,,
fotpall,fotpall,mio,asking,1,0.388,,,,,,,,,,,,,,,,,,,,,okänd,,
fotpall,fotpall,sittpuffar,asking,1,0.552,,,,,,,,,,,,,,,,,,,,,fotpall,0.0,1.0
fotpall,fotpall,mio,asking,1,1.0,,,,,,,,,,,fotpall,fotpall,image,0.0,1.0,fotpall,fotpall,image,0.0,1.0,okänd,,
fotpall,fotpall,mio,asking,1,0.536,,,,,,,,,,,,,,,,,,,,,fotpall,0.0,1.0
fotpall,fotpall,70-talet,asking,1,0.654,,,,,,,,,,,,,,,,,,,,,stol,,
fotpall,fotpall,kant,realized,1,1.0,,,,,,,,,,,fotpall,fotpall,image,0.0,1.0,fotpall,fotpall,image,0.0,1.0,fotpall,0.0,1.0
fotpall,fotpall,bruno,asking,1,0.73,,,,,,,,,,,stol,stol,image,5150.0,0.42134831460674155,stol,stol,image,5150.0,0.42134831460674155,fåtölj,,
fotpall,fotpall,2st,asking,1,0.974,,,,,,,,,,,stol,stol,image,125.0,1.5,stol,stol,image,125.0,1.5,fåtölj,,
fotpall,fotpall,fatboy,asking,1,1.0,,,,,,,,,,,fotpall,fotpall,image,0.0,1.0,fotpall,fotpall,image,0.0,1.0,okänd,,
fotpall,fotpall,forvaring,asking,1,0.923,,,,,,,,,,,fotpall,fotpall,image,0.0,1.0,fotpall,fotpall,image,0.0,1.0,fotpall,0.0,1.0
fotpall,fotpall,135cm,asking,1,0.708,,,,,,,,,,,sang,sang,image,,,sang,sang,image,,,säng,,
fotpall,fotpall,vimle,asking,1,0.527,,,,,,soffa,soffa,prior,1800.0,2.5,,,,,,soffa,soffa,prior,1800.0,2.5,okänd,,
fotpall,fotpall,fotpuff,asking,1,0.399,,,,,,,,,,,,,,,,,,,,,fotpall,0.0,1.0
fotpall,fotpall,sweef,asking,1,1.0,,,,,,,,,,,sang,sang,image,11000.0,6.5,sang,sang,image,11000.0,6.5,säng,,
fotpall,fotpall,lamino,realized,1,0.792,,,,,,stol,stol,prior,858.0,1.3663535439795047,fotpall,fotpall,image,0.0,1.0,stol,stol,prior,858.0,1.3663535439795047,fotpall,0.0,1.0
fotpall,fotpall,popular,asking,1,0.414,,,,,,,,,,,,,,,,,,,,,soffa,,
fotpall,fotpall,mio,asking,1,0.784,,,,,,,,,,,fotpall,fotpall,image,0.0,1.0,fotpall,fotpall,image,0.0,1.0,fotpall,0.0,1.0
fotpall,fotpall,prydnadskudde,asking,1,0.712,,,,,,,,,,,soffa,soffa,image,,,soffa,soffa,image,,,soffa,,
fotpall,fotpall,textil,realized,1,0.545,,,,,,,,,,,,,,,,,,,,,fotpall,0.0,1.0
fotpall,fotpall,samtida,realized,1,0.819,,,,,,,,,,,fotpall,fotpall,image,0.0,1.0,fotpall,fotpall,image,0.0,1.0,fotpall,0.0,1.0
fotpall,fotpall,jotex,asking,1,0.852,,,,,,,,,,,bord,bord,image,649.5,1.927857142857143,bord,bord,image,649.5,1.927857142857143,bord,649.5,1.927857142857143
fotpall,fotpall,bella,asking,1,0.847,,,,,,,,,,,fotpall,fotpall,image,0.0,1.0,fotpall,fotpall,image,0.0,1.0,fotpall,0.0,1.0
fotpall,fotpall,sittbank,asking,1,1.0,,,,,,,,,,,fotpall,fotpall,image,0.0,1.0,fotpall,fotpall,image,0.0,1.0,fotpall,0.0,1.0
fotpall,fotpall,trakista,asking,1,0.508,,,,,,,,,,,,,,,,,,,,,okänd,,
fotpall,fotpall,bruno,asking,1,0.882,,,,,,,,,,,stol,stol,image,5150.0,0.42134831460674155,stol,stol,image,5150.0,0.42134831460674155,fåtölj,,
fotpall,fotpall,jotex,asking,1,0.761,,,,,,,,,,,fotpall,fotpall,image,0.0,1.0,fotpall,fotpall,image,0.0,1.0,fotpall,0.0,1.0
fotpall,fotpall,sittpuffar,asking,1,0.446,,,,,,,,,,,,,,,,,,,,,okänd,,
fotpall,fotpall,jakobsdals,asking,1,0.382,,,,,,,,,,,,,,,,,,,,,soffa,,
fotpall,fotpall,guld,asking,1,0.915,,,,,,,,,,,fotpall,fotpall,image,0.0,1.0,fotpall,fotpall,image,0.0,1.0,fotpall,0.0,1.0
fotpall,fotpall,pianopall,realized,1,0.707,,,,,,,,,,,bord,bord,image,25.0,0.9285714285714286,bord,bord,image,25.0,0.9285714285714286,fotpall,0.0,1.0
fotpall,fotpall,jotex,asking,1,0.901,,,,,,,,,,,fotpall,fotpall,image,0.0,1.0,fotpall,fotpall,image,0.0,1.0,fotpall,0.0,1.0
fotpall,fotpall,patchwork,asking,1,0.866,,,,,,,,,,,fotpall,fotpall,image,0.0,1.0,fotpall,fotpall,image,0.0,1.0,fotpall,0.0,1.0
fotpall,fotpall,handgjord,asking,1,0.479,,,,,,,,,,,,,,,,,,,,,okänd,,
fotpall,fotpall,soker,asking,1,0.922,,,,,,,,,,,fotpall,fotpall,image,0.0,1.0,fotpall,fotpall,image,0.0,1.0,fotpall,0.0,1.0
fotpall,fotpall,bolia,asking,1,0.594,,,,,,,,,,,,,,,,,,,,,fotpall,0.0,1.0
fotpall,fotpall,del,realized,1,1.0,,,,,,,,,,,fotpall,fotpall,image,0.0,1.0,fotpall,fotpall,image,0.0,1.0,fotpall,0.0,1.0
fotpall,fotpall,fatboy,asking,1,0.556,,,,,,,,,,,,,,,,,,,,,okänd,,
fotpall,fotpall,sittpuffar,asking,1,0.55,,,,,,,,,,,,,,,,,,,,,fåtölj,,
fotpall,fotpall,venture,asking,1,0.74,,,,,,,,,,,fotpall,fotpall,image,0.0,1.0,fotpall,fotpall,image,0.0,1.0,fotpall,0.0,1.0
fotpall,fotpall,kuddar,asking,1,1.0,,,,,,,,,,,fotpall,fotpall,image,0.0,1.0,fotpall,fotpall,image,0.0,1.0,fotpall,0.0,1.0
fotpall,fotpall,mio,asking,1,0.971,,,,,,,,,,,fotpall,fotpall,image,0.0,1.0,fotpall,fotpall,image,0.0,1.0,fotpall,0.0,1.0
fotpall,fotpall,jysk,asking,1,0.701,,,,,,,,,,,fotpall,fotpall,image,0.0,1.0,fotpall,fotpall,image,0.0,1.0,fotpall,0.0,1.0
fotpall,fotpall,vallentuna,asking,1,1.0,,,,,,,,,,,soffa,soffa,image,2400.0,5.0,soffa,soffa,image,2400.0,5.0,soffa,2400.0,5.0
fotpall,fotpall,kivik,asking,1,1.0,,,,,,,,,,,soffa,soffa,image,900.0,2.5,soffa,soffa,image,900.0,2.5,soffa,900.0,2.5
fotpall,fotpall,skinnkladsel,realized,1,0.441,,,,,,,,,,,,,,,,,,,,,soffa,2150.0,4.909090909090909
fotpall,fotpall,jotex,asking,1,0.607,,,,,,,,,,,,,,,,,,,,,fotpall,0.0,1.0
fotpall,fotpall,jute,asking,1,0.795,,,,,,,,,,,fotpall,fotpall,image,0.0,1.0,fotpall,fotpall,image,0.0,1.0,fotpall,0.0,1.0
fotpall,fotpall,akta,asking,1,0.592,,,,,,,,,,,,,,,,,,,,,fotpall,0.0,1.0
fotpall,fotpall,boconcept,asking,1,0.44,,,,,,,,,,,,,,,,,,,,,bord,953.5,1.6356666666666666
fotpall,fotpall,andrew,asking,1,0.815,,,,,,,,,,,fotpall,fotpall,image,0.0,1.0,fotpall,fotpall,image,0.0,1.0,fotpall,0.0,1.0
fotpall,fotpall,stressless,asking,1,0.921,,,,,,,,,,,stol,stol,image,1650.0,0.43103448275862066,stol,stol,image,1650.0,0.43103448275862066,fotpall,0.0,1.0
fotpall,fotpall,landskrona,asking,1,0.699,,,,,,soffa,soffa,prior,1500.0,2.0,,,,,,soffa,soffa,prior,1500.0,2.0,soffa,1500.0,2.0
fotpall,fotpall,forvaring,asking,2,0.658,,,,,,,,,,,,,,,,,,,,,hylla,200.0,1.5
fotpall,fotpall,fatboy,asking,1,0.904,,,,,,fotpall,fotpall,prior,0.0,1.0,fotpall,fotpall,image,0.0,1.0,fotpall,fotpall,prior,0.0,1.0,fotpall,0.0,1.0
fotpall,fotpall,poang,asking,1,0.911,,,,,,stol,stol,prior,350.0,2.1666666666666665,stol,stol,image,350.0,2.1666666666666665,stol,stol,prior,350.0,2.1666666666666665,fåtölj,,
fotpall,fotpall,skinnpuff,asking,1,0.588,,,,,,,,,,,,,,,,,,,,,soffa,,
fotpall,fotpall,traram,asking,1,0.482,,,,,,spegel,spegel,prior,,,,,,,,spegel,spegel,prior,,,säng,,
fotpall,fotpall,bolia,asking,1,0.45,,,,,,,,,,,,,,,,,,,,,säng,,
fotpall,fotpall,petito,asking,1,0.747,,,,,,soffa,soffa,prior,3450.0,3.225806451612903,fotpall,fotpall,image,0.0,1.0,soffa,soffa,prior,3450.0,3.225806451612903,fotpall,0.0,1.0
fotpall,fotpall,forvaring,asking,1,0.84,,,,,,,,,,,fotpall,fotpall,image,0.0,1.0,fotpall,fotpall,image,0.0,1.0,fotpall,0.0,1.0
fotpall,fotpall,layered,asking,1,0.627,,,,,,,,,,,,,,,,,,,,,fotpall,0.0,1.0
fotpall,fotpall,gamlehult,asking,1,0.571,,,,,,,,,,,,,,,,,,,,,fotpall,0.0,1.0
fotpall,fotpall,inom,asking,1,0.899,,,,,,,,,,,fotpall,fotpall,image,0.0,1.0,fotpall,fotpall,image,0.0,1.0,fotpall,0.0,1.0
fotpall,fotpall,kontor,asking,1,0.852,,,,,,,,,,,fotpall,fotpall,image,0.0,1.0,fotpall,fotpall,image,0.0,1.0,okänd,,
fotpall,fotpall,nitar,asking,1,0.872,,,,,,,,,,,bord,bord,image,,,bord,bord,image,,,bord,,
fotpall,fotpall,bean,asking,1,0.933,,,,,,,,,,,fotpall,fotpall,image,0.0,1.0,fotpall,fotpall,image,0.0,1.0,okänd,,
fotpall,fotpall,sittpuffar,asking,1,0.0,,,,,,,,,,,,,,,,,,,,,,,
fotpall,fotpall,broderna,asking,1,0.971,,,,,,,,,,,stol,stol,image,200.0,0.7142857142857143,stol,stol,image,200.0,0.7142857142857143,fåtölj,,
fotpall,fotpall,silo,asking,1,0.682,,,,,,,,,,,,,,,,,,,,,matbord,,
fotpall,fotpall,marinbla,asking,1,0.973,,,,,,,,,,,fotpall,fotpall,image,0.0,1.0,fotpall,fotpall,image,0.0,1.0,fotpall,0.0,1.0
fotpall,fotpall,vallentuna,asking,1,0.607,,,,,,,,,,,,,,,,,,,,,fotpall,0.0,1.0
fotpall,fotpall,utemobel,asking,1,0.872,,,,,,,,,,,stol,stol,image,,,stol,stol,image,,,stol,,
fotpall,fotpall,sitpuff,asking,1,0.734,,,,,,,,,,,fotpall,fotpall,image,0.0,1.0,fotpall,fotpall,image,0.0,1.0,fotpall,0.0,1.0
fotpall,fotpall,tva,asking,1,1.0,,,,,,,,,,,fotpall,fotpall,image,0.0,1.0,fotpall,fotpall,image,0.0,1.0,fotpall,0.0,1.0
fotpall,fotpall,forvaring,asking,1,0.974,,,,,,,,,,,fotpall,fotpall,image,0.0,1.0,fotpall,fotpall,image,0.0,1.0,fotpall,0.0,1.0
fotpall,fotpall,sittpuffar,asking,1,0.907,,,,,,,,,,,fotpall,fotpall,image,0.0,1.0,fotpall,fotpall,image,0.0,1.0,fotpall,0.0,1.0
fotpall,fotpall,norell,asking,1,0.772,,,,,,,,,,,fotpall,fotpall,image,0.0,1.0,fotpall,fotpall,image,0.0,1.0,fotpall,0.0,1.0
fotpall,fotpall,bolia,asking,1,0.359,,,,,,,,,,,,,,,,,,,,,soffa,3800.0,3.111111111111111
fotpall,fotpall,sammets,asking,1,0.514,,,,,,,,,,,,,,,,,,,,,fåtölj,,
fotpall,fotpall,sittbank,asking,1,0.437,,,,,,,,,,,,,,,,,,,,,okänd,,
fotpall,fotpall,jysk,asking,1,0.714,,,,,,,,,,,fotpall,fotpall,image,0.0,1.0,fotpall,fotpall,image,0.0,1.0,fotpall,0.0,1.0
fotpall,fotpall,sypuff,realized,1,0.948,,,,,,,,,,,stol,stol,image,,,stol,stol,image,,,fåtölj,,
fotpall,fotpall,kendall,asking,1,0.974,,,,,,,,,,,soffa,soffa,image,10895.0,4.514516129032258,soffa,soffa,image,10895.0,4.514516129032258,soffa,10895.0,4.514516129032258
fotpall,fotpall,gubi,asking,1,0.806,,,,,,,,,,,fotpall,fotpall,image,0.0,1.0,fotpall,fotpall,image,0.0,1.0,fotpall,0.0,1.0
fotpall,fotpall,jotex,asking,1,0.53,,,,,,,,,,,,,,,,,,,,,okänd,,
fotpall,fotpall,accent,asking,1,0.715,,,,,,,,,,,stol,stol,image,,,stol,stol,image,,,fåtölj,,
fotpall,fotpall,shanghai,asking,1,0.642,,,,,,,,,,,,,,,,,,,,,stol,,
fotpall,fotpall,poang,asking,1,0.948,,,,,,stol,stol,prior,355.0,2.2033898305084745,stol,stol,image,355.0,2.2033898305084745,stol,stol,prior,355.0,2.2033898305084745,fåtölj,,
fotpall,fotpall,forvaring,asking,2,0.913,,,,,,,,,,,fotpall,fotpall,image,0.0,1.0,fotpall,fotpall,image,0.0,1.0,fotpall,0.0,1.0
fotpall,fotpall,sitts,asking,1,1.0,,,,,,,,,,,soffa,soffa,image,300.0,1.1666666666666667,soffa,soffa,image,300.0,1.1666666666666667,soffa,300.0,1.1666666666666667
fotpall,fotpall,mio,asking,1,0.949,,,,,,,,,,,soffa,soffa,image,3100.0,8.75,soffa,soffa,image,3100.0,8.75,soffa,3100.0,8.75
fotpall,fotpall,fotter,asking,1,0.809,,,,,,,,,,,fotpall,fotpall,image,0.0,1.0,fotpall,fotpall,image,0.0,1.0,fotpall,0.0,1.0
fotpall,fotpall,mio,asking,1,1.0,,,,,,,,,,,fotpall,fotpall,image,0.0,1.0,fotpall,fotpall,image,0.0,1.0,fotpall,0.0,1.0
fotpall,fotpall,vallentuna,asking,1,0.343,,,,,,,,,,,,,,,,,,,,,fotpall,0.0,1.0
fotpall,fotpall,mio,asking,1,0.911,,,,,,,,,,,fotpall,fotpall,image,0.0,1.0,fotpall,fotpall,image,0.0,1.0,fotpall,0.0,1.0
fotpall,fotpall,gronlid,asking,1,0.455,,,,,,soffa,soffa,prior,1700.0,3.125,,,,,,soffa,soffa,prior,1700.0,3.125,bord,,
fotpall,fotpall,harper,asking,1,0.692,,,,,,,,,,,,,,,,,,,,,fotpall,0.0,1.0
fotpall,fotpall,orebro,asking,1,0.705,,,,,,,,,,,fotpall,fotpall,image,0.0,1.0,fotpall,fotpall,image,0.0,1.0,fotpall,0.0,1.0
fotpall,fotpall,profil,realized,1,0.838,,,,,,,,,,,fotpall,fotpall,image,0.0,1.0,fotpall,fotpall,image,0.0,1.0,fotpall,0.0,1.0
fotpall,fotpall,sittpuffar,asking,1,0.533,,,,,,,,,,,,,,,,,,,,,fotpall,0.0,1.0
fotpall,fotpall,fynd,asking,1,0.376,,,,,,,,,,,,,,,,,,,,,okänd,,
fotpall,fotpall,fatboy,asking,1,0.581,,,,,,fotpall,fotpall,prior,0.0,1.0,,,,,,fotpall,fotpall,prior,0.0,1.0,okänd,,
fotpall,fotpall,fabrik,asking,1,0.973,,,,,,,,,,,fotpall,fotpall,image,0.0,1.0,fotpall,fotpall,image,0.0,1.0,fotpall,0.0,1.0
fotpall,fotpall,offwhite,asking,1,0.941,,,,,,,,,,,fotpall,fotpall,image,0.0,1.0,fotpall,fotpall,image,0.0,1.0,fotpall,0.0,1.0
fotpall,fotpall,fotpallar,realized,1,0.931,,,,,,,,,,,fotpall,fotpall,image,0.0,1.0,fotpall,fotpall,image,0.0,1.0,fotpall,0.0,1.0
fotpall,fotpall,konstlader,asking,1,0.885,,,,,,,,,,,fotpall,fotpall,image,0.0,1.0,fotpall,fotpall,image,0.0,1.0,fotpall,0.0,1.0
fotpall,fotpall,westnofa,realized,1,0.675,,,,,,,,,,,,,,,,,,,,,fotpall,0.0,1.0
fotpall,fotpall,bekvam,asking,1,0.806,,,,,,,,,,,fotpall,fotpall,image,0.0,1.0,fotpall,fotpall,image,0.0,1.0,fotpall,0.0,1.0
fotpall,fotpall,bolia,asking,1,0.625,,,,,,,,,,,,,,,,,,,,,fotpall,0.0,1.0
fotpall,fotpall,cool,asking,1,0.969,,,,,,,,,,,fotpall,fotpall,image,0.0,1.0,fotpall,fotpall,image,0.0,1.0,fotpall,0.0,1.0
fotpall,fotpall,lounge,asking,1,0.852,,,,,,,,,,,fotpall,fotpall,image,0.0,1.0,fotpall,fotpall,image,0.0,1.0,fotpall,0.0,1.0
fotpall,fotpall,sammetstyg,asking,1,0.0,,,,,,,,,,,,,,,,,,,,,,,
fotpall,fotpall,pebble,asking,1,0.437,,,,,,,,,,,,,,,,,,,,,bord,,
fotpall,fotpall,gamlehult,asking,1,0.641,,,,,,,,,,,,,,,,,,,,,okänd,,
fotpall,fotpall,fotpallar,realized,1,0.603,,,,,,,,,,,,,,,,,,,,,okänd,,
fotpall,fotpall,mysig,asking,1,0.772,,,,,,,,,,,fotpall,fotpall,image,0.0,1.0,fotpall,fotpall,image,0.0,1.0,fotpall,0.0,1.0
fotpall,fotpall,eller,asking,1,0.568,,,,,,,,,,,,,,,,,,,,,okänd,,
fotpall,fotpall,specialtillverkad,asking,1,0.869,,,,,,,,,,,fotpall,fotpall,image,0.0,1.0,fotpall,fotpall,image,0.0,1.0,fotpall,0.0,1.0
fotpall,fotpall,jetson,asking,1,0.393,,,,,,stol,stol,prior,1100.0,1.0924369747899159,,,,,,stol,stol,prior,1100.0,1.0924369747899159,okänd,,
fotpall,fotpall,svarvade,realized,1,1.0,,,,,,,,,,,fotpall,fotpall,image,0.0,1.0,fotpall,fotpall,image,0.0,1.0,fotpall,0.0,1.0
fotpall,fotpall,grupp,asking,1,0.622,,,,,,,,,,,,,,,,,,,,,soffa,,
fotpall,fotpall,mjuk,asking,1,1.0,,,,,,,,,,,fotpall,fotpall,image,0.0,1.0,fotpall,fotpall,image,0.0,1.0,fotpall,0.0,1.0
fotpall,fotpall,yngve,asking,1,0.63,,,,,,stol,stol,prior,3000.0,0.25,,,,,,stol,stol,prior,3000.0,0.25,fotpall,0.0,1.0
fotpall,fotpall,kivik,asking,1,1.0,,,,,,soffa,soffa,prior,900.0,2.5,soffa,soffa,image,900.0,2.5,soffa,soffa,prior,900.0,2.5,soffa,900.0,2.5
fotpall,fotpall,boucle,asking,1,0.321,,,,,,,,,,,,,,,,,,,,,okänd,,
fotpall,fotpall,vikbar,asking,1,0.302,,,,,,sang,sang,prior,200.0,0.6,,,,,,sang,sang,prior,200.0,0.6,okänd,,
fotpall,fotpall,barn,realized,1,0.786,,,,,,,,,,,stol,stol,image,,,stol,stol,image,,,okänd,,
fotpall,fotpall,jotex,asking,1,0.765,,,,,,,,,,,fotpall,fotpall,image,0.0,1.0,fotpall,fotpall,image,0.0,1.0,fotpall,0.0,1.0
fotpall,fotpall,stilren,asking,1,0.907,,,,,,,,,,,fotpall,fotpall,image,0.0,1.0,fotpall,fotpall,image,0.0,1.0,fotpall,0.0,1.0
fotpall,fotpall,forvaring,asking,1,0.967,,,,,,,,,,,fotpall,fotpall,image,0.0,1.0,fotpall,fotpall,image,0.0,1.0,fotpall,0.0,1.0
fotpall,fotpall,kudde,asking,1,0.814,,,,,,,,,,,fotpall,fotpall,image,0.0,1.0,fotpall,fotpall,image,0.0,1.0,okänd,,
fotpall,fotpall,zit,asking,1,0.933,,,,,,,,,,,fotpall,fotpall,image,0.0,1.0,fotpall,fotpall,image,0.0,1.0,okänd,,
fotpall,fotpall,leather,asking,1,0.668,,,,,,,,,,,,,,,,,,,,,fotpall,0.0,1.0
fotpall,fotpall,hopfallbar,asking,1,0.955,,,,,,,,,,,bord,bord,image,,,bord,bord,image,,,bord,,
fotpall,fotpall,fotpallar,realized,1,0.798,,,,,,,,,,,stol,stol,image,197.5,1.8681318681318682,stol,stol,image,197.5,1.8681318681318682,fotpall,0.0,1.0
fotpall,fotpall,vinrod,asking,1,1.0,,,,,,,,,,,fotpall,fotpall,image,0.0,1.0,fotpall,fotpall,image,0.0,1.0,fotpall,0.0,1.0
fotpall,fotpall,kan,asking,1,0.876,,,,,,,,,,,soffa,soffa,image,3125.0,3.6595744680851063,soffa,soffa,image,3125.0,3.6595744680851063,soffa,3125.0,3.6595744680851063
fotpall,fotpall,brge,realized,1,0.827,,,,,,,,,,,bord,bord,image,,,bord,bord,image,,,fotpall,0.0,1.0
fotpall,fotpall,soderbergs,asking,1,0.974,,,,,,,,,,,stol,stol,image,,,stol,stol,image,,,fåtölj,,
fotpall,fotpall,mio,asking,1,0.536,,,,,,,,,,,,,,,,,,,,,fotpall,0.0,1.0
fotpall,fotpall,handgjord,asking,1,0.37,,,,,,,,,,,,,,,,,,,,,okänd,,
fotpall,fotpall,easy,asking,1,0.935,,,,,,,,,,,stol,stol,image,2520.0,0.27896995708154504,stol,stol,image,2520.0,0.27896995708154504,fotpall,0.0,1.0
fotpall,fotpall,shepherd,asking,1,0.637,,,,,,,,,,,,,,,,,,,,,soffa,,
fotpall,fotpall,mio,asking,1,0.612,,,,,,,,,,,,,,,,,,,,,fotpall,0.0,1.0
fotpall,fotpall,karlstad,asking,1,0.551,,,,,,soffa,soffa,prior,950.0,3.111111111111111,,,,,,soffa,soffa,prior,950.0,3.111111111111111,säng,,
fotpall,fotpall,pusku,asking,1,0.865,,,,,,,,,,,fotpall,fotpall,image,0.0,1.0,fotpall,fotpall,image,0.0,1.0,fotpall,0.0,1.0
fotpall,fotpall,oskarshamn,asking,1,0.834,,,,,,,,,,,fotpall,fotpall,image,0.0,1.0,fotpall,fotpall,image,0.0,1.0,fotpall,0.0,1.0
fotpall,fotpall,mio,asking,1,0.624,,,,,,,,,,,,,,,,,,,,,fotpall,0.0,1.0
fotpall,fotpall,mio,asking,1,0.432,,,,,,,,,,,,,,,,,,,,,fotpall,0.0,1.0
fotpall,fotpall,strandmon,asking,1,0.972,,,,,,stol,stol,prior,,,stol,stol,image,,,stol,stol,prior,,,fåtölj,,
fotpall,fotpall,silverfargad,asking,1,1.0,,,,,,,,,,,fotpall,fotpall,image,0.0,1.0,fotpall,fotpall,image,0.0,1.0,fotpall,0.0,1.0
fotpall,fotpall,kontor,asking,1,0.358,,,,,,,,,,,,,,,,,,,,,okänd,,
fotpall,fotpall,jattefin,asking,1,0.971,,,,,,,,,,,fotpall,fotpall,image,0.0,1.0,fotpall,fotpall,image,0.0,1.0,fotpall,0.0,1.0
fotpall,fotpall,taburett,realized,1,1.0,,,,,,,,,,,fotpall,fotpall,image,0.0,1.0,fotpall,fotpall,image,0.0,1.0,fotpall,0.0,1.0
fotpall,fotpall,ahlens,asking,1,1.0,,,,,,,,,,,fotpall,fotpall,image,0.0,1.0,fotpall,fotpall,image,0.0,1.0,fotpall,0.0,1.0
fotpall,fotpall,vinrod,asking,1,0.732,,,,,,,,,,,sang,sang,image,,,sang,sang,image,,,säng,,
fotpall,fotpall,bank,asking,1,0.605,,,,,,,,,,,,,,,,,,,,,fotpall,0.0,1.0
fotpall,fotpall,swedese,asking,1,0.973,,,,,,,,,,,stol,stol,image,8950.0,0.10050251256281408,stol,stol,image,8950.0,0.10050251256281408,fåtölj,,
fotpall,fotpall,sammets,asking,1,0.915,,,,,,,,,,,fotpall,fotpall,image,0.0,1.0,fotpall,fotpall,image,0.0,1.0,fotpall,0.0,1.0
fotpall,fotpall,rossi,asking,1,0.585,,,,,,,,,,,,,,,,,,,,,fotpall,0.0,1.0
fotpall,fotpall,otto,asking,1,0.698,,,,,,,,,,,,,,,,,,,,,fotpall,0.0,1.0
fotpall,fotpall,chesterfield,asking,1,0.507,,,,,,,,,,,,,,,,,,,,,fotpall,0.0,1.0
fotpall,fotpall,blomstermotiv,realized,1,0.676,,,,,,,,,,,,,,,,,,,,,fotpall,0.0,1.0
fotpall,fotpall,fotpallar,realized,1,1.0,,,,,,,,,,,fotpall,fotpall,image,0.0,1.0,fotpall,fotpall,image,0.0,1.0,okänd,,
fotpall,fotpall,alseda,asking,1,0.793,,,,,,fotpall,fotpall,prior,0.0,1.0,fotpall,fotpall,image,0.0,1.0,fotpall,fotpall,prior,0.0,1.0,okänd,,
fotpall,fotpall,kivik,asking,1,0.946,,,,,,soffa,soffa,prior,900.0,2.5,soffa,soffa,image,900.0,2.5,soffa,soffa,prior,900.0,2.5,soffa,900.0,2.5
fotpall,fotpall,valen,asking,1,1.0,,,,,,,,,,,soffa,soffa,image,8500.0,4.4,soffa,soffa,image,8500.0,4.4,soffa,8500.0,4.4
fotpall,fotpall,normann,asking,1,0.9,,,,,,,,,,,stol,stol,image,1512.5,0.49583333333333335,stol,stol,image,1512.5,0.49583333333333335,stol,1512.5,0.49583333333333335
fotpall,fotpall,fotpallar,realized,1,0.918,,,,,,,,,,,fotpall,fotpall,image,0.0,1.0,fotpall,fotpall,image,0.0,1.0,fotpall,0.0,1.0
fotpall,fotpall,skinnpuff,asking,1,0.252,,,,,,,,,,,,,,,,,,,,,okänd,,
fotpall,fotpall,rotting,asking,1,0.806,,,,,,,,,,,stol,stol,image,400.0,2.3333333333333335,stol,stol,image,400.0,2.3333333333333335,fåtölj,,
fotpall,fotpall,forvaringspuff,asking,1,0.5,,,,,,,,,,,,,,,,,,,,,fotpall,0.0,1.0
fotpall,fotpall,sweef,asking,1,0.84,,,,,,,,,,,fotpall,fotpall,image,0.0,1.0,fotpall,fotpall,image,0.0,1.0,fotpall,0.0,1.0
fotpall,fotpall,kladsel,asking,1,0.0,,,,,,,,,,,,,,,,,,,,,,,
fotpall,fotpall,fotoljer,asking,1,0.914,,,,,,,,,,,stol,stol,image,250.0,1.25,stol,stol,image,250.0,1.25,fotpall,0.0,1.0
fotpall,fotpall,forvaringsbank,asking,1,0.443,,,,,,,,,,,,,,,,,,,,,okänd,,
fotpall,fotpall,mio,asking,1,0.452,,,,,,,,,,,,,,,,,,,,,soffa,3100.0,8.75
fotpall,fotpall,farlov,asking,1,0.76,,,,,,soffa,soffa,prior,,,fotpall,fotpall,image,0.0,1.0,soffa,soffa,prior,,,fotpall,0.0,1.0
fotpall,fotpall,fotolj,asking,1,0.912,,,,,,stol,stol,prior,400.0,0.6,stol,stol,image,400.0,0.6,stol,stol,prior,400.0,0.6,fåtölj,,
fotpall,fotpall,sypuff,asking,1,1.0,,,,,,,,,,,fotpall,fotpall,image,0.0,1.0,fotpall,fotpall,image,0.0,1.0,fotpall,0.0,1.0
fotpall,fotpall,italia,asking,1,0.425,,,,,,,,,,,,,,,,,,,,,fotpall,0.0,1.0
sang,sang,himmelsang,asking,1,0.79,,,,,,sang,sang,prior,0.0,1.0,sang,sang,image,0.0,1.0,sang,sang,prior,0.0,1.0,okänd,,
sang,sang,lyxig,asking,1,0.701,,,,,,stol,stol,prior,4200.0,0.33858267716535434,sang,sang,image,0.0,1.0,stol,stol,prior,4200.0,0.33858267716535434,okänd,,
sang,sang,praktisk,asking,1,1.0,,,,,,,,,,,sang,sang,image,0.0,1.0,sang,sang,image,0.0,1.0,säng,,
sang,sang,mio,asking,1,0.906,,,,,,,,,,,sang,sang,image,0.0,1.0,sang,sang,image,0.0,1.0,säng,,
sang,sang,borgholm,asking,1,1.0,,,,,,sang,sang,prior,0.0,1.0,sang,sang,image,0.0,1.0,sang,sang,prior,0.0,1.0,okänd,,
sang,sang,barnsang,asking,1,0.97,,,,,,,,,,,sang,sang,image,0.0,1.0,sang,sang,image,0.0,1.0,okänd,,
sang,sang,forvaring,asking,1,0.969,,,,,,,,,,,sang,sang,image,0.0,1.0,sang,sang,image,0.0,1.0,säng,,
sang,sang,eldriven,asking,1,0.9,,,,,,sang,sang,prior,0.0,1.0,sang,sang,image,0.0,1.0,sang,sang,prior,0.0,1.0,säng,,
sang,sang,kungsangen,asking,1,1.0,,,,,,,,,,,sang,sang,image,0.0,1.0,sang,sang,image,0.0,1.0,okänd,,
sang,sang,barnsang,asking,1,0.945,,,,,,,,,,,sang,sang,image,0.0,1.0,sang,sang,image,0.0,1.0,säng,,
sang,sang,jysk,asking,1,0.974,,,,,,,,,,,sang,sang,image,0.0,1.0,sang,sang,image,0.0,1.0,säng,,
sang,sang,kontinental,asking,1,1.0,,,,,,sang,sang,prior,0.0,1.0,sang,sang,image,0.0,1.0,sang,sang,prior,0.0,1.0,okänd,,
sang,sang,hastens,asking,1,0.575,,,,,,,,,,,,,,,,,,,,,okänd,,
sang,sang,skotterud,asking,1,1.0,,,,,,sang,sang,prior,0.0,1.0,sang,sang,image,0.0,1.0,sang,sang,prior,0.0,1.0,okänd,,
sang,sang,extra,asking,1,0.69,,,,,,,,,,,,,,,,,,,,,okänd,,
sang,sang,moon,asking,1,0.927,,,,,,,,,,,sang,sang,image,0.0,1.0,sang,sang,image,0.0,1.0,säng,,
sang,sang,continentalsang,asking,1,1.0,,,,,,,,,,,sang,sang,image,0.0,1.0,sang,sang,image,0.0,1.0,säng,,
sang,sang,madrass,asking,1,1.0,,,,,,sang,sang,prior,0.0,1.0,sang,sang,image,0.0,1.0,sang,sang,prior,0.0,1.0,okänd,,
sang,sang,stallbar,asking,1,0.973,,,,,,sang,sang,prior,0.0,1.0,sang,sang,image,0.0,1.0,sang,sang,prior,0.0,1.0,säng,,
sang,sang,saljer,asking,1,0.91,,,,,,,,,,,sang,sang,image,0.0,1.0,sang,sang,image,0.0,1.0,säng,,
sang,sang,120cm,asking,1,0.975,,,,,,,,,,,sang,sang,image,0.0,1.0,sang,sang,image,0.0,1.0,säng,,
sang,sang,jysk,asking,1,1.0,,,,,,,,,,,sang,sang,image,0.0,1.0,sang,sang,image,0.0,1.0,säng,,
sang,sang,malm,asking,1,0.809,,,,,,,,,,,sang,sang,image,0.0,1.0,sang,sang,image,0.0,1.0,säng,,
sang,sang,ooppnad,asking,1,0.5,,,,,,,,,,,,,,,,,,,,,okänd,,
sang,sang,roma,asking,1,0.747,,,,,,,,,,,sang,sang,image,0.0,1.0,sang,sang,image,0.0,1.0,okänd,,
sang,sang,viking,asking,1,0.558,,,,,,sang,sang,prior,0.0,1.0,,,,,,sang,sang,prior,0.0,1.0,sänggavel,,
sang,sang,overkast,asking,2,0.763,,,,,,,,,,,sang,sang,image,0.0,1.0,sang,sang,image,0.0,1.0,säng,,
sang,sang,madrass,asking,1,0.967,,,,,,,,,,,sang,sang,image,0.0,1.0,sang,sang,image,0.0,1.0,säng,,
sang,sang,gulliver,asking,1,0.921,,,,,,,,,,,sang,sang,image,0.0,1.0,sang,sang,image,0.0,1.0,okänd,,
sang,sang,madrass,asking,1,0.973,,,,,,sang,sang,prior,0.0,1.0,sang,sang,image,0.0,1.0,sang,sang,prior,0.0,1.0,säng,,
sang,sang,resarmadrasser,asking,1,0.973,,,,,,,,,,,sang,sang,image,0.0,1.0,sang,sang,image,0.0,1.0,säng,,
sang,sang,kungsangen,asking,1,1.0,,,,,,sang,sang,prior,0.0,1.0,sang,sang,image,0.0,1.0,sang,sang,prior,0.0,1.0,säng,,
sang,sang,2st,asking,1,0.896,,,,,,sang,sang,prior,0.0,1.0,sang,sang,image,0.0,1.0,sang,sang,prior,0.0,1.0,säng,,
sang,sang,hilding,asking,1,0.583,,,,,,,,,,,,,,,,,,,,,hylla,,
sang,sang,sangben,asking,2,0.918,,,,,,,,,,,sang,sang,image,0.0,1.0,sang,sang,image,0.0,1.0,okänd,,
sang,sang,liggstol,asking,1,0.894,,,,,,stol,stol,prior,,,stol,stol,image,,,stol,stol,prior,,,stol,,
sang,sang,madrass,asking,1,0.92,,,,,,sang,sang,prior,0.0,1.0,sang,sang,image,0.0,1.0,sang,sang,prior,0.0,1.0,säng,,
sang,sang,tva,asking,1,0.72,,,,,,,,,,,sang,sang,image,0.0,1.0,sang,sang,image,0.0,1.0,säng,,
sang,sang,vaxarsang,asking,1,0.456,,,,,,,,,,,,,,,,,,,,,sänggavel,,
sang,sang,plyschkladsel,realized,1,0.504,,,,,,,,,,,,,,,,,,,,,okänd,,
sang,sang,mio,asking,1,1.0,,,,,,,,,,,sang,sang,image,0.0,1.0,sang,sang,image,0.0,1.0,okänd,,
sang,sang,vaningssang,asking,1,0.928,,,,,,,,,,,sang,sang,image,0.0,1.0,sang,sang,image,0.0,1.0,okänd,,
sang,sang,resarsang,asking,1,0.964,,,,,,sang,sang,prior,0.0,1.0,sang,sang,image,0.0,1.0,sang,sang,prior,0.0,1.0,säng,,
sang,sang,ellos,asking,1,0.834,,,,,,,,,,,sang,sang,image,0.0,1.0,sang,sang,image,0.0,1.0,säng,,
sang,sang,resarbotten,asking,1,0.379,,,,,,sang,sang,prior,0.0,1.0,,,,,,sang,sang,prior,0.0,1.0,säng,,
sang,sang,mio,asking,1,0.808,,,,,,,,,,,sang,sang,image,0.0,1.0,sang,sang,image,0.0,1.0,säng,,
sang,sang,90x200,asking,1,0.914,,,,,,,,,,,sang,sang,image,0.0,1.0,sang,sang,image,0.0,1.0,säng,,
sang,sang,exklusiv,asking,1,1.0,,,,,,,,,,,sang,sang,image,0.0,1.0,sang,sang,image,0.0,1.0,säng,,
sang,sang,ekfargad,asking,1,0.775,,,,,,,,,,,sang,sang,image,0.0,1.0,sang,sang,image,0.0,1.0,säng,,
sang,sang,180x200,asking,1,0.974,,,,,,sang,sang,prior,0.0,1.0,sang,sang,image,0.0,1.0,sang,sang,prior,0.0,1.0,säng,,
sang,sang,hussang,asking,1,0.949,,,,,,,,,,,sang,sang,image,0.0,1.0,sang,sang,image,0.0,1.0,okänd,,
sang,sang,kungsangen,asking,1,0.681,,,,,,sang,sang,prior,0.0,1.0,,,,,,sang,sang,prior,0.0,1.0,okänd,,
sang,sang,dermy,asking,1,0.88,,,,,,,,,,,sang,sang,image,0.0,1.0,sang,sang,image,0.0,1.0,säng,,
sang,sang,jotex,asking,1,0.935,,,,,,,,,,,sang,sang,image,0.0,1.0,sang,sang,image,0.0,1.0,säng,,
sang,sang,loftsang,asking,1,0.874,,,,,,,,,,,sang,sang,image,0.0,1.0,sang,sang,image,0.0,1.0,säng,,
sang,sang,hundsang,realized,1,0.61,,,,,,,,,,,,,,,,,,,,,okänd,,
sang,sang,spjalsang,asking,1,0.949,,,,,,,,,,,sang,sang,image,0.0,1.0,sang,sang,image,0.0,1.0,okänd,,
sang,sang,barnsang,asking,1,0.854,,,,,,sang,sang,prior,0.0,1.0,sang,sang,image,0.0,1.0,sang,sang,prior,0.0,1.0,säng,,
sang,sang,120cm,asking,2,1.0,,,,,,sang,sang,prior,0.0,1.0,sang,sang,image,0.0,1.0,sang,sang,prior,0.0,1.0,säng,,
sang,sang,sundvik,asking,1,0.974,,,,,,,,,,,sang,sang,image,0.0,1.0,sang,sang,image,0.0,1.0,säng,,
sang,sang,forvaring,asking,1,0.973,,,,,,,,,,,sang,sang,image,0.0,1.0,sang,sang,image,0.0,1.0,säng,,
sang,sang,mio,asking,1,0.949,,,,,,,,,,,sang,sang,image,0.0,1.0,sang,sang,image,0.0,1.0,säng,,
sang,sang,mio,asking,1,0.923,,,,,,,,,,,sang,sang,image,0.0,1.0,sang,sang,image,0.0,1.0,säng,,
sang,sang,fynd,asking,1,1.0,,,,,,sang,sang,prior,0.0,1.0,sang,sang,image,0.0,1.0,sang,sang,prior,0.0,1.0,säng,,
sang,sang,flaxa,asking,1,0.974,,,,,,,,,,,sang,sang,image,0.0,1.0,sang,sang,image,0.0,1.0,säng,,
sang,sang,madrass,asking,1,0.764,,,,,,sang,sang,prior,0.0,1.0,sang,sang,image,0.0,1.0,sang,sang,prior,0.0,1.0,okänd,,
sang,sang,forvaring,asking,2,0.488,,,,,,,,,,,,,,,,,,,,,fotpall,1396.5,0.22265516281658781
sang,sang,imperialsang,asking,1,0.72,,,,,,sang,sang,prior,0.0,1.0,sang,sang,image,0.0,1.0,sang,sang,prior,0.0,1.0,okänd,,
sang,sang,huvudgavel,asking,1,0.87,,,,,,sang,sang,prior,0.0,1.0,sang,sang,image,0.0,1.0,sang,sang,prior,0.0,1.0,säng,,
sang,sang,bertil,realized,1,0.911,,,,,,,,,,,bord,bord,image,,,bord,bord,image,,,bord,,
sang,sang,resarmadrass,asking,1,1.0,,,,,,sang,sang,prior,0.0,1.0,sang,sang,image,0.0,1.0,sang,sang,prior,0.0,1.0,säng,,
sang,sang,kontinentalsang,asking,1,1.0,,,,,,,,,,,sang,sang,image,0.0,1.0,sang,sang,image,0.0,1.0,säng,,
sang,sang,2st,asking,1,0.766,,,,,,,,,,,sang,sang,image,0.0,1.0,sang,sang,image,0.0,1.0,okänd,,
sang,sang,madrass,asking,1,0.918,,,,,,sang,sang,prior,0.0,1.0,sang,sang,image,0.0,1.0,sang,sang,prior,0.0,1.0,säng,,
sang,sang,hilding,asking,1,0.964,,,,,,sang,sang,prior,0.0,1.0,sang,sang,image,0.0,1.0,sang,sang,prior,0.0,1.0,säng,,
sang,sang,extra,asking,1,0.909,,,,,,,,,,,sang,sang,image,0.0,1.0,sang,sang,image,0.0,1.0,säng,,
sang,sang,forvaringslador,asking,2,0.927,,,,,,,,,,,sang,sang,image,0.0,1.0,sang,sang,image,0.0,1.0,säng,,
sang,sang,komplett,asking,1,0.898,,,,,,,,,,,sang,sang,image,0.0,1.0,sang,sang,image,0.0,1.0,säng,,
sang,sang,franco,asking,1,0.784,,,,,,,,,,,sang,sang,image,0.0,1.0,sang,sang,image,0.0,1.0,säng,,
sang,sang,sangben,asking,2,0.726,,,,,,,,,,,sang,sang,image,0.0,1.0,sang,sang,image,0.0,1.0,okänd,,
sang,sang,jysk,asking,1,0.898,,,,,,,,,,,sang,sang,image,0.0,1.0,sang,sang,image,0.0,1.0,säng,,
sang,sang,slakt,asking,1,0.97,,,,,,sang,sang,prior,0.0,1.0,sang,sang,image,0.0,1.0,sang,sang,prior,0.0,1.0,säng,,
sang,sang,resarbotten,asking,1,0.756,,,,,,sang,sang,prior,0.0,1.0,sang,sang,image,0.0,1.0,sang,sang,prior,0.0,1.0,säng,,
sang,sang,justerbar,asking,1,0.972,,,,,,sang,sang,prior,0.0,1.0,sang,sang,image,0.0,1.0,sang,sang,prior,0.0,1.0,säng,,
sang,sang,jysk,asking,1,0.562,,,,,,,,,,,,,,,,,,,,,okänd,,
sang,sang,stallbar,asking,1,1.0,,,,,,sang,sang,prior,0.0,1.0,sang,sang,image,0.0,1.0,sang,sang,prior,0.0,1.0,säng,,
sang,sang,mio,asking,1,1.0,,,,,,,,,,,sang,sang,image,0.0,1.0,sang,sang,image,0.0,1.0,okänd,,
sang,sang,resarmadrass,asking,1,1.0,,,,,,sang,sang,prior,0.0,1.0,sang,sang,image,0.0,1.0,sang,sang,prior,0.0,1.0,säng,,
sang,sang,vaningssang,asking,1,0.717,,,,,,sang,sang,prior,0.0,1.0,sang,sang,image,0.0,1.0,sang,sang,prior,0.0,1.0,okänd,,
sang,sang,hemnes,asking,1,0.893,,,,,,,,,,,sang,sang,image,0.0,1.0,sang,sang,image,0.0,1.0,säng,,
sang,sang,vaningssang,asking,1,1.0,,,,,,,,,,,sang,sang,image,0.0,1.0,sang,sang,image,0.0,1.0,okänd,,
sang,sang,utdragbar,asking,1,0.973,,,,,,,,,,,sang,sang,image,0.0,1.0,sang,sang,image,0.0,1.0,säng,,
sang,sang,hastens,asking,1,1.0,,,,,,sang,sang,prior,0.0,1.0,sang,sang,image,0.0,1.0,sang,sang,prior,0.0,1.0,säng,,
sang,sang,madrass,asking,1,0.741,,,,,,sang,sang,prior,0.0,1.0,sang,sang,image,0.0,1.0,sang,sang,prior,0.0,1.0,säng,,
sang,sang,kontineltalsang,asking,1,0.97,,,,,,,,,,,sang,sang,image,0.0,1.0,sang,sang,image,0.0,1.0,säng,,
sang,sang,lackerat,realized,1,0.872,,,,,,,,,,,soffa,soffa,image,,,soffa,soffa,image,,,soffa,,
sang,sang,sangoverkast,asking,1,0.972,,,,,,bord,bord,prior,,,sang,sang,image,0.0,1.0,bord,bord,prior,,,säng,,
sang,sang,mio,asking,1,0.972,,,,,,,,,,,sang,sang,image,0.0,1.0,sang,sang,image,0.0,1.0,okänd,,
sang,sang,160cm,asking,1,0.475,,,,,,,,,,,,,,,,,,,,,säng,,
sang,sang,140x200,asking,1,0.858,,,,,,sang,sang,prior,0.0,1.0,sang,sang,image,0.0,1.0,sang,sang,prior,0.0,1.0,säng,,
sang,sang,kleppstad,asking,1,0.974,,,,,,,,,,,sang,sang,image,0.0,1.0,sang,sang,image,0.0,1.0,säng,,
sang,sang,hund,asking,1,0.336,,,,,,,,,,,,,,,,,,,,,okänd,,
sang,sang,charm,asking,1,1.0,,,,,,,,,,,sang,sang,image,0.0,1.0,sang,sang,image,0.0,1.0,okänd,,
sang,sang,sangben,asking,1,0.74,,,,,,,,,,,sang,sang,image,0.0,1.0,sang,sang,image,0.0,1.0,okänd,,
sang,sang,forvaring,asking,1,0.97,,,,,,,,,,,sang,sang,image,0.0,1.0,sang,sang,image,0.0,1.0,säng,,
sang,sang,barnsang,asking,1,0.781,,,,,,,,,,,forvaring,forvaring,image,,,forvaring,forvaring,image,,,hylla,,
sang,sang,vaxasang,asking,1,0.86,,,,,,sang,sang,prior,0.0,1.0,sang,sang,image,0.0,1.0,sang,sang,prior,0.0,1.0,säng,,
sang,sang,mio,asking,1,0.863,,,,,,,,,,,sang,sang,image,0.0,1.0,sang,sang,image,0.0,1.0,okänd,,
sang,sang,malm,asking,1,1.0,,,,,,,,,,,sang,sang,image,0.0,1.0,sang,sang,image,0.0,1.0,säng,,
sang,sang,barnsang,asking,4,0.974,,,,,,,,,,,sang,sang,image,0.0,1.0,sang,sang,image,0.0,1.0,okänd,,
sang,sang,elektrisk,asking,1,0.577,,,,,,sang,sang,prior,0.0,1.0,,,,,,sang,sang,prior,0.0,1.0,säng,,
sang,sang,vaxasang,asking,1,0.797,,,,,,sang,sang,prior,0.0,1.0,sang,sang,image,0.0,1.0,sang,sang,prior,0.0,1.0,säng,,
sang,sang,bred,asking,1,1.0,,,,,,,,,,,sang,sang,image,0.0,1.0,sang,sang,image,0.0,1.0,säng,,
sang,sang,solsangar,asking,1,0.803,,,,,,,,,,,bord,bord,image,,,bord,bord,image,,,bord,,
sang,sang,barnsang,asking,1,0.949,,,,,,,,,,,sang,sang,image,0.0,1.0,sang,sang,image,0.0,1.0,okänd,,
sang,sang,hopfallbar,asking,1,0.714,,,,,,,,,,,sang,sang,image,0.0,1.0,sang,sang,image,0.0,1.0,okänd,,
sang,sang,mio,asking,1,0.73,,,,,,,,,,,sang,sang,image,0.0,1.0,sang,sang,image,0.0,1.0,säng,,
sang,sang,elegant,asking,1,0.971,,,,,,,,,,,sang,sang,image,0.0,1.0,sang,sang,image,0.0,1.0,säng,,
sang,sang,2-sitssoffa,asking,1,1.0,,,,,,,,,,,soffa,soffa,image,,,soffa,soffa,image,,,soffa,,
sang,sang,forvaring,asking,1,1.0,,,,,,,,,,,sang,sang,image,0.0,1.0,sang,sang,image,0.0,1.0,säng,,
sang,sang,vikbar,asking,1,0.823,,,,,,sang,sang,prior,0.0,1.0,sang,sang,image,0.0,1.0,sang,sang,prior,0.0,1.0,säng,,
sang,sang,vik,asking,1,0.523,,,,,,,,,,,,,,,,,,,,,säng,,
sang,sang,dux,asking,1,1.0,,,,,,stol,stol,prior,500.0,0.8333333333333334,sang,sang,image,0.0,1.0,stol,stol,prior,500.0,0.8333333333333334,säng,,
sang,sang,madrass,asking,1,0.772,,,,,,sang,sang,prior,0.0,1.0,sang,sang,image,0.0,1.0,sang,sang,prior,0.0,1.0,okänd,,
sang,sang,metallram,asking,1,0.517,,,,,,,,,,,,,,,,,,,,,säng,,
sang,sang,barnsang,asking,1,1.0,,,,,,sang,sang,prior,0.0,1.0,sang,sang,image,0.0,1.0,sang,sang,prior,0.0,1.0,säng,,
sang,sang,kungsangen,asking,1,0.945,,,,,,,,,,,sang,sang,image,0.0,1.0,sang,sang,image,0.0,1.0,säng,,
sang,sang,resarmadrass,asking,1,1.0,,,,,,sang,sang,prior,0.0,1.0,sang,sang,image,0.0,1.0,sang,sang,prior,0.0,1.0,säng,,
sang,sang,90cm,asking,1,1.0,,,,,,,,,,,sang,sang,image,0.0,1.0,sang,sang,image,0.0,1.0,säng,,
sang,sang,forvaring,asking,1,1.0,,,,,,,,,,,sang,sang,image,0.0,1.0,sang,sang,image,0.0,1.0,säng,,
sang,sang,dux,asking,1,1.0,,,,,,stol,stol,prior,625.0,0.7916666666666666,sang,sang,image,0.0,1.0,stol,stol,prior,625.0,0.7916666666666666,säng,,
sang,sang,madrass,asking,1,0.474,,,,,,sang,sang,prior,0.0,1.0,,,,,,sang,sang,prior,0.0,1.0,sänggavel,,
sang,sang,2-pack,asking,1,0.671,,,,,,,,,,,,,,,,,,,,,okänd,,
sang,sang,200x180cm,asking,1,0.8,,,,,,,,,,,sang,sang,image,0.0,1.0,sang,sang,image,0.0,1.0,säng,,
sang,sang,2st,asking,1,0.973,,,,,,,,,,,sang,sang,image,0.0,1.0,sang,sang,image,0.0,1.0,säng,,
sang,sang,luroy,asking,1,0.653,,,,,,sang,sang,prior,0.0,1.0,,,,,,sang,sang,prior,0.0,1.0,okänd,,
sang,sang,neiden,asking,1,1.0,,,,,,,,,,,sang,sang,image,0.0,1.0,sang,sang,image,0.0,1.0,säng,,
sang,sang,carpe,asking,1,0.967,,,,,,sang,sang,prior,0.0,1.0,sang,sang,image,0.0,1.0,sang,sang,prior,0.0,1.0,säng,,
sang,sang,slakt,asking,1,0.86,,,,,,sang,sang,prior,0.0,1.0,sang,sang,image,0.0,1.0,sang,sang,prior,0.0,1.0,okänd,,
sang,sang,resarmadrass,asking,1,0.646,,,,,,sang,sang,prior,0.0,1.0,,,,,,sang,sang,prior,0.0,1.0,säng,,
sang,sang,saljes,asking,1,0.799,,,,,,,,,,,sang,sang,image,0.0,1.0,sang,sang,image,0.0,1.0,säng,,
sang,sang,hopfallbar,asking,1,0.766,,,,,,sang,sang,prior,0.0,1.0,sang,sang,image,0.0,1.0,sang,sang,prior,0.0,1.0,okänd,,
sang,sang,madrass,asking,1,0.973,,,,,,sang,sang,prior,0.0,1.0,sang,sang,image,0.0,1.0,sang,sang,prior,0.0,1.0,säng,,
sang,sang,mio,asking,1,1.0,,,,,,,,,,,sang,sang,image,0.0,1.0,sang,sang,image,0.0,1.0,säng,,
sang,sang,90cm,asking,1,0.872,,,,,,sang,sang,prior,0.0,1.0,sang,sang,image,0.0,1.0,sang,sang,prior,0.0,1.0,okänd,,
sang,sang,hastens,asking,1,0.937,,,,,,sang,sang,prior,0.0,1.0,sang,sang,image,0.0,1.0,sang,sang,prior,0.0,1.0,säng,,
sang,sang,jysk,asking,1,0.973,,,,,,,,,,,sang,sang,image,0.0,1.0,sang,sang,image,0.0,1.0,säng,,
sang,sang,tuvan,asking,1,0.973,,,,,,,,,,,sang,sang,image,0.0,1.0,sang,sang,image,0.0,1.0,okänd,,
sang,sang,mio,asking,1,0.905,,,,,,,,,,,sang,sang,image,0.0,1.0,sang,sang,image,0.0,1.0,säng,,
sang,sang,dubbel,asking,1,0.945,,,,,,,,,,,sang,sang,image,0.0,1.0,sang,sang,image,0.0,1.0,säng,,
sang,sang,mio,asking,1,0.972,,,,,,,,,,,sang,sang,image,0.0,1.0,sang,sang,image,0.0,1.0,säng,,
sang,sang,vaxasang,asking,1,0.974,,,,,,sang,sang,prior,0.0,1.0,sang,sang,image,0.0,1.0,sang,sang,prior,0.0,1.0,säng,,
sang,sang,loftsang,asking,1,0.843,,,,,,,,,,,bord,bord,image,,,bord,bord,image,,,bord,,
sang,sang,saljes,asking,1,1.0,,,,,,,,,,,sang,sang,image,0.0,1.0,sang,sang,image,0.0,1.0,säng,,
sang,sang,gastsang,asking,1,0.642,,,,,,sang,sang,prior,0.0,1.0,,,,,,sang,sang,prior,0.0,1.0,okänd,,
sang,sang,stallbara,asking,1,0.971,,,,,,sang,sang,prior,0.0,1.0,sang,sang,image,0.0,1.0,sang,sang,prior,0.0,1.0,säng,,
sang,sang,bekvam,asking,1,0.97,,,,,,,,,,,sang,sang,image,0.0,1.0,sang,sang,image,0.0,1.0,säng,,
sang,sang,jysk,asking,1,1.0,,,,,,sang,sang,prior,0.0,1.0,sang,sang,image,0.0,1.0,sang,sang,prior,0.0,1.0,säng,,
sang,sang,singel,asking,1,0.942,,,,,,,,,,,sang,sang,image,0.0,1.0,sang,sang,image,0.0,1.0,okänd,,
sang,sang,jarnsang,asking,1,0.773,,,,,,,,,,,sang,sang,image,0.0,1.0,sang,sang,image,0.0,1.0,okänd,,
sang,sang,jysk,asking,1,0.974,,,,,,,,,,,sang,sang,image,0.0,1.0,sang,sang,image,0.0,1.0,säng,,
sang,sang,original,asking,1,0.693,,,,,,,,,,,,,,,,,,,,,soffa,7100.0,2.8205128205128207
sang,sang,sittbank,asking,1,0.557,,,,,,,,,,,,,,,,,,,,,okänd,,
sang,sang,140x200,asking,1,0.866,,,,,,,,,,,sang,sang,image,0.0,1.0,sang,sang,image,0.0,1.0,säng,,
sang,sang,forvaring,asking,2,1.0,,,,,,,,,,,sang,sang,image,0.0,1.0,sang,sang,image,0.0,1.0,säng,,
sang,sang,hastens,asking,1,1.0,,,,,,sang,sang,prior,0.0,1.0,sang,sang,image,0.0,1.0,sang,sang,prior,0.0,1.0,säng,,
sang,sang,continentalsang,asking,1,1.0,,,,,,sang,sang,prior,0.0,1.0,sang,sang,image,0.0,1.0,sang,sang,prior,0.0,1.0,okänd,,
sang,sang,mio,asking,1,0.84,,,,,,,,,,,sang,sang,image,0.0,1.0,sang,sang,image,0.0,1.0,okänd,,
sang,sang,mio,asking,1,1.0,,,,,,,,,,,sang,sang,image,0.0,1.0,sang,sang,image,0.0,1.0,okänd,,
sang,sang,mio,asking,1,0.84,,,,,,,,,,,sang,sang,image,0.0,1.0,sang,sang,image,0.0,1.0,säng,,
sang,sang,jensen,asking,1,1.0,,,,,,sang,sang,prior,0.0,1.0,sang,sang,image,0.0,1.0,sang,sang,prior,0.0,1.0,okänd,,
sang,sang,brimnes,asking,1,0.951,,,,,,,,,,,sang,sang,image,0.0,1.0,sang,sang,image,0.0,1.0,säng,,
sang,sang,90x200,asking,1,0.95,,,,,,sang,sang,prior,0.0,1.0,sang,sang,image,0.0,1.0,sang,sang,prior,0.0,1.0,okänd,,
sang,sang,medar,asking,1,0.482,,,,,,,,,,,,,,,,,,,,,okänd,,
sang,sang,140x200,asking,1,0.969,,,,,,sang,sang,prior,0.0,1.0,sang,sang,image,0.0,1.0,sang,sang,prior,0.0,1.0,okänd,,
sang,sang,utdragssang,asking,1,0.923,,,,,,,,,,,sang,sang,image,0.0,1.0,sang,sang,image,0.0,1.0,säng,,
sang,sang,diverse,asking,1,0.89,,,,,,,,,,,stol,stol,image,100.0,0.5,stol,stol,image,100.0,0.5,stol,100.0,0.5
sang,sang,nyskick,asking,1,0.497,,,,,,,,,,,,,,,,,,,,,okänd,,
sang,sang,finns,asking,1,1.0,,,,,,,,,,,sang,sang,image,0.0,1.0,sang,sang,image,0.0,1.0,säng,,
sang,sang,mio,asking,1,1.0,,,,,,,,,,,sang,sang,image,0.0,1.0,sang,sang,image,0.0,1.0,säng,,
sang,sang,jensen,asking,1,0.845,,,,,,sang,sang,prior,0.0,1.0,sang,sang,image,0.0,1.0,sang,sang,prior,0.0,1.0,säng,,
sang,sang,jysk,asking,1,0.403,,,,,,,,,,,,,,,,,,,,,okänd,,
sang,sang,solsang,asking,1,0.72,,,,,,,,,,,stol,stol,image,250.0,0.6666666666666666,stol,stol,image,250.0,0.6666666666666666,fåtölj,,
sang,sang,vaningssang,asking,1,1.0,,,,,,,,,,,sang,sang,image,0.0,1.0,sang,sang,image,0.0,1.0,okänd,,
sang,sang,familjesang,asking,1,1.0,,,,,,,,,,,sang,sang,image,0.0,1.0,sang,sang,image,0.0,1.0,säng,,
sang,sang,slakt,asking,1,1.0,,,,,,,,,,,sang,sang,image,0.0,1.0,sang,sang,image,0.0,1.0,säng,,
sang,sang,brimnes,asking,1,1.0,,,,,,,,,,,sang,sang,image,0.0,1.0,sang,sang,image,0.0,1.0,säng,,
sang,sang,nordli,asking,1,0.971,,,,,,,,,,,sang,sang,image,0.0,1.0,sang,sang,image,0.0,1.0,säng,,
sang,sang,maste,asking,1,0.972,,,,,,,,,,,sang,sang,image,0.0,1.0,sang,sang,image,0.0,1.0,säng,,
sang,sang,forvaring,asking,1,0.807,,,,,,,,,,,sang,sang,image,0.0,1.0,sang,sang,image,0.0,1.0,säng,,
sang,sang,solsangar,asking,1,0.478,,,,,,,,,,,,,,,,,,,,,stol,100.0,0.9
sang,sang,vaxasang,asking,1,0.589,,,,,,sang,sang,prior,0.0,1.0,,,,,,sang,sang,prior,0.0,1.0,soffa,,
sang,sang,loftsang,asking,1,1.0,,,,,,,,,,,sang,sang,image,0.0,1.0,sang,sang,image,0.0,1.0,okänd,,
sang,sang,enok,asking,1,0.724,,,,,,,,,,,sang,sang,image,0.0,1.0,sang,sang,image,0.0,1.0,säng,,
sang,sang,barn,asking,1,0.837,,,,,,,,,,,sang,sang,image,0.0,1.0,sang,sang,image,0.0,1.0,okänd,,
sang,sang,himmelsang,asking,1,0.916,,,,,,sang,sang,prior,0.0,1.0,sang,sang,image,0.0,1.0,sang,sang,prior,0.0,1.0,säng,,
sang,sang,solsang,asking,1,0.565,,,,,,,,,,,,,,,,,,,,,okänd,,
sang,sang,kungsangen,asking,1,0.707,,,,,,,,,,,sang,sang,image,0.0,1.0,sang,sang,image,0.0,1.0,säng,,
sang,sang,vaningsang,asking,1,0.394,,,,,,sang,sang,prior,0.0,1.0,,,,,,sang,sang,prior,0.0,1.0,okänd,,
sang,sang,70-tals,asking,1,0.973,,,,,,sang,sang,prior,0.0,1.0,sang,sang,image,0.0,1.0,sang,sang,prior,0.0,1.0,säng,,
sang,sang,malm,asking,1,1.0,,,,,,,,,,,sang,sang,image,0.0,1.0,sang,sang,image,0.0,1.0,säng,,
sang,sang,180x200,asking,1,0.866,,,,,,,,,,,sang,sang,image,0.0,1.0,sang,sang,image,0.0,1.0,säng,,
sang,sang,vihals,asking,1,0.769,,,,,,sang,sang,prior,0.0,1.0,sang,sang,image,0.0,1.0,sang,sang,prior,0.0,1.0,säng,,
sang,sang,malm,asking,1,0.842,,,,,,,,,,,sang,sang,image,0.0,1.0,sang,sang,image,0.0,1.0,säng,,
sang,sang,mio,asking,1,0.511,,,,,,,,,,,,,,,,,,,,,okänd,,
sang,sang,elite,asking,1,1.0,,,,,,sang,sang,prior,0.0,1.0,sang,sang,image,0.0,1.0,sang,sang,prior,0.0,1.0,okänd,,
sang,sang,saljer,asking,1,1.0,,,,,,sang,sang,prior,0.0,1.0,sang,sang,image,0.0,1.0,sang,sang,prior,0.0,1.0,okänd,,
sang,sang,viking,asking,1,0.474,,,,,,sang,sang,prior,0.0,1.0,,,,,,sang,sang,prior,0.0,1.0,okänd,,
sang,sang,skon,asking,1,1.0,,,,,,,,,,,sang,sang,image,0.0,1.0,sang,sang,image,0.0,1.0,säng,,
sang,sang,loftsang,asking,1,0.803,,,,,,forvaring,forvaring,prior,,,forvaring,forvaring,image,,,forvaring,forvaring,prior,,,hylla,,
sang,sang,sanglada,asking,1,0.372,,,,,,bord,bord,prior,,,,,,,,bord,bord,prior,,,okänd,,
sang,sang,mio,asking,1,0.673,,,,,,,,,,,,,,,,,,,,,okänd,,
sang,sang,gaveln,asking,1,0.886,,,,,,,,,,,sang,sang,image,0.0,1.0,sang,sang,image,0.0,1.0,säng,,
sang,sang,madrass,asking,2,0.637,,,,,,sang,sang,prior,0.0,1.0,,,,,,sang,sang,prior,0.0,1.0,hylla,,
sang,sang,brimnes,asking,1,1.0,,,,,,,,,,,sang,sang,image,0.0,1.0,sang,sang,image,0.0,1.0,okänd,,
sang,sang,mio,asking,1,0.742,,,,,,,,,,,sang,sang,image,0.0,1.0,sang,sang,image,0.0,1.0,säng,,
sang,sang,malm,asking,1,1.0,,,,,,,,,,,sang,sang,image,0.0,1.0,sang,sang,image,0.0,1.0,säng,,
sang,sang,kontinentalsang,asking,1,1.0,,,,,,sang,sang,prior,0.0,1.0,sang,sang,image,0.0,1.0,sang,sang,prior,0.0,1.0,säng,,
sang,sang,fallsang,asking,1,0.716,,,,,,sang,sang,prior,0.0,1.0,sang,sang,image,0.0,1.0,sang,sang,prior,0.0,1.0,okänd,,
sang,sang,jensen,asking,1,0.974,,,,,,sang,sang,prior,0.0,1.0,sang,sang,image,0.0,1.0,sang,sang,prior,0.0,1.0,säng,,
sang,sang,90cm,asking,1,1.0,,,,,,sang,sang,prior,0.0,1.0,sang,sang,image,0.0,1.0,sang,sang,prior,0.0,1.0,säng,,
sang,sang,trademax,asking,1,0.889,,,,,,,,,,,sang,sang,image,0.0,1.0,sang,sang,image,0.0,1.0,säng,,
sang,sang,utdragbar,asking,1,0.85,,,,,,,,,,,sang,sang,image,0.0,1.0,sang,sang,image,0.0,1.0,okänd,,
sang,sang,signatur,asking,1,0.893,,,,,,sang,sang,prior,0.0,1.0,sang,sang,image,0.0,1.0,sang,sang,prior,0.0,1.0,sänggavel,,
sang,sang,barnsang,asking,4,0.0,,,,,,,,,,,,,,,,,,,,,,,
sang,sang,brge,realized,1,0.974,,,,,,,,,,,soffa,soffa,image,2202.0,1.2502272727272727,soffa,soffa,image,2202.0,1.2502272727272727,soffa,2202.0,1.2502272727272727
sang,sang,jysk,asking,1,0.972,,,,,,,,,,,sang,sang,image,0.0,1.0,sang,sang,image,0.0,1.0,säng,,
sang,sang,kontinentalsang,asking,1,0.898,,,,,,,,,,,sang,sang,image,0.0,1.0,sang,sang,image,0.0,1.0,säng,,
sang,sang,mille,asking,1,1.0,,,,,,,,,,,sang,sang,image,0.0,1.0,sang,sang,image,0.0,1.0,säng,,
sang,sang,tradition,asking,1,0.972,,,,,,sang,sang,prior,0.0,1.0,sang,sang,image,0.0,1.0,sang,sang,prior,0.0,1.0,säng,,
sang,sang,sangben,asking,2,0.806,,,,,,,,,,,sang,sang,image,0.0,1.0,sang,sang,image,0.0,1.0,okänd,,
sang,sang,ben,asking,1,0.787,,,,,,,,,,,sang,sang,image,0.0,1.0,sang,sang,image,0.0,1.0,okänd,,
sang,sang,geromar,asking,1,0.94,,,,,,,,,,,sang,sang,image,0.0,1.0,sang,sang,image,0.0,1.0,säng,,
sang,sang,120cm,asking,2,1.0,,,,,,sang,sang,prior,0.0,1.0,sang,sang,image,0.0,1.0,sang,sang,prior,0.0,1.0,säng,,
sang,sang,hovag,asking,1,1.0,,,,,,sang,sang,prior,0.0,1.0,sang,sang,image,0.0,1.0,sang,sang,prior,0.0,1.0,säng,,
sang,sang,juniorsang,asking,1,1.0,,,,,,,,,,,sang,sang,image,0.0,1.0,sang,sang,image,0.0,1.0,säng,,
sang,sang,kleppstad,asking,1,0.697,,,,,,,,,,,,,,,,,,,,,säng,,
sang,sang,kontinentalsang,asking,2,1.0,,,,,,sang,sang,prior,0.0,1.0,sang,sang,image,0.0,1.0,sang,sang,prior,0.0,1.0,säng,,
sang,sang,lador,asking,1,0.768,,,,,,forvaring,forvaring,prior,800.0,0.4666666666666667,sang,sang,image,0.0,1.0,forvaring,forvaring,prior,800.0,0.4666666666666667,säng,,
sang,sang,kontinentalsang,asking,1,1.0,,,,,,sang,sang,prior,0.0,1.0,sang,sang,image,0.0,1.0,sang,sang,prior,0.0,1.0,säng,,
sang,sang,mio,asking,1,0.971,,,,,,,,,,,sang,sang,image,0.0,1.0,sang,sang,image,0.0,1.0,säng,,
sang,sang,jotex,asking,1,0.725,,,,,,,,,,,sang,sang,image,0.0,1.0,sang,sang,image,0.0,1.0,säng,,
sang,sang,sangbricka,asking,1,0.888,,,,,,,,,,,bord,bord,image,,,bord,bord,image,,,bord,,
sang,sang,dux,asking,1,0.91,,,,,,stol,stol,prior,500.0,0.8333333333333334,sang,sang,image,0.0,1.0,stol,stol,prior,500.0,0.8333333333333334,säng,,
sang,sang,160x200cm,asking,1,0.973,,,,,,sang,sang,prior,0.0,1.0,sang,sang,image,0.0,1.0,sang,sang,prior,0.0,1.0,säng,,
sang,sang,90x200,asking,1,0.962,,,,,,sang,sang,prior,0.0,1.0,sang,sang,image,0.0,1.0,sang,sang,prior,0.0,1.0,säng,,
sang,sang,hilding,asking,1,1.0,,,,,,sang,sang,prior,0.0,1.0,sang,sang,image,0.0,1.0,sang,sang,prior,0.0,1.0,säng,,
sang,sang,vackra,asking,1,0.673,,,,,,,,,,,,,,,,,,,,,okänd,,
sang,sang,handgjord,asking,1,0.939,,,,,,stol,stol,prior,2300.0,0.17857142857142858,sang,sang,image,0.0,1.0,stol,stol,prior,2300.0,0.17857142857142858,säng,,
sang,sang,mio,asking,1,0.975,,,,,,,,,,,sang,sang,image,0.0,1.0,sang,sang,image,0.0,1.0,säng,,
sang,sang,jensen,asking,1,0.771,,,,,,sang,sang,prior,0.0,1.0,sang,sang,image,0.0,1.0,sang,sang,prior,0.0,1.0,säng,,
sang,sang,105x200,asking,1,0.971,,,,,,sang,sang,prior,0.0,1.0,sang,sang,image,0.0,1.0,sang,sang,prior,0.0,1.0,säng,,
sang,sang,vestervig,asking,1,1.0,,,,,,,,,,,sang,sang,image,0.0,1.0,sang,sang,image,0.0,1.0,okänd,,
sang,sang,madrass,asking,1,0.82,,,,,,sang,sang,prior,0.0,1.0,sang,sang,image,0.0,1.0,sang,sang,prior,0.0,1.0,okänd,,
sang,sang,resorbotten,asking,1,1.0,,,,,,,,,,,sang,sang,image,0.0,1.0,sang,sang,image,0.0,1.0,säng,,
sang,sang,saljes,asking,1,0.936,,,,,,,,,,,sang,sang,image,0.0,1.0,sang,sang,image,0.0,1.0,säng,,
sang,sang,komplett,asking,1,0.8,,,,,,,,,,,sang,sang,image,0.0,1.0,sang,sang,image,0.0,1.0,säng,,
sang,sang,90x200,asking,1,0.949,,,,,,sang,sang,prior,0.0,1.0,sang,sang,image,0.0,1.0,sang,sang,prior,0.0,1.0,okänd,,
sang,sang,kontinentalsang,asking,1,0.976,,,,,,sang,sang,prior,0.0,1.0,sang,sang,image,0.0,1.0,sang,sang,prior,0.0,1.0,säng,,
sang,sang,sangmedar,asking,1,0.679,,,,,,,,,,,,,,,,,,,,,hylla,,
sang,sang,songesand,asking,1,0.972,,,,,,sang,sang,prior,0.0,1.0,sang,sang,image,0.0,1.0,sang,sang,prior,0.0,1.0,säng,,
sang,sang,forvaring,asking,1,1.0,,,,,,,,,,,sang,sang,image,0.0,1.0,sang,sang,image,0.0,1.0,säng,,
sang,sang,hilding,asking,1,0.969,,,,,,,,,,,sang,sang,image,0.0,1.0,sang,sang,image,0.0,1.0,säng,,
sang,sang,wellpur,asking,1,1.0,,,,,,sang,sang,prior,0.0,1.0,sang,sang,image,0.0,1.0,sang,sang,prior,0.0,1.0,säng,,
sang,sang,mio,asking,1,1.0,,,,,,,,,,,sang,sang,image,0.0,1.0,sang,sang,image,0.0,1.0,okänd,,
sang,sang,loftsang,asking,1,0.467,,,,,,,,,,,,,,,,,,,,,hylla,,
sang,sang,komplett,asking,1,0.843,,,,,,,,,,,sang,sang,image,0.0,1.0,sang,sang,image,0.0,1.0,säng,,
sang,sang,barnsang,asking,1,0.73,,,,,,,,,,,sang,sang,image,0.0,1.0,sang,sang,image,0.0,1.0,säng,,
sang,sang,huvudgavel,asking,1,0.837,,,,,,sang,sang,prior,0.0,1.0,sang,sang,image,0.0,1.0,sang,sang,prior,0.0,1.0,säng,,
sang,sang,king,asking,1,0.938,,,,,,,,,,,sang,sang,image,0.0,1.0,sang,sang,image,0.0,1.0,säng,,
sang,sang,hovag,asking,1,1.0,,,,,,sang,sang,prior,0.0,1.0,sang,sang,image,0.0,1.0,sang,sang,prior,0.0,1.0,säng,,
sang,sang,solsangar,asking,1,0.487,,,,,,,,,,,,,,,,,,,,,stol,300.0,0.7
sang,sang,stavanger,asking,1,0.834,,,,,,sang,sang,prior,0.0,1.0,sang,sang,image,0.0,1.0,sang,sang,prior,0.0,1.0,okänd,,
sang,sang,hilding,asking,1,0.756,,,,,,sang,sang,prior,0.0,1.0,sang,sang,image,0.0,1.0,sang,sang,prior,0.0,1.0,okänd,,
sang,sang,forvaring,asking,1,0.896,,,,,,,,,,,sang,sang,image,0.0,1.0,sang,sang,image,0.0,1.0,säng,,
sang,sang,hovag,asking,1,0.975,,,,,,sang,sang,prior,0.0,1.0,sang,sang,image,0.0,1.0,sang,sang,prior,0.0,1.0,säng,,
sang,sang,tva,asking,1,0.883,,,,,,,,,,,sang,sang,image,0.0,1.0,sang,sang,image,0.0,1.0,säng,,
sang,sang,madrass,asking,1,0.961,,,,,,sang,sang,prior,0.0,1.0,sang,sang,image,0.0,1.0,sang,sang,prior,0.0,1.0,okänd,,
sang,sang,solsang,asking,1,0.477,,,,,,,,,,,,,,,,,,,,,okänd,,
sang,sang,metallsang,asking,1,0.973,,,,,,sang,sang,prior,0.0,1.0,sang,sang,image,0.0,1.0,sang,sang,prior,0.0,1.0,säng,,
sang,sang,harliga,asking,1,0.533,,,,,,,,,,,,,,,,,,,,,sänggavel,,
sang,sang,sangben,asking,1,0.648,,,,,,,,,,,,,,,,,,,,,okänd,,
sang,sang,mobel,asking,1,0.0,,,,,,,,,,,,,,,,,,,,,,,
sang,sang,90x200,asking,1,0.876,,,,,,sang,sang,prior,0.0,1.0,sang,sang,image,0.0,1.0,sang,sang,prior,0.0,1.0,säng,,
sang,sang,vaxasang,asking,1,0.676,,,,,,sang,sang,prior,0.0,1.0,,,,,,sang,sang,prior,0.0,1.0,okänd,,
sang,sang,resarmadrass,asking,1,0.975,,,,,,sang,sang,prior,0.0,1.0,sang,sang,image,0.0,1.0,sang,sang,prior,0.0,1.0,säng,,
sang,sang,svenska,asking,1,0.972,,,,,,,,,,,sang,sang,image,0.0,1.0,sang,sang,image,0.0,1.0,säng,,
sang,sang,vaningssang,asking,1,0.809,,,,,,sang,sang,prior,0.0,1.0,sang,sang,image,0.0,1.0,sang,sang,prior,0.0,1.0,okänd,,
sang,sang,markt,realized,1,0.664,,,,,,,,,,,,,,,,,,,,,bord,979.0,0.647715005397625
sang,sang,huvudgavel,asking,1,1.0,,,,,,sang,sang,prior,0.0,1.0,sang,sang,image,0.0,1.0,sang,sang,prior,0.0,1.0,säng,,
sang,sang,sovrumsmobler,asking,1,0.443,,,,,,,,,,,,,,,,,,,,,säng,,
sang,sang,madrass,asking,1,0.934,,,,,,sang,sang,prior,0.0,1.0,sang,sang,image,0.0,1.0,sang,sang,prior,0.0,1.0,okänd,,
sang,sang,beliani,asking,1,0.72,,,,,,,,,,,soffa,soffa,image,550.0,1.2340425531914894,soffa,soffa,image,550.0,1.2340425531914894,soffa,550.0,1.2340425531914894
sang,sang,forvaring,asking,2,0.893,,,,,,,,,,,sang,sang,image,0.0,1.0,sang,sang,image,0.0,1.0,säng,,
sang,sang,stallbar,asking,1,1.0,,,,,,sang,sang,prior,0.0,1.0,sang,sang,image,0.0,1.0,sang,sang,prior,0.0,1.0,säng,,
sang,sang,forvaring,asking,1,0.94,,,,,,,,,,,sang,sang,image,0.0,1.0,sang,sang,image,0.0,1.0,säng,,
sang,sang,madrasser,asking,1,0.583,,,,,,,,,,,,,,,,,,,,,säng,,
sang,sang,paketpris,asking,1,1.0,,,,,,,,,,,sang,sang,image,0.0,1.0,sang,sang,image,0.0,1.0,säng,,
sang,sang,kritter,asking,1,0.927,,,,,,sang,sang,prior,0.0,1.0,sang,sang,image,0.0,1.0,sang,sang,prior,0.0,1.0,okänd,,
sang,sang,90x200,asking,1,1.0,,,,,,sang,sang,prior,0.0,1.0,sang,sang,image,0.0,1.0,sang,sang,prior,0.0,1.0,säng,,
sang,sang,vaningssang,asking,1,1.0,,,,,,,,,,,sang,sang,image,0.0,1.0,sang,sang,image,0.0,1.0,okänd,,
sang,sang,forvaring,asking,1,0.732,,,,,,,,,,,sang,sang,image,0.0,1.0,sang,sang,image,0.0,1.0,säng,,
sang,sang,kinna,asking,1,0.974,,,,,,,,,,,sang,sang,image,0.0,1.0,sang,sang,image,0.0,1.0,säng,,
sang,sang,140x200,asking,1,1.0,,,,,,sang,sang,prior,0.0,1.0,sang,sang,image,0.0,1.0,sang,sang,prior,0.0,1.0,säng,,
sang,sang,diverse,asking,1,0.945,,,,,,,,,,,bord,bord,image,150.0,1.75,bord,bord,image,150.0,1.75,bord,150.0,1.75
sang,sang,resarsang,asking,1,0.605,,,,,,sang,sang,prior,0.0,1.0,,,,,,sang,sang,prior,0.0,1.0,okänd,,
sang,sang,sanglada,asking,1,0.823,,,,,,,,,,,forvaring,forvaring,image,,,forvaring,forvaring,image,,,hylla,,
sang,sang,utan,asking,1,0.401,,,,,,sang,sang,prior,0.0,1.0,,,,,,sang,sang,prior,0.0,1.0,okänd,,
sang,sang,baby,asking,1,0.947,,,,,,,,,,,sang,sang,image,0.0,1.0,sang,sang,image,0.0,1.0,okänd,,
sang,sang,komplett,asking,1,1.0,,,,,,sang,sang,prior,0.0,1.0,sang,sang,image,0.0,1.0,sang,sang,prior,0.0,1.0,okänd,,
sang,sang,madrass,asking,1,1.0,,,,,,sang,sang,prior,0.0,1.0,sang,sang,image,0.0,1.0,sang,sang,prior,0.0,1.0,säng,,
sang,sang,140x200,asking,1,0.974,,,,,,sang,sang,prior,0.0,1.0,sang,sang,image,0.0,1.0,sang,sang,prior,0.0,1.0,säng,,
sang,sang,kontinentalsang,asking,1,0.859,,,,,,sang,sang,prior,0.0,1.0,sang,sang,image,0.0,1.0,sang,sang,prior,0.0,1.0,säng,,
sang,sang,dux,asking,1,0.97,,,,,,stol,stol,prior,500.0,0.8333333333333334,sang,sang,image,0.0,1.0,stol,stol,prior,500.0,0.8333333333333334,säng,,
sang,sang,resarbotten,asking,1,1.0,,,,,,,,,,,sang,sang,image,0.0,1.0,sang,sang,image,0.0,1.0,säng,,
sang,sang,fjarrkontroll,asking,1,1.0,,,,,,sang,sang,prior,0.0,1.0,sang,sang,image,0.0,1.0,sang,sang,prior,0.0,1.0,säng,,
sang,sang,bed,asking,1,0.876,,,,,,,,,,,sang,sang,image,0.0,1.0,sang,sang,image,0.0,1.0,säng,,
sang,sang,stoppad,asking,1,0.816,,,,,,stol,stol,prior,3650.0,0.0759493670886076,sang,sang,image,0.0,1.0,stol,stol,prior,3650.0,0.0759493670886076,säng,,
sang,sang,elegant,asking,1,1.0,,,,,,,,,,,sang,sang,image,0.0,1.0,sang,sang,image,0.0,1.0,säng,,
sang,sang,carpe,asking,1,0.357,,,,,,,,,,,,,,,,,,,,,okänd,,
sang,sang,overkast,asking,1,0.632,,,,,,sang,sang,prior,0.0,1.0,,,,,,sang,sang,prior,0.0,1.0,sänggavel,,
sang,sang,plysch,asking,1,0.671,,,,,,sang,sang,prior,0.0,1.0,,,,,,sang,sang,prior,0.0,1.0,sänggavel,,
sang,sang,kontinentalsang,asking,1,1.0,,,,,,sang,sang,prior,0.0,1.0,sang,sang,image,0.0,1.0,sang,sang,prior,0.0,1.0,okänd,,
sang,sang,50-tal,asking,1,0.679,,,,,,,,,,,,,,,,,,,,,bord,75.0,0.9032258064516129
sang,sang,alvar,asking,1,0.787,,,,,,,,,,,sang,sang,image,0.0,1.0,sang,sang,image,0.0,1.0,säng,,
sang,sang,vaningssangar,asking,1,1.0,,,,,,sang,sang,prior,0.0,1.0,sang,sang,image,0.0,1.0,sang,sang,prior,0.0,1.0,okänd,,
sang,sang,sangben,asking,1,0.652,,,,,,,,,,,,,,,,,,,,,okänd,,
sang,sang,90x200,asking,1,0.892,,,,,,sang,sang,prior,0.0,1.0,sang,sang,image,0.0,1.0,sang,sang,prior,0.0,1.0,säng,,
sang,sang,madrasser,asking,1,1.0,,,,,,sang,sang,prior,0.0,1.0,sang,sang,image,0.0,1.0,sang,sang,prior,0.0,1.0,säng,,
sang,sang,kungsangen,asking,1,0.973,,,,,,,,,,,sanggavel,sanggavel,image,2290.0,0.3438395415472779,sanggavel,sanggavel,image,2290.0,0.3438395415472779,sänggavel,,
sang,sang,jysk,asking,1,1.0,,,,,,,,,,,sang,sang,image,0.0,1.0,sang,sang,image,0.0,1.0,okänd,,
sang,sang,komplett,asking,1,0.967,,,,,,sang,sang,prior,0.0,1.0,sang,sang,image,0.0,1.0,sang,sang,prior,0.0,1.0,okänd,,
sang,sang,mio,asking,1,0.92,,,,,,,,,,,sang,sang,image,0.0,1.0,sang,sang,image,0.0,1.0,säng,,
sang,sang,forvaring,asking,1,0.956,,,,,,,,,,,sang,sang,image,0.0,1.0,sang,sang,image,0.0,1.0,säng,,
sang,sang,hilding,asking,1,0.75,,,,,,,,,,,sang,sang,image,0.0,1.0,sang,sang,image,0.0,1.0,säng,,
sang,sang,furusang,asking,1,0.974,,,,,,,,,,,sang,sang,image,0.0,1.0,sang,sang,image,0.0,1.0,säng,,
sang,sang,madrass,asking,1,0.972,,,,,,sang,sang,prior,0.0,1.0,sang,sang,image,0.0,1.0,sang,sang,prior,0.0,1.0,säng,,
sang,sang,juniorsang,asking,1,0.863,,,,,,,,,,,bord,bord,image,,,bord,bord,image,,,bord,,
sang,sang,kontinentalsang,asking,1,1.0,,,,,,sang,sang,prior,0.0,1.0,sang,sang,image,0.0,1.0,sang,sang,prior,0.0,1.0,säng,,
sang,sang,noresund,asking,1,0.897,,,,,,,,,,,sang,sang,image,0.0,1.0,sang,sang,image,0.0,1.0,säng,,
sang,sang,vaningssang,asking,1,1.0,,,,,,sang,sang,prior,0.0,1.0,sang,sang,image,0.0,1.0,sang,sang,prior,0.0,1.0,okänd,,
sang,sang,oliver,asking,1,0.973,,,,,,,,,,,sang,sang,image,0.0,1.0,sang,sang,image,0.0,1.0,okänd,,
sang,sang,sallsynt,asking,1,0.4,,,,,,,,,,,,,,,,,,,,,soffa,,
sang,sang,sanghimmel,asking,1,0.804,,,,,,sang,sang,prior,0.0,1.0,sang,sang,image,0.0,1.0,sang,sang,prior,0.0,1.0,okänd,,
sang,sang,mio,asking,1,0.75,,,,,,,,,,,forvaring,forvaring,image,2200.0,0.3125,forvaring,forvaring,image,2200.0,0.3125,okänd,,
sang,sang,tillhorande,asking,1,0.973,,,,,,,,,,,sang,sang,image,0.0,1.0,sang,sang,image,0.0,1.0,säng,,
sang,sang,inkl,asking,1,0.972,,,,,,,,,,,sang,sang,image,0.0,1.0,sang,sang,image,0.0,1.0,säng,,
sang,sang,oliver,asking,1,0.814,,,,,,,,,,,sang,sang,image,0.0,1.0,sang,sang,image,0.0,1.0,okänd,,
sang,sang,dynor,asking,1,0.513,,,,,,,,,,,,,,,,,,,,,stol,900.0,0.3076923076923077
sang,sang,madrass,asking,1,0.947,,,,,,sang,sang,prior,0.0,1.0,sang,sang,image,0.0,1.0,sang,sang,prior,0.0,1.0,säng,,
sang,sang,ribb,asking,1,0.816,,,,,,,,,,,sang,sang,image,0.0,1.0,sang,sang,image,0.0,1.0,okänd,,
sang,sang,sangfabriken,asking,1,0.925,,,,,,,,,,,sanggavel,sanggavel,image,6700.0,0.1625,sanggavel,sanggavel,image,6700.0,0.1625,sänggavel,,
sang,sang,4st,asking,1,0.812,,,,,,stol,stol,prior,0.0,1.0,stol,stol,image,0.0,1.0,stol,stol,prior,0.0,1.0,stol,0.0,1.0
sang,sang,komplett,asking,1,0.886,,,,,,,,,,,sang,sang,image,0.0,1.0,sang,sang,image,0.0,1.0,säng,,
sang,sang,madrass,asking,1,0.911,,,,,,sang,sang,prior,0.0,1.0,sang,sang,image,0.0,1.0,sang,sang,prior,0.0,1.0,säng,,
sang,sang,vaningsang,asking,1,1.0,,,,,,,,,,,sang,sang,image,0.0,1.0,sang,sang,image,0.0,1.0,okänd,,
sang,sang,ellos,asking,1,0.477,,,,,,,,,,,,,,,,,,,,,okänd,,
sang,sang,hastens,asking,1,0.973,,,,,,sang,sang,prior,0.0,1.0,sang,sang,image,0.0,1.0,sang,sang,prior,0.0,1.0,säng,,
sang,sang,jysk,asking,1,0.794,,,,,,,,,,,sang,sang,image,0.0,1.0,sang,sang,image,0.0,1.0,okänd,,
sang,sang,sova,asking,1,0.708,,,,,,,,,,,sang,sang,image,0.0,1.0,sang,sang,image,0.0,1.0,okänd,,
sang,sang,nackkudde,asking,1,1.0,,,,,,stol,stol,prior,1900.0,0.20833333333333334,sang,sang,image,0.0,1.0,stol,stol,prior,1900.0,0.20833333333333334,säng,,
sang,sang,madrass,asking,2,0.947,,,,,,sang,sang,prior,0.0,1.0,sang,sang,image,0.0,1.0,sang,sang,prior,0.0,1.0,säng,,
sang,sang,forvaring,asking,1,0.545,,,,,,,,,,,,,,,,,,,,,hylla,1198.5,0.3336113427856547
sang,sang,tre,asking,1,0.972,,,,,,,,,,,sang,sang,image,0.0,1.0,sang,sang,image,0.0,1.0,säng,,
sang,sang,sangkappa,asking,1,0.945,,,,,,,,,,,sang,sang,image,0.0,1.0,sang,sang,image,0.0,1.0,säng,,
sang,sang,sangmobel,asking,1,0.968,,,,,,,,,,,sang,sang,image,0.0,1.0,sang,sang,image,0.0,1.0,säng,,
sang,sang,utdragssang,asking,1,0.896,,,,,,,,,,,sang,sang,image,0.0,1.0,sang,sang,image,0.0,1.0,säng,,
sang,sang,bred,asking,1,0.444,,,,,,,,,,,,,,,,,,,,,sänggavel,,
sang,sang,ilva,asking,1,0.618,,,,,,,,,,,,,,,,,,,,,soffa,3275.0,3.183333333333333
sang,sang,sultan,asking,1,0.807,,,,,,,,,,,sang,sang,image,0.0,1.0,sang,sang,image,0.0,1.0,okänd,,
sang,sang,mio,asking,1,1.0,,,,,,,,,,,sang,sang,image,0.0,1.0,sang,sang,image,0.0,1.0,säng,,
sang,sang,gastsang,asking,1,0.782,,,,,,,,,,,sang,sang,image,0.0,1.0,sang,sang,image,0.0,1.0,okänd,,
sang,sang,ribbotten,asking,1,1.0,,,,,,sang,sang,prior,0.0,1.0,sang,sang,image,0.0,1.0,sang,sang,prior,0.0,1.0,okänd,,
sang,sang,kungsangen,asking,1,1.0,,,,,,sang,sang,prior,0.0,1.0,sang,sang,image,0.0,1.0,sang,sang,prior,0.0,1.0,säng,,
sang,sang,stallbar,asking,1,1.0,,,,,,sang,sang,prior,0.0,1.0,sang,sang,image,0.0,1.0,sang,sang,prior,0.0,1.0,säng,,
sang,sang,kontinental,asking,1,1.0,,,,,,sang,sang,prior,0.0,1.0,sang,sang,image,0.0,1.0,sang,sang,prior,0.0,1.0,säng,,
sang,sang,sultan,asking,1,1.0,,,,,,sang,sang,prior,0.0,1.0,sang,sang,image,0.0,1.0,sang,sang,prior,0.0,1.0,säng,,
sang,sang,elektriskt,asking,1,1.0,,,,,,,,,,,sang,sang,image,0.0,1.0,sang,sang,image,0.0,1.0,säng,,
sang,sang,smastad,asking,1,0.691,,,,,,sang,sang,prior,0.0,1.0,,,,,,sang,sang,prior,0.0,1.0,stol,,
sang,sang,kontinentalsang,asking,1,0.973,,,,,,,,,,,sang,sang,image,0.0,1.0,sang,sang,image,0.0,1.0,säng,,
sang,sang,kungsangen,asking,1,0.546,,,,,,,,,,,,,,,,,,,,,sänggavel,,
sang,sang,kungsangen,asking,1,0.945,,,,,,sang,sang,prior,0.0,1.0,sang,sang,image,0.0,1.0,sang,sang,prior,0.0,1.0,säng,,
sang,sang,madrass,asking,1,0.457,,,,,,sang,sang,prior,0.0,1.0,,,,,,sang,sang,prior,0.0,1.0,hylla,,
sang,sang,jotex,asking,1,0.946,,,,,,sang,sang,prior,0.0,1.0,sang,sang,image,0.0,1.0,sang,sang,prior,0.0,1.0,säng,,
sang,sang,sangkappa,asking,1,0.973,,,,,,,,,,,sang,sang,image,0.0,1.0,sang,sang,image,0.0,1.0,säng,,
sang,sang,nordli,asking,1,0.799,,,,,,,,,,,forvaring,forvaring,image,800.0,0.4666666666666667,forvaring,forvaring,image,800.0,0.4666666666666667,hylla,500.0,0.6666666666666666
sang,sang,sanghimmel,asking,1,0.643,,,,,,sang,sang,prior,0.0,1.0,,,,,,sang,sang,prior,0.0,1.0,okänd,,
sang,sang,180x200,asking,1,1.0,,,,,,sang,sang,prior,0.0,1.0,sang,sang,image,0.0,1.0,sang,sang,prior,0.0,1.0,okänd,,
sang,sang,riviera,asking,1,0.643,,,,,,stol,stol,prior,,,,,,,,stol,stol,prior,,,okänd,,
sang,sang,resarmadrass,asking,1,1.0,,,,,,sang,sang,prior,0.0,1.0,sang,sang,image,0.0,1.0,sang,sang,prior,0.0,1.0,säng,,
sang,sang,mio,asking,1,0.895,,,,,,,,,,,sang,sang,image,0.0,1.0,sang,sang,image,0.0,1.0,säng,,
sang,sang,malm,asking,1,0.97,,,,,,,,,,,sang,sang,image,0.0,1.0,sang,sang,image,0.0,1.0,säng,,
sang,sang,neiden,asking,1,0.572,,,,,,sang,sang,prior,0.0,1.0,,,,,,sang,sang,prior,0.0,1.0,okänd,,
sang,sang,malm,asking,1,0.943,,,,,,,,,,,sang,sang,image,0.0,1.0,sang,sang,image,0.0,1.0,säng,,
sang,sang,ren,asking,1,0.595,,,,,,,,,,,,,,,,,,,,,okänd,,
sang,sang,stallbar,asking,1,1.0,,,,,,sang,sang,prior,0.0,1.0,sang,sang,image,0.0,1.0,sang,sang,prior,0.0,1.0,säng,,
sang,sang,spjalsang,asking,1,0.949,,,,,,,,,,,sang,sang,image,0.0,1.0,sang,sang,image,0.0,1.0,okänd,,
sang,sang,vaningssang,asking,4,0.44,,,,,,sang,sang,prior,0.0,1.0,,,,,,sang,sang,prior,0.0,1.0,hylla,,
sang,sang,jysk,asking,1,1.0,,,,,,sang,sang,prior,0.0,1.0,sang,sang,image,0.0,1.0,sang,sang,prior,0.0,1.0,okänd,,
sang,sang,slakt,asking,1,0.909,,,,,,sang,sang,prior,0.0,1.0,sang,sang,image,0.0,1.0,sang,sang,prior,0.0,1.0,säng,,
sanggavel,sanggavel,ben,asking,1,0.818,,,,,,,,,,,sanggavel,sanggavel,image,0.0,1.0,sanggavel,sanggavel,image,0.0,1.0,sänggavel,,
sanggavel,sanggavel,mio,asking,1,0.908,,,,,,,,,,,sanggavel,sanggavel,image,0.0,1.0,sanggavel,sanggavel,image,0.0,1.0,sänggavel,,
sanggavel,sanggavel,kryss,asking,1,0.891,,,,,,,,,,,sang,sang,image,,,sang,sang,image,,,säng,,
sanggavel,sanggavel,90cm,asking,1,0.974,,,,,,,,,,,sanggavel,sanggavel,image,0.0,1.0,sanggavel,sanggavel,image,0.0,1.0,sänggavel,,
sanggavel,sanggavel,chesterfieldstil,asking,1,0.874,,,,,,,,,,,sanggavel,sanggavel,image,0.0,1.0,sanggavel,sanggavel,image,0.0,1.0,sänggavel,,
sanggavel,sanggavel,ekens,asking,1,0.774,,,,,,,,,,,sanggavel,sanggavel,image,0.0,1.0,sanggavel,sanggavel,image,0.0,1.0,sänggavel,,
sanggavel,sanggavel,ekens,asking,1,0.976,,,,,,sang,sang,prior,4025.0,3.037974683544304,sanggavel,sanggavel,image,0.0,1.0,sang,sang,prior,4025.0,3.037974683544304,sänggavel,,
sanggavel,sanggavel,passar,asking,1,0.597,,,,,,,,,,,,,,,,,,,,,säng,,
sanggavel,sanggavel,mio,asking,1,0.747,,,,,,,,,,,sanggavel,sanggavel,image,0.0,1.0,sanggavel,sanggavel,image,0.0,1.0,sänggavel,,
sanggavel,sanggavel,120cm,asking,2,0.512,,,,,,sang,sang,prior,1100.0,2.375,,,,,,sang,sang,prior,1100.0,2.375,sänggavel,,
sanggavel,sanggavel,mio,asking,5,0.95,,,,,,,,,,,sanggavel,sanggavel,image,0.0,1.0,sanggavel,sanggavel,image,0.0,1.0,sänggavel,,
sanggavel,sanggavel,tal,asking,1,0.723,,,,,,forvaring,forvaring,prior,,,forvaring,forvaring,image,,,forvaring,forvaring,prior,,,hylla,,
sanggavel,sanggavel,stoppad,asking,1,0.583,,,,,,stol,stol,prior,300.0,0.5,,,,,,stol,stol,prior,300.0,0.5,okänd,,
sanggavel,sanggavel,slettvoll,asking,1,0.545,,,,,,,,,,,,,,,,,,,,,sänggavel,,
sanggavel,sanggavel,mio,asking,1,0.861,,,,,,,,,,,stol,stol,image,600.0,0.4,stol,stol,image,600.0,0.4,stol,600.0,0.4
sanggavel,sanggavel,jotex,asking,1,0.947,,,,,,,,,,,sanggavel,sanggavel,image,0.0,1.0,sanggavel,sanggavel,image,0.0,1.0,sänggavel,,
sanggavel,sanggavel,tex,asking,1,0.351,,,,,,,,,,,,,,,,,,,,,sänggavel,,
sanggavel,sanggavel,sangkappa,asking,1,0.412,,,,,,,,,,,,,,,,,,,,,del/tillbehör,,
sanggavel,sanggavel,konsoller,asking,1,0.651,,,,,,,,,,,,,,,,,,,,,okänd,,
sanggavel,sanggavel,mio,asking,1,0.734,,,,,,,,,,,sang,sang,image,2200.0,3.2,sang,sang,image,2200.0,3.2,säng,,
sanggavel,sanggavel,tempur,asking,1,0.917,,,,,,,,,,,sanggavel,sanggavel,image,0.0,1.0,sanggavel,sanggavel,image,0.0,1.0,sänggavel,,
sanggavel,sanggavel,overdrag,asking,1,0.482,,,,,,,,,,,,,,,,,,,,,säng,,
sanggavel,sanggavel,forsta,realized,1,0.458,,,,,,,,,,,,,,,,,,,,,sänggavel,,
sanggavel,sanggavel,mio,asking,1,1.0,,,,,,,,,,,sanggavel,sanggavel,image,0.0,1.0,sanggavel,sanggavel,image,0.0,1.0,sänggavel,,
sanggavel,sanggavel,saljes,asking,1,0.898,,,,,,,,,,,sanggavel,sanggavel,image,0.0,1.0,sanggavel,sanggavel,image,0.0,1.0,sänggavel,,
sanggavel,sanggavel,norrgavel,asking,1,0.485,,,,,,stol,stol,prior,995.0,1.4975,,,,,,stol,stol,prior,995.0,1.4975,soffa,18000.0,10.0
sanggavel,sanggavel,mio,asking,1,0.975,,,,,,,,,,,sanggavel,sanggavel,image,0.0,1.0,sanggavel,sanggavel,image,0.0,1.0,sänggavel,,
sanggavel,sanggavel,eller,asking,1,0.508,,,,,,,,,,,,,,,,,,,,,okänd,,
sanggavel,sanggavel,englesson,asking,1,0.918,,,,,,,,,,,forvaring,forvaring,image,3300.0,2.9411764705882355,forvaring,forvaring,image,3300.0,2.9411764705882355,byrå,,
sanggavel,sanggavel,lucky,asking,1,0.96,,,,,,,,,,,sang,sang,image,,,sang,sang,image,,,okänd,,
sanggavel,sanggavel,konstlader,asking,1,0.743,,,,,,stol,stol,prior,,,sanggavel,sanggavel,image,0.0,1.0,stol,stol,prior,,,sänggavel,,
sanggavel,sanggavel,egentillverkad,asking,1,0.716,,,,,,,,,,,sanggavel,sanggavel,image,0.0,1.0,sanggavel,sanggavel,image,0.0,1.0,sänggavel,,
sanggavel,sanggavel,ekfaner,asking,1,0.829,,,,,,,,,,,forvaring,forvaring,image,550.0,3.75,forvaring,forvaring,image,550.0,3.75,hylla,200.0,2.0
sanggavel,sanggavel,mio,asking,1,0.967,,,,,,,,,,,sanggavel,sanggavel,image,0.0,1.0,sanggavel,sanggavel,image,0.0,1.0,sänggavel,,
sanggavel,sanggavel,exklusiva,asking,1,0.292,,,,,,,,,,,,,,,,,,,,,okänd,,
sanggavel,sanggavel,mio,asking,1,0.744,,,,,,,,,,,sanggavel,sanggavel,image,0.0,1.0,sanggavel,sanggavel,image,0.0,1.0,sänggavel,,
sanggavel,sanggavel,jysk,asking,1,0.971,,,,,,,,,,,sanggavel,sanggavel,image,0.0,1.0,sanggavel,sanggavel,image,0.0,1.0,sänggavel,,
sanggavel,sanggavel,dorr,asking,1,0.754,,,,,,forvaring,forvaring,prior,500.0,0.5,forvaring,forvaring,image,500.0,0.5,forvaring,forvaring,prior,500.0,0.5,byrå,,
sanggavel,sanggavel,exklusiv,asking,1,0.407,,,,,,,,,,,,,,,,,,,,,sänggavel,,
sanggavel,sanggavel,huvudgavel,asking,1,0.716,,,,,,sang,sang,prior,1800.0,3.5714285714285716,sanggavel,sanggavel,image,0.0,1.0,sang,sang,prior,1800.0,3.5714285714285716,sänggavel,,
sanggavel,sanggavel,mio,asking,2,0.311,,,,,,,,,,,,,,,,,,,,,sänggavel,,
sanggavel,sanggavel,torkelson,asking,1,0.614,,,,,,,,,,,,,,,,,,,,,byrå,,
sanggavel,sanggavel,mio,asking,1,1.0,,,,,,,,,,,sang,sang,image,2200.0,3.2,sang,sang,image,2200.0,3.2,säng,,
sanggavel,sanggavel,bred,asking,1,0.688,,,,,,,,,,,,,,,,,,,,,sänggavel,,
sanggavel,sanggavel,vagghangd,asking,1,0.481,,,,,,,,,,,,,,,,,,,,,sänggavel,,
sanggavel,sanggavel,stalands,asking,1,0.714,,,,,,,,,,,sang,sang,image,,,sang,sang,image,,,säng,,
sanggavel,sanggavel,mio,asking,1,0.975,,,,,,,,,,,sanggavel,sanggavel,image,0.0,1.0,sanggavel,sanggavel,image,0.0,1.0,sänggavel,,
sanggavel,sanggavel,tillfalle,asking,1,0.922,,,,,,,,,,,sanggavel,sanggavel,image,0.0,1.0,sanggavel,sanggavel,image,0.0,1.0,sänggavel,,
sanggavel,sanggavel,180cm,asking,1,0.522,,,,,,sang,sang,prior,2650.0,3.65,,,,,,sang,sang,prior,2650.0,3.65,sänggavel,,
sanggavel,sanggavel,ekfaner,asking,1,0.711,,,,,,,,,,,forvaring,forvaring,image,550.0,3.75,forvaring,forvaring,image,550.0,3.75,okänd,,
sanggavel,sanggavel,rutmonster,asking,1,0.817,,,,,,,,,,,sanggavel,sanggavel,image,0.0,1.0,sanggavel,sanggavel,image,0.0,1.0,sänggavel,,
sanggavel,sanggavel,textil,asking,1,0.88,,,,,,,,,,,sanggavel,sanggavel,image,0.0,1.0,sanggavel,sanggavel,image,0.0,1.0,sänggavel,,
sanggavel,sanggavel,jattefin,asking,1,0.974,,,,,,,,,,,sanggavel,sanggavel,image,0.0,1.0,sanggavel,sanggavel,image,0.0,1.0,sänggavel,,
sanggavel,sanggavel,jotex,asking,1,0.701,,,,,,,,,,,sanggavel,sanggavel,image,0.0,1.0,sanggavel,sanggavel,image,0.0,1.0,sänggavel,,
sanggavel,sanggavel,vagghangd,asking,1,1.0,,,,,,,,,,,sanggavel,sanggavel,image,0.0,1.0,sanggavel,sanggavel,image,0.0,1.0,sänggavel,,
sanggavel,sanggavel,stringgavlar,asking,1,0.805,,,,,,forvaring,forvaring,prior,,,forvaring,forvaring,image,,,forvaring,forvaring,prior,,,hylla,,
sanggavel,sanggavel,mio,asking,1,0.929,,,,,,,,,,,sanggavel,sanggavel,image,0.0,1.0,sanggavel,sanggavel,image,0.0,1.0,sänggavel,,
sanggavel,sanggavel,textil,asking,1,0.921,,,,,,,,,,,sanggavel,sanggavel,image,0.0,1.0,sanggavel,sanggavel,image,0.0,1.0,sänggavel,,
sanggavel,sanggavel,snidade,asking,1,0.819,,,,,,,,,,,forvaring,forvaring,image,,,forvaring,forvaring,image,,,byrå,,
sanggavel,sanggavel,ellos,asking,1,0.83,,,,,,,,,,,sang,sang,image,902.5,2.0055710306406684,sang,sang,image,902.5,2.0055710306406684,okänd,,
sanggavel,sanggavel,elegant,asking,1,0.946,,,,,,,,,,,forvaring,forvaring,image,1250.0,2.0,forvaring,forvaring,image,1250.0,2.0,byrå,,
sanggavel,sanggavel,morkblatt,asking,1,0.87,,,,,,,,,,,sanggavel,sanggavel,image,0.0,1.0,sanggavel,sanggavel,image,0.0,1.0,sänggavel,,
sanggavel,sanggavel,huvudgavel,asking,1,0.723,,,,,,,,,,,forvaring,forvaring,image,,,forvaring,forvaring,image,,,hylla,,
sanggavel,sanggavel,mio,asking,1,0.624,,,,,,,,,,,,,,,,,,,,,sänggavel,,
sanggavel,sanggavel,vandbar,asking,1,0.526,,,,,,,,,,,,,,,,,,,,,sänggavel,,
sanggavel,sanggavel,jysk,asking,1,0.417,,,,,,,,,,,,,,,,,,,,,okänd,,
sanggavel,sanggavel,50-tal,asking,1,0.572,,,,,,,,,,,,,,,,,,,,,okänd,,
sanggavel,sanggavel,innerdorr,asking,1,0.935,,,,,,,,,,,forvaring,forvaring,image,,,forvaring,forvaring,image,,,hylla,,
sanggavel,sanggavel,forvaring,asking,1,0.81,,,,,,,,,,,sang,sang,image,1298.5,3.597,sang,sang,image,1298.5,3.597,säng,,
sanggavel,sanggavel,tva,realized,1,0.394,,,,,,,,,,,,,,,,,,,,,okänd,,
sanggavel,sanggavel,elfa,asking,1,0.708,,,,,,forvaring,forvaring,prior,1850.0,2.85,forvaring,forvaring,image,1850.0,2.85,forvaring,forvaring,prior,1850.0,2.85,hylla,600.0,0.4
sanggavel,sanggavel,jysk,asking,1,0.975,,,,,,,,,,,sanggavel,sanggavel,image,0.0,1.0,sanggavel,sanggavel,image,0.0,1.0,sänggavel,,
sanggavel,sanggavel,mio,asking,1,0.949,,,,,,,,,,,sanggavel,sanggavel,image,0.0,1.0,sanggavel,sanggavel,image,0.0,1.0,sänggavel,,
sanggavel,sanggavel,lilla,asking,1,0.426,,,,,,stol,stol,prior,,,,,,,,stol,stol,prior,,,sänggavel,,
sanggavel,sanggavel,120cm,asking,1,0.951,,,,,,sang,sang,prior,1100.0,2.375,sanggavel,sanggavel,image,0.0,1.0,sang,sang,prior,1100.0,2.375,sänggavel,,
sanggavel,sanggavel,hiss,asking,1,0.649,,,,,,,,,,,,,,,,,,,,,säng,,
sanggavel,sanggavel,ellos,asking,1,0.468,,,,,,,,,,,,,,,,,,,,,bord,202.5,1.2256267409470751
sanggavel,sanggavel,kungsangen,asking,1,0.477,,,,,,,,,,,,,,,,,,,,,okänd,,
sanggavel,sanggavel,tva,asking,1,0.498,,,,,,,,,,,,,,,,,,,,,sänggavel,,
sanggavel,sanggavel,handsnidad,asking,1,0.734,,,,,,forvaring,forvaring,prior,,,sang,sang,image,,,forvaring,forvaring,prior,,,säng,,
sanggavel,sanggavel,jysk,asking,1,0.813,,,,,,,,,,,sanggavel,sanggavel,image,0.0,1.0,sanggavel,sanggavel,image,0.0,1.0,sänggavel,,
sanggavel,sanggavel,stoppad,asking,1,0.947,,,,,,stol,stol,prior,300.0,0.5,sanggavel,sanggavel,image,0.0,1.0,stol,stol,prior,300.0,0.5,sänggavel,,
sanggavel,sanggavel,melimeli,asking,1,0.43,,,,,,,,,,,,,,,,,,,,,sänggavel,,
sanggavel,sanggavel,sanggaveln,asking,1,0.869,,,,,,,,,,,sang,sang,image,2950.0,5.214285714285714,sang,sang,image,2950.0,5.214285714285714,säng,,
sanggavel,sanggavel,mio,asking,1,0.973,,,,,,,,,,,sanggavel,sanggavel,image,0.0,1.0,sanggavel,sanggavel,image,0.0,1.0,sänggavel,,
sanggavel,sanggavel,sangkappa,asking,1,0.973,,,,,,sang,sang,prior,237.5,0.8020833333333334,sang,sang,image,237.5,0.8020833333333334,sang,sang,prior,237.5,0.8020833333333334,säng,,
sanggavel,sanggavel,elegant,asking,1,0.9,,,,,,,,,,,soffa,soffa,image,2150.0,2.72,soffa,soffa,image,2150.0,2.72,soffa,2150.0,2.72
sanggavel,sanggavel,saro,asking,1,0.917,,,,,,,,,,,sanggavel,sanggavel,image,0.0,1.0,sanggavel,sanggavel,image,0.0,1.0,sänggavel,,
sanggavel,sanggavel,huvudgavel,asking,1,0.717,,,,,,sang,sang,prior,1800.0,3.5714285714285716,sang,sang,image,1800.0,3.5714285714285716,sang,sang,prior,1800.0,3.5714285714285716,säng,,
sanggavel,sanggavel,90-sang,asking,1,0.713,,,,,,,,,,,sanggavel,sanggavel,image,0.0,1.0,sanggavel,sanggavel,image,0.0,1.0,sänggavel,,
sanggavel,sanggavel,mio,asking,1,0.874,,,,,,,,,,,sanggavel,sanggavel,image,0.0,1.0,sanggavel,sanggavel,image,0.0,1.0,sänggavel,,
sanggavel,sanggavel,huvudgavel,asking,1,0.518,,,,,,sang,sang,prior,1800.0,3.5714285714285716,,,,,,sang,sang,prior,1800.0,3.5714285714285716,okänd,,
sanggavel,sanggavel,roma,asking,1,0.976,,,,,,,,,,,sanggavel,sanggavel,image,0.0,1.0,sanggavel,sanggavel,image,0.0,1.0,sänggavel,,
sanggavel,sanggavel,160cm,asking,1,0.485,,,,,,sang,sang,prior,2100.0,3.3333333333333335,,,,,,sang,sang,prior,2100.0,3.3333333333333335,sänggavel,,
sanggavel,sanggavel,ellos,asking,1,0.903,,,,,,,,,,,sang,sang,image,825.0,1.9455587392550144,sang,sang,image,825.0,1.9455587392550144,okänd,,
sanggavel,sanggavel,viking,asking,1,0.923,,,,,,sang,sang,prior,3000.0,2.5,sanggavel,sanggavel,image,0.0,1.0,sang,sang,prior,3000.0,2.5,sänggavel,,
sanggavel,sanggavel,akta,asking,1,0.4,,,,,,,,,,,,,,,,,,,,,okänd,,
sanggavel,sanggavel,forvaring,asking,1,0.879,,,,,,,,,,,forvaring,forvaring,image,100.0,1.2,forvaring,forvaring,image,100.0,1.2,hylla,100.0,1.2
sanggavel,sanggavel,viking,asking,1,0.416,,,,,,sang,sang,prior,3000.0,2.5,,,,,,sang,sang,prior,3000.0,2.5,sänggavel,,
sanggavel,sanggavel,carpe,asking,1,0.975,,,,,,sang,sang,prior,3150.0,1.9402985074626866,sanggavel,sanggavel,image,0.0,1.0,sang,sang,prior,3150.0,1.9402985074626866,sänggavel,,
sanggavel,sanggavel,deco,asking,1,0.976,,,,,,,,,,,sanggavel,sanggavel,image,0.0,1.0,sanggavel,sanggavel,image,0.0,1.0,sänggavel,,
sanggavel,sanggavel,dux,asking,1,0.885,,,,,,stol,stol,prior,1200.0,1.9230769230769231,sang,sang,image,1700.0,2.3076923076923075,stol,stol,prior,1200.0,1.9230769230769231,säng,,
sanggavel,sanggavel,sanggaveln,asking,1,0.951,,,,,,,,,,,sanggavel,sanggavel,image,0.0,1.0,sanggavel,sanggavel,image,0.0,1.0,sänggavel,,
sanggavel,sanggavel,ellos,asking,1,0.823,,,,,,,,,,,sang,sang,image,952.5,2.0612813370473537,sang,sang,image,952.5,2.0612813370473537,säng,,
sanggavel,sanggavel,textil,asking,1,0.518,,,,,,,,,,,,,,,,,,,,,okänd,,
sanggavel,sanggavel,dekorativ,asking,1,0.769,,,,,,,,,,,forvaring,forvaring,image,,,forvaring,forvaring,image,,,okänd,,
sanggavel,sanggavel,mio,asking,1,0.565,,,,,,,,,,,,,,,,,,,,,sänggavel,,
sanggavel,sanggavel,kladd,asking,1,1.0,,,,,,,,,,,sanggavel,sanggavel,image,0.0,1.0,sanggavel,sanggavel,image,0.0,1.0,okänd,,
sanggavel,sanggavel,ellos,asking,1,0.326,,,,,,,,,,,,,,,,,,,,,sänggavel,,
sanggavel,sanggavel,ellos,asking,1,0.95,,,,,,,,,,,sang,sang,image,902.5,2.0055710306406684,sang,sang,image,902.5,2.0055710306406684,säng,,
sanggavel,sanggavel,elfa,asking,1,0.831,,,,,,forvaring,forvaring,prior,1850.0,2.85,bord,bord,image,550.0,0.45,forvaring,forvaring,prior,1850.0,2.85,bord,550.0,0.45
sanggavel,sanggavel,bemz,asking,1,0.555,,,,,,,,,,,,,,,,,,,,,okänd,,
sanggavel,sanggavel,180x200cm,asking,1,0.292,,,,,,sang,sang,prior,,,,,,,,sang,sang,prior,,,soffa,,
sanggavel,sanggavel,stabil,asking,1,0.754,,,,,,,,,,,sang,sang,image,204.0,1.2566037735849056,sang,sang,image,204.0,1.2566037735849056,okänd,,
sanggavel,sanggavel,dux,asking,1,0.458,,,,,,,,,,,,,,,,,,,,,okänd,,
sanggavel,sanggavel,sleepo,asking,1,0.818,,,,,,sang,sang,prior,3300.0,2.2222222222222223,sanggavel,sanggavel,image,0.0,1.0,sang,sang,prior,3300.0,2.2222222222222223,sänggavel,,
sanggavel,sanggavel,ellos,asking,1,0.9,,,,,,,,,,,sanggavel,sanggavel,image,0.0,1.0,sanggavel,sanggavel,image,0.0,1.0,sänggavel,,
sanggavel,sanggavel,viking,asking,1,0.946,,,,,,,,,,,sanggavel,sanggavel,image,0.0,1.0,sanggavel,sanggavel,image,0.0,1.0,sänggavel,,
sanggavel,sanggavel,vaggavel,asking,1,0.811,,,,,,,,,,,forvaring,forvaring,image,,,forvaring,forvaring,image,,,hylla,150.0,0.7272727272727273
sanggavel,sanggavel,rejal,asking,1,0.872,,,,,,,,,,,sanggavel,sanggavel,image,0.0,1.0,sanggavel,sanggavel,image,0.0,1.0,sänggavel,,
sanggavel,sanggavel,kungsangen,asking,1,0.673,,,,,,,,,,,,,,,,,,,,,säng,,
sanggavel,sanggavel,sanggaveln,asking,1,0.611,,,,,,,,,,,,,,,,,,,,,säng,,
sanggavel,sanggavel,orientalisk,asking,1,0.629,,,,,,,,,,,,,,,,,,,,,säng,,
sanggavel,sanggavel,sangkappa,asking,1,0.973,,,,,,,,,,,sanggavel,sanggavel,image,0.0,1.0,sanggavel,sanggavel,image,0.0,1.0,sänggavel,,
sanggavel,sanggavel,madrassbotten,asking,1,0.896,,,,,,,,,,,sang,sang,image,500.0,1.3333333333333333,sang,sang,image,500.0,1.3333333333333333,okänd,,
sanggavel,sanggavel,melimeli,asking,1,0.591,,,,,,,,,,,,,,,,,,,,,sänggavel,,
sanggavel,sanggavel,vidaxl,asking,1,0.643,,,,,,,,,,,,,,,,,,,,,hylla,672.0,0.12953367875647667
sanggavel,sanggavel,mio,asking,1,0.547,,,,,,,,,,,,,,,,,,,,,sänggavel,,
sanggavel,sanggavel,jysk,asking,1,0.79,,,,,,,,,,,sang,sang,image,1300.0,3.6,sang,sang,image,1300.0,3.6,säng,,
sanggavel,sanggavel,180cm,asking,1,0.848,,,,,,sang,sang,prior,2650.0,3.65,sang,sang,image,2650.0,3.65,sang,sang,prior,2650.0,3.65,okänd,,
sanggavel,sanggavel,norrgavel,asking,1,0.683,,,,,,,,,,,,,,,,,,,,,bord,900.0,1.45
sanggavel,sanggavel,design,asking,1,0.705,,,,,,,,,,,sang,sang,image,500.0,0.8333333333333334,sang,sang,image,500.0,0.8333333333333334,sänggavel,,
sanggavel,sanggavel,sova,asking,1,0.951,,,,,,sang,sang,prior,2800.0,3.3333333333333335,sanggavel,sanggavel,image,0.0,1.0,sang,sang,prior,2800.0,3.3333333333333335,sänggavel,,
sanggavel,sanggavel,mio,asking,1,1.0,,,,,,,,,,,sanggavel,sanggavel,image,0.0,1.0,sanggavel,sanggavel,image,0.0,1.0,sänggavel,,
sanggavel,sanggavel,norrgavel,asking,1,0.637,,,,,,,,,,,,,,,,,,,,,stol,997.5,1.49875
sanggavel,sanggavel,brimnes,asking,1,0.491,,,,,,,,,,,,,,,,,,,,,okänd,,
sanggavel,sanggavel,rotting,asking,1,0.534,,,,,,,,,,,,,,,,,,,,,sänggavel,,
sanggavel,sanggavel,160cm,asking,1,0.924,,,,,,sang,sang,prior,2100.0,3.3333333333333335,sanggavel,sanggavel,image,0.0,1.0,sang,sang,prior,2100.0,3.3333333333333335,sänggavel,,
sanggavel,sanggavel,textil,asking,1,0.49,,,,,,,,,,,,,,,,,,,,,sänggavel,,
sanggavel,sanggavel,string,asking,1,0.553,,,,,,forvaring,forvaring,prior,1927.5,4.096385542168675,,,,,,forvaring,forvaring,prior,1927.5,4.096385542168675,okänd,,
sanggavel,sanggavel,jotex,asking,1,0.976,,,,,,,,,,,sanggavel,sanggavel,image,0.0,1.0,sanggavel,sanggavel,image,0.0,1.0,sänggavel,,
sanggavel,sanggavel,mio,asking,1,0.948,,,,,,,,,,,sanggavel,sanggavel,image,0.0,1.0,sanggavel,sanggavel,image,0.0,1.0,sänggavel,,
sanggavel,sanggavel,care,asking,1,0.975,,,,,,,,,,,sanggavel,sanggavel,image,0.0,1.0,sanggavel,sanggavel,image,0.0,1.0,sänggavel,,
sanggavel,sanggavel,jysk,asking,1,0.976,,,,,,,,,,,sanggavel,sanggavel,image,0.0,1.0,sanggavel,sanggavel,image,0.0,1.0,sänggavel,,
sanggavel,sanggavel,ooppnad,asking,1,0.367,,,,,,,,,,,,,,,,,,,,,okänd,,
sanggavel,sanggavel,brimnes,asking,1,0.775,,,,,,,,,,,sang,sang,image,800.0,2.6,sang,sang,image,800.0,2.6,säng,,
sanggavel,sanggavel,ellos,asking,1,0.596,,,,,,,,,,,,,,,,,,,,,hylla,47.5,0.9455587392550143
sanggavel,sanggavel,forvaring,asking,1,0.546,,,,,,,,,,,,,,,,,,,,,säng,,
sanggavel,sanggavel,jotex,asking,1,0.902,,,,,,,,,,,sanggavel,sanggavel,image,0.0,1.0,sanggavel,sanggavel,image,0.0,1.0,sänggavel,,
sanggavel,sanggavel,rotting,asking,1,0.347,,,,,,,,,,,,,,,,,,,,,okänd,,
sanggavel,sanggavel,mio,asking,1,0.881,,,,,,,,,,,forvaring,forvaring,image,0.0,1.0,forvaring,forvaring,image,0.0,1.0,byrå,,
sanggavel,sanggavel,teddy,asking,1,0.419,,,,,,sang,sang,prior,2100.0,3.1,,,,,,sang,sang,prior,2100.0,3.1,okänd,,
sanggavel,sanggavel,rotting,asking,1,0.462,,,,,,,,,,,,,,,,,,,,,sänggavel,,
sanggavel,sanggavel,ram,asking,1,0.387,,,,,,,,,,,,,,,,,,,,,okänd,,
sanggavel,sanggavel,hog,asking,1,0.762,,,,,,,,,,,sanggavel,sanggavel,image,0.0,1.0,sanggavel,sanggavel,image,0.0,1.0,sänggavel,,
sanggavel,sanggavel,mio,asking,1,0.799,,,,,,,,,,,sanggavel,sanggavel,image,0.0,1.0,sanggavel,sanggavel,image,0.0,1.0,sänggavel,,
sanggavel,sanggavel,norrgavel,asking,1,0.974,,,,,,,,,,,forvaring,forvaring,image,13000.0,7.5,forvaring,forvaring,image,13000.0,7.5,hylla,500.0,0.75
sanggavel,sanggavel,sangavel,asking,1,0.528,,,,,,,,,,,,,,,,,,,,,hylla,,
sanggavel,sanggavel,mio,asking,1,0.556,,,,,,,,,,,,,,,,,,,,,sänggavel,,
sanggavel,sanggavel,konstskinn,asking,1,0.894,,,,,,stol,stol,prior,,,sanggavel,sanggavel,image,0.0,1.0,stol,stol,prior,,,sänggavel,,
sanggavel,sanggavel,sangfabriken,asking,1,0.843,,,,,,,,,,,sanggavel,sanggavel,image,0.0,1.0,sanggavel,sanggavel,image,0.0,1.0,sänggavel,,
sanggavel,sanggavel,melimeli,asking,1,0.749,,,,,,sang,sang,prior,,,sanggavel,sanggavel,image,0.0,1.0,sang,sang,prior,,,sänggavel,,
sanggavel,sanggavel,sovrumsmobler,asking,1,0.906,,,,,,,,,,,sang,sang,image,,,sang,sang,image,,,säng,,
sanggavel,sanggavel,ella,asking,1,0.898,,,,,,,,,,,sanggavel,sanggavel,image,0.0,1.0,sanggavel,sanggavel,image,0.0,1.0,sänggavel,,
sanggavel,sanggavel,norrgavel,asking,1,0.902,,,,,,,,,,,forvaring,forvaring,image,13000.0,7.5,forvaring,forvaring,image,13000.0,7.5,hylla,500.0,0.75
sanggavel,sanggavel,jotex,asking,1,0.923,,,,,,,,,,,sanggavel,sanggavel,image,0.0,1.0,sanggavel,sanggavel,image,0.0,1.0,sänggavel,,
sanggavel,sanggavel,mio,asking,2,0.968,,,,,,,,,,,sang,sang,image,2200.0,3.2,sang,sang,image,2200.0,3.2,okänd,,
sanggavel,sanggavel,textil,asking,1,0.976,,,,,,,,,,,sanggavel,sanggavel,image,0.0,1.0,sanggavel,sanggavel,image,0.0,1.0,sänggavel,,
sanggavel,sanggavel,mio,asking,1,0.74,,,,,,,,,,,sanggavel,sanggavel,image,0.0,1.0,sanggavel,sanggavel,image,0.0,1.0,sänggavel,,
sanggavel,sanggavel,nordli,asking,1,0.62,,,,,,,,,,,,,,,,,,,,,okänd,,
sanggavel,sanggavel,norrgavel,asking,1,0.566,,,,,,forvaring,forvaring,prior,13000.0,7.5,,,,,,forvaring,forvaring,prior,13000.0,7.5,hylla,500.0,0.75
sanggavel,sanggavel,gammaldags,asking,1,0.378,,,,,,,,,,,,,,,,,,,,,soffa,,
sanggavel,sanggavel,hyllplan,asking,1,0.77,,,,,,forvaring,forvaring,prior,257.5,0.6423611111111112,forvaring,forvaring,image,257.5,0.6423611111111112,forvaring,forvaring,prior,257.5,0.6423611111111112,hylla,195.0,0.7291666666666666
sanggavel,sanggavel,jotex,asking,1,0.519,,,,,,,,,,,,,,,,,,,,,sänggavel,,
sanggavel,sanggavel,mio,asking,1,0.838,,,,,,,,,,,soffa,soffa,image,2500.0,3.5,soffa,soffa,image,2500.0,3.5,soffa,2500.0,3.5
sanggavel,sanggavel,90cm,asking,1,0.548,,,,,,sang,sang,prior,500.0,2.0,,,,,,sang,sang,prior,500.0,2.0,sänggavel,,
sanggavel,sanggavel,mio,asking,1,0.894,,,,,,,,,,,sanggavel,sanggavel,image,0.0,1.0,sanggavel,sanggavel,image,0.0,1.0,sänggavel,,
sanggavel,sanggavel,viking,asking,1,0.821,,,,,,,,,,,sanggavel,sanggavel,image,0.0,1.0,sanggavel,sanggavel,image,0.0,1.0,sänggavel,,
sanggavel,sanggavel,180cm,asking,1,0.733,,,,,,,,,,,sang,sang,image,2650.0,3.65,sang,sang,image,2650.0,3.65,säng,,
sanggavel,sanggavel,norrgavel,asking,1,0.764,,,,,,,,,,,forvaring,forvaring,image,13000.0,7.5,forvaring,forvaring,image,13000.0,7.5,hylla,500.0,0.75
sanggavel,sanggavel,carpe,asking,1,0.852,,,,,,sang,sang,prior,3150.0,1.9402985074626866,sanggavel,sanggavel,image,0.0,1.0,sang,sang,prior,3150.0,1.9402985074626866,sänggavel,,
sanggavel,sanggavel,160cm,asking,1,0.952,,,,,,,,,,,sanggavel,sanggavel,image,0.0,1.0,sanggavel,sanggavel,image,0.0,1.0,sänggavel,,
sanggavel,sanggavel,morkbla,asking,1,0.947,,,,,,,,,,,sanggavel,sanggavel,image,0.0,1.0,sanggavel,sanggavel,image,0.0,1.0,sänggavel,,
sanggavel,sanggavel,mio,asking,1,0.974,,,,,,,,,,,sanggavel,sanggavel,image,0.0,1.0,sanggavel,sanggavel,image,0.0,1.0,sänggavel,,
sanggavel,sanggavel,ekens,asking,1,0.876,,,,,,sang,sang,prior,4025.0,3.037974683544304,sang,sang,image,4025.0,3.037974683544304,sang,sang,prior,4025.0,3.037974683544304,säng,,
sanggavel,sanggavel,jattefina,asking,1,0.87,,,,,,stol,stol,prior,,,sanggavel,sanggavel,image,0.0,1.0,stol,stol,prior,,,sänggavel,,
sanggavel,sanggavel,mio,asking,1,0.844,,,,,,,,,,,sanggavel,sanggavel,image,0.0,1.0,sanggavel,sanggavel,image,0.0,1.0,sänggavel,,
sanggavel,sanggavel,180cm,asking,1,1.0,,,,,,,,,,,sanggavel,sanggavel,image,0.0,1.0,sanggavel,sanggavel,image,0.0,1.0,sänggavel,,
sanggavel,sanggavel,mio,asking,1,0.975,,,,,,,,,,,sanggavel,sanggavel,image,0.0,1.0,sanggavel,sanggavel,image,0.0,1.0,sänggavel,,
sanggavel,sanggavel,mio,asking,1,0.368,,,,,,,,,,,,,,,,,,,,,okänd,,
sanggavel,sanggavel,jysk,asking,1,0.95,,,,,,,,,,,sanggavel,sanggavel,image,0.0,1.0,sanggavel,sanggavel,image,0.0,1.0,sänggavel,,
sanggavel,sanggavel,melimeli,asking,1,0.508,,,,,,,,,,,,,,,,,,,,,säng,,
sanggavel,sanggavel,rotting,asking,1,0.413,,,,,,,,,,,,,,,,,,,,,sänggavel,,
sanggavel,sanggavel,kungssangen,asking,1,0.763,,,,,,sang,sang,prior,1147.5,1.4098214285714286,sang,sang,image,1147.5,1.4098214285714286,sang,sang,prior,1147.5,1.4098214285714286,säng,,
sanggavel,sanggavel,cognacsfargat,asking,1,0.706,,,,,,,,,,,sanggavel,sanggavel,image,0.0,1.0,sanggavel,sanggavel,image,0.0,1.0,sänggavel,,
sanggavel,sanggavel,ska,asking,1,0.897,,,,,,,,,,,sanggavel,sanggavel,image,0.0,1.0,sanggavel,sanggavel,image,0.0,1.0,sänggavel,,
sanggavel,sanggavel,knappar,asking,1,0.821,,,,,,,,,,,sanggavel,sanggavel,image,0.0,1.0,sanggavel,sanggavel,image,0.0,1.0,sänggavel,,
sanggavel,sanggavel,moholm,asking,1,0.65,,,,,,sang,sang,prior,,,,,,,,sang,sang,prior,,,säng,,
sanggavel,sanggavel,orientalisk,asking,1,0.823,,,,,,,,,,,bord,bord,image,,,bord,bord,image,,,bord,,
sanggavel,sanggavel,tempur,asking,1,0.9,,,,,,sang,sang,prior,8500.0,3.8333333333333335,sanggavel,sanggavel,image,0.0,1.0,sang,sang,prior,8500.0,3.8333333333333335,sänggavel,,
sanggavel,sanggavel,textil,asking,1,0.79,,,,,,,,,,,sang,sang,image,1950.0,4.9,sang,sang,image,1950.0,4.9,säng,,
sanggavel,sanggavel,carpe,asking,1,0.489,,,,,,sang,sang,prior,3350.0,2.0634920634920637,,,,,,sang,sang,prior,3350.0,2.0634920634920637,sänggavel,,
sanggavel,sanggavel,120cm,asking,1,0.282,,,,,,,,,,,,,,,,,,,,,okänd,,
sanggavel,sanggavel,mio,asking,1,0.949,,,,,,,,,,,sanggavel,sanggavel,image,0.0,1.0,sanggavel,sanggavel,image,0.0,1.0,sänggavel,,
sanggavel,sanggavel,morkgratt,asking,1,0.585,,,,,,,,,,,,,,,,,,,,,sänggavel,,
sanggavel,sanggavel,mio,asking,1,0.946,,,,,,,,,,,sanggavel,sanggavel,image,0.0,1.0,sanggavel,sanggavel,image,0.0,1.0,sänggavel,,
sanggavel,sanggavel,ekens,asking,1,0.537,,,,,,sang,sang,prior,4075.0,3.116883116883117,,,,,,sang,sang,prior,4075.0,3.116883116883117,okänd,,
sanggavel,sanggavel,ellos,asking,1,0.975,,,,,,,,,,,sanggavel,sanggavel,image,0.0,1.0,sanggavel,sanggavel,image,0.0,1.0,sänggavel,,
sanggavel,sanggavel,nordli,asking,1,0.946,,,,,,,,,,,forvaring,forvaring,image,100.0,1.1666666666666667,forvaring,forvaring,image,100.0,1.1666666666666667,byrå,,
sanggavel,sanggavel,mio,asking,1,1.0,,,,,,,,,,,sang,sang,image,2200.0,3.2,sang,sang,image,2200.0,3.2,okänd,,
sanggavel,sanggavel,komplett,asking,1,0.921,,,,,,,,,,,sanggavel,sanggavel,image,0.0,1.0,sanggavel,sanggavel,image,0.0,1.0,sänggavel,,
sanggavel,sanggavel,mio,asking,1,0.918,,,,,,,,,,,forvaring,forvaring,image,0.0,1.0,forvaring,forvaring,image,0.0,1.0,hylla,600.0,0.4
sanggavel,sanggavel,textil,asking,1,0.852,,,,,,,,,,,sanggavel,sanggavel,image,0.0,1.0,sanggavel,sanggavel,image,0.0,1.0,sänggavel,,
sanggavel,sanggavel,mio,asking,2,1.0,,,,,,,,,,,sanggavel,sanggavel,image,0.0,1.0,sanggavel,sanggavel,image,0.0,1.0,sänggavel,,
sanggavel,sanggavel,rotting,asking,1,0.364,,,,,,,,,,,,,,,,,,,,,okänd,,
sanggavel,sanggavel,elegant,asking,1,0.946,,,,,,,,,,,sanggavel,sanggavel,image,0.0,1.0,sanggavel,sanggavel,image,0.0,1.0,sänggavel,,
sanggavel,sanggavel,anvand,asking,1,0.632,,,,,,,,,,,,,,,,,,,,,soffa,2600.0,3.260869565217391
sanggavel,sanggavel,mio,asking,1,1.0,,,,,,,,,,,sang,sang,image,2200.0,3.2,sang,sang,image,2200.0,3.2,säng,,
sanggavel,sanggavel,carpe,asking,1,0.95,,,,,,sang,sang,prior,3150.0,1.9402985074626866,sanggavel,sanggavel,image,0.0,1.0,sang,sang,prior,3150.0,1.9402985074626866,sänggavel,,
sanggavel,sanggavel,norrgavel,asking,1,0.842,,,,,,,,,,,bord,bord,image,900.0,1.45,bord,bord,image,900.0,1.45,bord,900.0,1.45
sanggavel,sanggavel,fynd,asking,1,1.0,,,,,,sang,sang,prior,1500.0,2.5,sang,sang,image,1500.0,2.5,sang,sang,prior,1500.0,2.5,okänd,,
sanggavel,sanggavel,mio,asking,1,0.77,,,,,,,,,,,sang,sang,image,2200.0,3.2,sang,sang,image,2200.0,3.2,säng,,
sanggavel,sanggavel,eken,asking,1,0.356,,,,,,sang,sang,prior,,,,,,,,sang,sang,prior,,,soffa,,
sanggavel,sanggavel,creme,asking,1,0.672,,,,,,,,,,,,,,,,,,,,,okänd,,
sanggavel,sanggavel,sangkappa,asking,1,0.924,,,,,,,,,,,sanggavel,sanggavel,image,0.0,1.0,sanggavel,sanggavel,image,0.0,1.0,sänggavel,,
sanggavel,sanggavel,string,asking,1,0.7,,,,,,forvaring,forvaring,prior,1927.5,4.096385542168675,forvaring,forvaring,image,1927.5,4.096385542168675,forvaring,forvaring,prior,1927.5,4.096385542168675,hylla,676.5,2.0867469879518072
sanggavel,sanggavel,textil,asking,1,0.51,,,,,,,,,,,,,,,,,,,,,sänggavel,,
sanggavel,sanggavel,malm,asking,1,0.855,,,,,,,,,,,bord,bord,image,200.0,0.6666666666666666,bord,bord,image,200.0,0.6666666666666666,bord,200.0,0.6666666666666666
sanggavel,sanggavel,mio,asking,1,0.952,,,,,,,,,,,sanggavel,sanggavel,image,0.0,1.0,sanggavel,sanggavel,image,0.0,1.0,sänggavel,,
sanggavel,sanggavel,huvudgavel,asking,1,0.412,,,,,,sang,sang,prior,1800.0,3.5714285714285716,,,,,,sang,sang,prior,1800.0,3.5714285714285716,okänd,,
sanggavel,sanggavel,rykkinn,asking,1,0.799,,,,,,,,,,,sanggavel,sanggavel,image,0.0,1.0,sanggavel,sanggavel,image,0.0,1.0,sänggavel,,
sanggavel,sanggavel,extra,asking,1,0.307,,,,,,,,,,,,,,,,,,,,,okänd,,
sanggavel,sanggavel,vagghangd,asking,1,0.664,,,,,,,,,,,,,,,,,,,,,soffa,,
sanggavel,sanggavel,vagig,asking,1,0.969,,,,,,,,,,,sang,sang,image,,,sang,sang,image,,,säng,,
sanggavel,sanggavel,string,asking,1,0.798,,,,,,forvaring,forvaring,prior,1877.5,3.79182156133829,forvaring,forvaring,image,1877.5,3.79182156133829,forvaring,forvaring,prior,1877.5,3.79182156133829,hylla,627.5,1.933085501858736
sanggavel,sanggavel,stabil,asking,1,0.844,,,,,,sang,sang,prior,204.5,1.2572327044025158,sang,sang,image,204.5,1.2572327044025158,sang,sang,prior,204.5,1.2572327044025158,säng,,
sanggavel,sanggavel,mio,asking,1,1.0,,,,,,,,,,,sanggavel,sanggavel,image,0.0,1.0,sanggavel,sanggavel,image,0.0,1.0,sänggavel,,
sanggavel,sanggavel,jensen,asking,1,1.0,,,,,,sang,sang,prior,1500.0,1.75,sang,sang,image,1500.0,1.75,sang,sang,prior,1500.0,1.75,okänd,,
sanggavel,sanggavel,mysig,asking,1,0.72,,,,,,,,,,,sanggavel,sanggavel,image,0.0,1.0,sanggavel,sanggavel,image,0.0,1.0,sänggavel,,
sanggavel,sanggavel,hilding,asking,1,0.923,,,,,,,,,,,sanggavel,sanggavel,image,0.0,1.0,sanggavel,sanggavel,image,0.0,1.0,sänggavel,,
sanggavel,sanggavel,tunn,asking,1,0.346,,,,,,,,,,,,,,,,,,,,,okänd,,
sanggavel,sanggavel,naturmaterial,asking,1,0.581,,,,,,,,,,,,,,,,,,,,,sänggavel,,
sanggavel,sanggavel,jysk,asking,1,0.864,,,,,,,,,,,sanggavel,sanggavel,image,0.0,1.0,sanggavel,sanggavel,image,0.0,1.0,sänggavel,,
sanggavel,sanggavel,180cm,asking,1,0.525,,,,,,sang,sang,prior,2650.0,3.65,,,,,,sang,sang,prior,2650.0,3.65,soffa,2000.0,3.0
sanggavel,sanggavel,mio,asking,1,0.949,,,,,,,,,,,sanggavel,sanggavel,image,0.0,1.0,sanggavel,sanggavel,image,0.0,1.0,sänggavel,,
sanggavel,sanggavel,mio,asking,1,0.7,,,,,,,,,,,sanggavel,sanggavel,image,0.0,1.0,sanggavel,sanggavel,image,0.0,1.0,sänggavel,,
sanggavel,sanggavel,mio,asking,1,1.0,,,,,,,,,,,sanggavel,sanggavel,image,0.0,1.0,sanggavel,sanggavel,image,0.0,1.0,sänggavel,,
sanggavel,sanggavel,mio,asking,1,0.949,,,,,,,,,,,sanggavel,sanggavel,image,0.0,1.0,sanggavel,sanggavel,image,0.0,1.0,sänggavel,,
sanggavel,sanggavel,mio,asking,1,0.433,,,,,,,,,,,,,,,,,,,,,sänggavel,,
sanggavel,sanggavel,ellos,asking,1,0.521,,,,,,,,,,,,,,,,,,,,,säng,,
sanggavel,sanggavel,mio,asking,2,0.506,,,,,,,,,,,,,,,,,,,,,sänggavel,,
sanggavel,sanggavel,textil,asking,1,0.949,,,,,,,,,,,sanggavel,sanggavel,image,0.0,1.0,sanggavel,sanggavel,image,0.0,1.0,sänggavel,,
sanggavel,sanggavel,elegant,asking,1,0.505,,,,,,,,,,,,,,,,,,,,,bord,50.0,1.0344827586206897
sanggavel,sanggavel,gustaviansk,asking,1,0.404,,,,,,,,,,,,,,,,,,,,,soffa,400.0,1.3636363636363635
sanggavel,sanggavel,140cm,asking,1,0.0,,,,,,sang,sang,prior,1800.0,4.0,,,,,,sang,sang,prior,1800.0,4.0,,,
sanggavel,sanggavel,jotex,asking,1,0.558,,,,,,,,,,,,,,,,,,,,,hylla,300.0,0.7272727272727273
sanggavel,sanggavel,mio,asking,1,0.663,,,,,,,,,,,,,,,,,,,,,sänggavel,,
sanggavel,sanggavel,handgjord,asking,1,0.764,,,,,,,,,,,bord,bord,image,700.0,1.368421052631579,bord,bord,image,700.0,1.368421052631579,bord,700.0,1.368421052631579
sanggavel,sanggavel,mio,asking,1,0.9,,,,,,,,,,,sanggavel,sanggavel,image,0.0,1.0,sanggavel,sanggavel,image,0.0,1.0,sänggavel,,
sanggavel,sanggavel,bred,asking,1,0.949,,,,,,,,,,,sanggavel,sanggavel,image,0.0,1.0,sanggavel,sanggavel,image,0.0,1.0,sänggavel,,
sanggavel,sanggavel,50-tal,asking,1,0.324,,,,,,stol,stol,prior,350.0,0.5625,,,,,,stol,stol,prior,350.0,0.5625,okänd,,
sanggavel,sanggavel,160cm,asking,1,0.581,,,,,,sang,sang,prior,2100.0,3.3333333333333335,,,,,,sang,sang,prior,2100.0,3.3333333333333335,sänggavel,,
sanggavel,sanggavel,jattefin,asking,1,0.975,,,,,,,,,,,sanggavel,sanggavel,image,0.0,1.0,sanggavel,sanggavel,image,0.0,1.0,sänggavel,,
sanggavel,sanggavel,mio,asking,2,0.831,,,,,,,,,,,sanggavel,sanggavel,image,0.0,1.0,sanggavel,sanggavel,image,0.0,1.0,sänggavel,,
sanggavel,sanggavel,tradition,asking,1,0.302,,,,,,,,,,,,,,,,,,,,,okänd,,
sanggavel,sanggavel,nyskick,asking,1,1.0,,,,,,,,,,,sanggavel,sanggavel,image,0.0,1.0,sanggavel,sanggavel,image,0.0,1.0,sänggavel,,
sanggavel,sanggavel,rykkinn,asking,1,0.744,,,,,,,,,,,sanggavel,sanggavel,image,0.0,1.0,sanggavel,sanggavel,image,0.0,1.0,sänggavel,,
sanggavel,sanggavel,mio,asking,1,0.626,,,,,,,,,,,,,,,,,,,,,sänggavel,,
sanggavel,sanggavel,overkast,asking,1,0.68,,,,,,sang,sang,prior,600.0,0.4,,,,,,sang,sang,prior,600.0,0.4,säng,,
sanggavel,sanggavel,viking,asking,1,0.844,,,,,,sang,sang,prior,3000.0,2.5,sanggavel,sanggavel,image,0.0,1.0,sang,sang,prior,3000.0,2.5,sänggavel,,
sanggavel,sanggavel,rykkinn,asking,1,0.913,,,,,,,,,,,sang,sang,image,1700.0,3.125,sang,sang,image,1700.0,3.125,säng,,
sanggavel,sanggavel,mio,asking,5,0.95,,,,,,,,,,,sanggavel,sanggavel,image,0.0,1.0,sanggavel,sanggavel,image,0.0,1.0,sänggavel,,
sanggavel,sanggavel,mio,asking,1,0.9,,,,,,,,,,,sanggavel,sanggavel,image,0.0,1.0,sanggavel,sanggavel,image,0.0,1.0,sänggavel,,
sanggavel,sanggavel,mio,asking,1,0.9,,,,,,,,,,,sanggavel,sanggavel,image,0.0,1.0,sanggavel,sanggavel,image,0.0,1.0,sänggavel,,
sanggavel,sanggavel,mio,asking,1,1.0,,,,,,,,,,,sanggavel,sanggavel,image,0.0,1.0,sanggavel,sanggavel,image,0.0,1.0,sänggavel,,
sanggavel,sanggavel,mio,asking,1,0.539,,,,,,,,,,,,,,,,,,,,,sänggavel,,
sanggavel,sanggavel,mandal,asking,1,0.499,,,,,,,,,,,,,,,,,,,,,sänggavel,,
sanggavel,sanggavel,dux,asking,1,0.421,,,,,,,,,,,,,,,,,,,,,okänd,,
sanggavel,sanggavel,stomme,asking,1,0.679,,,,,,,,,,,,,,,,,,,,,sänggavel,,
sanggavel,sanggavel,vagghangd,asking,1,0.759,,,,,,,,,,,sang,sang,image,900.0,2.2413793103448274,sang,sang,image,900.0,2.2413793103448274,säng,,
sanggavel,sanggavel,50-tal,asking,1,0.411,,,,,,,,,,,,,,,,,,,,,del/tillbehör,,
sanggavel,sanggavel,grabeige,asking,1,0.924,,,,,,,,,,,sanggavel,sanggavel,image,0.0,1.0,sanggavel,sanggavel,image,0.0,1.0,sänggavel,,
sanggavel,sanggavel,presley,asking,1,1.0,,,,,,sang,sang,prior,,,sang,sang,image,,,sang,sang,prior,,,okänd,,
sanggavel,sanggavel,mio,asking,1,0.377,,,,,,,,,,,,,,,,,,,,,sänggavel,,
sanggavel,sanggavel,mio,asking,1,0.973,,,,,,,,,,,sanggavel,sanggavel,image,0.0,1.0,sanggavel,sanggavel,image,0.0,1.0,sänggavel,,
sanggavel,sanggavel,mio,asking,1,0.809,,,,,,,,,,,sanggavel,sanggavel,image,0.0,1.0,sanggavel,sanggavel,image,0.0,1.0,okänd,,
sanggavel,sanggavel,mio,asking,1,0.948,,,,,,,,,,,sanggavel,sanggavel,image,0.0,1.0,sanggavel,sanggavel,image,0.0,1.0,sänggavel,,
sanggavel,sanggavel,mio,asking,1,0.52,,,,,,,,,,,,,,,,,,,,,sänggavel,,
sanggavel,sanggavel,mio,asking,1,0.976,,,,,,,,,,,sanggavel,sanggavel,image,0.0,1.0,sanggavel,sanggavel,image,0.0,1.0,sänggavel,,
sanggavel,sanggavel,ellos,asking,1,0.774,,,,,,,,,,,sanggavel,sanggavel,image,0.0,1.0,sanggavel,sanggavel,image,0.0,1.0,sänggavel,,
sanggavel,sanggavel,norrgavel,asking,1,0.944,,,,,,,,,,,bord,bord,image,900.0,1.45,bord,bord,image,900.0,1.45,bord,900.0,1.45
sanggavel,sanggavel,aveny,realized,1,0.531,,,,,,,,,,,,,,,,,,,,,sänggavel,,
sanggavel,sanggavel,mio,asking,1,0.462,,,,,,,,,,,,,,,,,,,,,hylla,600.0,0.4
sanggavel,sanggavel,headboard,asking,1,0.82,,,,,,sang,sang,prior,2400.0,3.1818181818181817,forvaring,forvaring,image,,,sang,sang,prior,2400.0,3.1818181818181817,okänd,,
sanggavel,sanggavel,omkladd,asking,1,0.51,,,,,,,,,,,,,,,,,,,,,sänggavel,,
sanggavel,sanggavel,tidlost,asking,1,1.0,,,,,,,,,,,bord,bord,image,,,bord,bord,image,,,matbord,,
sanggavel,sanggavel,mio,asking,5,0.841,,,,,,,,,,,sanggavel,sanggavel,image,0.0,1.0,sanggavel,sanggavel,image,0.0,1.0,sänggavel,,
sanggavel,sanggavel,gustaviansk,realized,1,0.605,,,,,,,,,,,,,,,,,,,,,byrå,,
sanggavel,sanggavel,vadderad,asking,1,0.429,,,,,,,,,,,,,,,,,,,,,sänggavel,,
sanggavel,sanggavel,mio,asking,1,0.947,,,,,,,,,,,sanggavel,sanggavel,image,0.0,1.0,sanggavel,sanggavel,image,0.0,1.0,sänggavel,,
sanggavel,sanggavel,norrgavel,asking,1,0.891,,,,,,stol,stol,prior,995.0,1.4975,stol,stol,image,995.0,1.4975,stol,stol,prior,995.0,1.4975,fåtölj,,
sanggavel,sanggavel,norrgavel,asking,1,0.951,,,,,,stol,stol,prior,995.0,1.4975,stol,stol,image,995.0,1.4975,stol,stol,prior,995.0,1.4975,stol,995.0,1.4975
sanggavel,sanggavel,dux,asking,1,0.433,,,,,,stol,stol,prior,1075.0,1.8269230769230769,,,,,,stol,stol,prior,1075.0,1.8269230769230769,okänd,,
sanggavel,sanggavel,guld,asking,1,0.56,,,,,,,,,,,,,,,,,,,,,säng,,
sanggavel,sanggavel,rotting,asking,1,0.612,,,,,,,,,,,,,,,,,,,,,okänd,,
sanggavel,sanggavel,jensen,asking,1,0.901,,,,,,sang,sang,prior,1500.0,1.75,sanggavel,sanggavel,image,0.0,1.0,sang,sang,prior,1500.0,1.75,sänggavel,,
sanggavel,sanggavel,mio,asking,1,0.947,,,,,,,,,,,sanggavel,sanggavel,image,0.0,1.0,sanggavel,sanggavel,image,0.0,1.0,sänggavel,,
sanggavel,sanggavel,160cm,asking,1,0.783,,,,,,sang,sang,prior,2100.0,3.3333333333333335,sanggavel,sanggavel,image,0.0,1.0,sang,sang,prior,2100.0,3.3333333333333335,sänggavel,,
sanggavel,sanggavel,mio,asking,1,0.573,,,,,,,,,,,,,,,,,,,,,sänggavel,,
sanggavel,sanggavel,mio,asking,2,0.925,,,,,,,,,,,sanggavel,sanggavel,image,0.0,1.0,sanggavel,sanggavel,image,0.0,1.0,sänggavel,,
sanggavel,sanggavel,mio,asking,1,0.973,,,,,,,,,,,sanggavel,sanggavel,image,0.0,1.0,sanggavel,sanggavel,image,0.0,1.0,sänggavel,,
sanggavel,sanggavel,brimnes,asking,1,0.724,,,,,,,,,,,forvaring,forvaring,image,200.0,1.4,forvaring,forvaring,image,200.0,1.4,okänd,,
sanggavel,sanggavel,ellos,asking,1,0.848,,,,,,,,,,,sanggavel,sanggavel,image,0.0,1.0,sanggavel,sanggavel,image,0.0,1.0,sänggavel,,
sanggavel,sanggavel,180cm,asking,1,0.466,,,,,,sang,sang,prior,2650.0,3.65,,,,,,sang,sang,prior,2650.0,3.65,stol,,
sanggavel,sanggavel,160cm,asking,1,0.819,,,,,,sang,sang,prior,2100.0,3.3333333333333335,soffa,soffa,image,50.0,0.9444444444444444,sang,sang,prior,2100.0,3.3333333333333335,soffa,50.0,0.9444444444444444
sanggavel,sanggavel,hilding,asking,1,0.95,,,,,,sang,sang,prior,1600.0,1.8888888888888888,sanggavel,sanggavel,image,0.0,1.0,sang,sang,prior,1600.0,1.8888888888888888,sänggavel,,
sanggavel,sanggavel,jysk,asking,1,0.816,,,,,,,,,,,sanggavel,sanggavel,image,0.0,1.0,sanggavel,sanggavel,image,0.0,1.0,sänggavel,,
sanggavel,sanggavel,180cm,asking,1,0.804,,,,,,sang,sang,prior,2600.0,3.6,sang,sang,image,2600.0,3.6,sang,sang,prior,2600.0,3.6,säng,,
sanggavel,sanggavel,overkast,asking,1,0.524,,,,,,,,,,,,,,,,,,,,,bord,,
sanggavel,sanggavel,delux,asking,1,0.899,,,,,,,,,,,sanggavel,sanggavel,image,0.0,1.0,sanggavel,sanggavel,image,0.0,1.0,sänggavel,,
sanggavel,sanggavel,dux,asking,1,0.856,,,,,,stol,stol,prior,1075.0,1.8269230769230769,sang,sang,image,1700.0,2.3076923076923075,stol,stol,prior,1075.0,1.8269230769230769,säng,,
sanggavel,sanggavel,noresund,asking,1,0.974,,,,,,sang,sang,prior,900.0,0.5,sang,sang,image,900.0,0.5,sang,sang,prior,900.0,0.5,säng,,
sanggavel,sanggavel,knappar,asking,1,1.0,,,,,,,,,,,sanggavel,sanggavel,image,0.0,1.0,sanggavel,sanggavel,image,0.0,1.0,sänggavel,,
sanggavel,sanggavel,snackan,asking,1,0.711,,,,,,,,,,,sang,sang,image,,,sang,sang,image,,,säng,,
sanggavel,sanggavel,120cm,asking,1,0.788,,,,,,sang,sang,prior,1100.0,2.375,bord,bord,image,1700.0,3.125,sang,sang,prior,1100.0,2.375,bord,1700.0,3.125
sanggavel,sanggavel,nyskick,asking,1,0.533,,,,,,,,,,,,,,,,,,,,,sänggavel,,
sanggavel,sanggavel,trademax,asking,1,1.0,,,,,,,,,,,sang,sang,image,2950.0,4.470588235294118,sang,sang,image,2950.0,4.470588235294118,okänd,,
sanggavel,sanggavel,ifran,asking,1,0.875,,,,,,,,,,,sanggavel,sanggavel,image,0.0,1.0,sanggavel,sanggavel,image,0.0,1.0,sänggavel,,
sanggavel,sanggavel,180cm,asking,1,0.976,,,,,,sang,sang,prior,2650.0,3.65,sanggavel,sanggavel,image,0.0,1.0,sang,sang,prior,2650.0,3.65,sänggavel,,
sanggavel,sanggavel,huvudgavel,asking,1,1.0,,,,,,,,,,,sanggavel,sanggavel,image,0.0,1.0,sanggavel,sanggavel,image,0.0,1.0,sänggavel,,
sanggavel,sanggavel,mio,asking,1,0.868,,,,,,,,,,,sanggavel,sanggavel,image,0.0,1.0,sanggavel,sanggavel,image,0.0,1.0,sänggavel,,
sanggavel,sanggavel,norrgavel,asking,1,0.74,,,,,,forvaring,forvaring,prior,13000.0,7.5,stol,stol,image,872.5,1.43625,forvaring,forvaring,prior,13000.0,7.5,fotpall,2200.0,2.1
sanggavel,sanggavel,mio,asking,1,0.857,,,,,,,,,,,bord,bord,image,300.0,0.7,bord,bord,image,300.0,0.7,byrå,,
sanggavel,sanggavel,rotting,asking,1,0.528,,,,,,,,,,,,,,,,,,,,,säng,,
sanggavel,sanggavel,hilding,asking,1,1.0,,,,,,sang,sang,prior,1850.0,2.193548387096774,sang,sang,image,1850.0,2.193548387096774,sang,sang,prior,1850.0,2.193548387096774,säng,,
sanggavel,sanggavel,voice,asking,1,0.46,,,,,,,,,,,,,,,,,,,,,sänggavel,,
sanggavel,sanggavel,mio,asking,1,0.976,,,,,,,,,,,sanggavel,sanggavel,image,0.0,1.0,sanggavel,sanggavel,image,0.0,1.0,sänggavel,,
sanggavel,sanggavel,huvudgavel,asking,1,0.975,,,,,,,,,,,sanggavel,sanggavel,image,0.0,1.0,sanggavel,sanggavel,image,0.0,1.0,sänggavel,,
sanggavel,sanggavel,mio,asking,1,0.663,,,,,,,,,,,,,,,,,,,,,sänggavel,,
sanggavel,sanggavel,textil,asking,1,0.948,,,,,,,,,,,sanggavel,sanggavel,image,0.0,1.0,sanggavel,sanggavel,image,0.0,1.0,sänggavel,,
sanggavel,sanggavel,hyllforvaring,asking,1,0.439,,,,,,,,,,,,,,,,,,,,,okänd,,
sanggavel,sanggavel,180-sang,asking,1,0.841,,,,,,,,,,,sanggavel,sanggavel,image,0.0,1.0,sanggavel,sanggavel,image,0.0,1.0,sänggavel,,
sanggavel,sanggavel,del,realized,1,0.573,,,,,,,,,,,,,,,,,,,,,hylla,400.0,2.142857142857143
sanggavel,sanggavel,mio,asking,1,0.893,,,,,,,,,,,sanggavel,sanggavel,image,0.0,1.0,sanggavel,sanggavel,image,0.0,1.0,sänggavel,,
sanggavel,sanggavel,kladda,realized,1,0.438,,,,,,,,,,,,,,,,,,,,,soffa,3450.0,2.3529411764705883
sanggavel,sanggavel,ifran,asking,1,0.949,,,,,,,,,,,sanggavel,sanggavel,image,0.0,1.0,sanggavel,sanggavel,image,0.0,1.0,sänggavel,,
sanggavel,sanggavel,eller,asking,1,0.599,,,,,,,,,,,,,,,,,,,,,säng,,
sanggavel,sanggavel,artek,asking,1,0.854,,,,,,,,,,,sang,sang,image,,,sang,sang,image,,,okänd,,
sanggavel,sanggavel,kudde,asking,1,0.845,,,,,,,,,,,sanggavel,sanggavel,image,0.0,1.0,sanggavel,sanggavel,image,0.0,1.0,sänggavel,,
sanggavel,sanggavel,sangavel,asking,1,0.616,,,,,,,,,,,,,,,,,,,,,säng,,
sanggavel,sanggavel,tempur,asking,1,0.947,,,,,,sang,sang,prior,8500.0,3.8333333333333335,sang,sang,image,8500.0,3.8333333333333335,sang,sang,prior,8500.0,3.8333333333333335,säng,,
sanggavel,sanggavel,sand,asking,1,0.484,,,,,,,,,,,,,,,,,,,,,sänggavel,,
sanggavel,sanggavel,forvaringslador,asking,1,0.889,,,,,,,,,,,sang,sang,image,,,sang,sang,image,,,okänd,,
sanggavel,sanggavel,integrerade,asking,1,0.572,,,,,,,,,,,,,,,,,,,,,okänd,,
sanggavel,sanggavel,mio,asking,1,0.974,,,,,,,,,,,sanggavel,sanggavel,image,0.0,1.0,sanggavel,sanggavel,image,0.0,1.0,sänggavel,,
sanggavel,sanggavel,90-sang,asking,1,0.669,,,,,,,,,,,,,,,,,,,,,sänggavel,,
sanggavel,sanggavel,mio,asking,1,0.976,,,,,,,,,,,sanggavel,sanggavel,image,0.0,1.0,sanggavel,sanggavel,image,0.0,1.0,sänggavel,,
sanggavel,sanggavel,mio,asking,1,0.948,,,,,,,,,,,sanggavel,sanggavel,image,0.0,1.0,sanggavel,sanggavel,image,0.0,1.0,sänggavel,,
sanggavel,sanggavel,morkbla,asking,1,1.0,,,,,,,,,,,sanggavel,sanggavel,image,0.0,1.0,sanggavel,sanggavel,image,0.0,1.0,sänggavel,,
sanggavel,sanggavel,180cm,asking,3,0.88,,,,,,sang,sang,prior,2650.0,3.65,sanggavel,sanggavel,image,0.0,1.0,sang,sang,prior,2650.0,3.65,sänggavel,,
sanggavel,sanggavel,rykkinn,asking,1,0.922,,,,,,sang,sang,prior,2200.0,3.75,sanggavel,sanggavel,image,0.0,1.0,sang,sang,prior,2200.0,3.75,sänggavel,,
sanggavel,sanggavel,mio,asking,1,0.434,,,,,,,,,,,,,,,,,,,,,bord,300.0,0.7
sanggavel,sanggavel,carpe,asking,1,0.891,,,,,,sang,sang,prior,3150.0,1.9402985074626866,sanggavel,sanggavel,image,0.0,1.0,sang,sang,prior,3150.0,1.9402985074626866,sänggavel,,
sanggavel,sanggavel,mio,asking,1,0.976,,,,,,,,,,,sanggavel,sanggavel,image,0.0,1.0,sanggavel,sanggavel,image,0.0,1.0,sänggavel,,
sanggavel,sanggavel,alcantara,asking,1,0.487,,,,,,stol,stol,prior,,,,,,,,stol,stol,prior,,,sänggavel,,
sanggavel,sanggavel,overdrag,asking,1,0.624,,,,,,,,,,,,,,,,,,,,,okänd,,
sanggavel,sanggavel,mio,asking,1,0.796,,,,,,,,,,,sanggavel,sanggavel,image,0.0,1.0,sanggavel,sanggavel,image,0.0,1.0,sänggavel,,
sanggavel,sanggavel,mio,asking,1,1.0,,,,,,,,,,,sang,sang,image,2200.0,3.2,sang,sang,image,2200.0,3.2,säng,,
sanggavel,sanggavel,celine,asking,1,0.772,,,,,,sang,sang,prior,5250.0,4.5,sanggavel,sanggavel,image,0.0,1.0,sang,sang,prior,5250.0,4.5,sänggavel,,
sanggavel,sanggavel,hilding,asking,1,1.0,,,,,,sang,sang,prior,1600.0,1.8888888888888888,sanggavel,sanggavel,image,0.0,1.0,sang,sang,prior,1600.0,1.8888888888888888,sänggavel,,
sanggavel,sanggavel,jotex,asking,1,0.949,,,,,,,,,,,sanggavel,sanggavel,image,0.0,1.0,sanggavel,sanggavel,image,0.0,1.0,sänggavel,,
sanggavel,sanggavel,textil,asking,1,0.898,,,,,,,,,,,sanggavel,sanggavel,image,0.0,1.0,sanggavel,sanggavel,image,0.0,1.0,sänggavel,,
sanggavel,sanggavel,indiska,asking,1,0.833,,,,,,,,,,,sang,sang,image,,,sang,sang,image,,,säng,,
sanggavel,sanggavel,massingsfargad,asking,1,0.447,,,,,,,,,,,,,,,,,,,,,hylla,,
sanggavel,sanggavel,norrgavel,asking,1,0.746,,,,,,,,,,,forvaring,forvaring,image,13000.0,7.5,forvaring,forvaring,image,13000.0,7.5,okänd,,
sanggavel,sanggavel,mezzo,asking,1,0.899,,,,,,,,,,,sanggavel,sanggavel,image,0.0,1.0,sanggavel,sanggavel,image,0.0,1.0,sänggavel,,
sanggavel,sanggavel,rotting,asking,1,0.436,,,,,,,,,,,,,,,,,,,,,sänggavel,,
sanggavel,sanggavel,mio,asking,1,1.0,,,,,,,,,,,sanggavel,sanggavel,image,0.0,1.0,sanggavel,sanggavel,image,0.0,1.0,sänggavel,,
sanggavel,sanggavel,art,asking,1,0.502,,,,,,,,,,,,,,,,,,,,,sänggavel,,
sanggavel,sanggavel,jotex,asking,1,0.595,,,,,,,,,,,,,,,,,,,,,sänggavel,,
sanggavel,sanggavel,larson,asking,1,0.348,,,,,,,,,,,,,,,,,,,,,okänd,,
sanggavel,sanggavel,norrgavel,asking,1,0.635,,,,,,,,,,,,,,,,,,,,,okänd,,
sanggavel,sanggavel,ellos,asking,1,0.873,,,,,,,,,,,sang,sang,image,902.5,2.0055710306406684,sang,sang,image,902.5,2.0055710306406684,säng,,
sanggavel,sanggavel,mio,asking,1,0.826,,,,,,,,,,,sanggavel,sanggavel,image,0.0,1.0,sanggavel,sanggavel,image,0.0,1.0,sänggavel,,
sanggavel,sanggavel,mio,asking,1,0.951,,,,,,,,,,,sanggavel,sanggavel,image,0.0,1.0,sanggavel,sanggavel,image,0.0,1.0,sänggavel,,
sanggavel,sanggavel,ellos,asking,1,0.636,,,,,,,,,,,,,,,,,,,,,säng,,
sanggavel,sanggavel,madrass,asking,1,0.973,,,,,,sang,sang,prior,500.0,0.6666666666666666,sang,sang,image,500.0,0.6666666666666666,sang,sang,prior,500.0,0.6666666666666666,säng,,
sanggavel,sanggavel,vidaxl,asking,1,0.797,,,,,,,,,,,sang,sang,image,420.0,1.544041450777202,sang,sang,image,420.0,1.544041450777202,säng,,
sanggavel,sanggavel,mio,asking,2,0.596,,,,,,,,,,,,,,,,,,,,,sänggavel,,
sanggavel,sanggavel,morkbrun,asking,1,0.911,,,,,,,,,,,forvaring,forvaring,image,50.0,1.0588235294117647,forvaring,forvaring,image,50.0,1.0588235294117647,byrå,,
sanggavel,sanggavel,saljes,asking,1,0.946,,,,,,,,,,,sanggavel,sanggavel,image,0.0,1.0,sanggavel,sanggavel,image,0.0,1.0,sänggavel,,
sanggavel,sanggavel,mio,asking,1,0.949,,,,,,,,,,,sanggavel,sanggavel,image,0.0,1.0,sanggavel,sanggavel,image,0.0,1.0,sänggavel,,
sanggavel,sanggavel,teddy,asking,1,0.551,,,,,,,,,,,,,,,,,,,,,sänggavel,,
sanggavel,sanggavel,sammetskladd,asking,1,0.587,,,,,,,,,,,,,,,,,,,,,sänggavel,,
sanggavel,sanggavel,stoppad,asking,1,0.946,,,,,,,,,,,sanggavel,sanggavel,image,0.0,1.0,sanggavel,sanggavel,image,0.0,1.0,sänggavel,,
sanggavel,sanggavel,ekens,asking,1,0.823,,,,,,sang,sang,prior,4025.0,3.037974683544304,sanggavel,sanggavel,image,0.0,1.0,sang,sang,prior,4025.0,3.037974683544304,sänggavel,,
sanggavel,sanggavel,ellos,asking,1,0.413,,,,,,,,,,,,,,,,,,,,,sänggavel,,
sanggavel,sanggavel,art,asking,1,0.576,,,,,,,,,,,,,,,,,,,,,sänggavel,,
sanggavel,sanggavel,mio,asking,1,0.949,,,,,,,,,,,sanggavel,sanggavel,image,0.0,1.0,sanggavel,sanggavel,image,0.0,1.0,sänggavel,,
sanggavel,sanggavel,pierre,asking,1,0.263,,,,,,,,,,,,,,,,,,,,,okänd,,
soffa,soffa,tva,asking,1,0.975,,,,,,,,,,,soffa,soffa,image,0.0,1.0,soffa,soffa,image,0.0,1.0,soffa,0.0,1.0
soffa,soffa,ikoniska,asking,1,0.974,,,,,,,,,,,soffa,soffa,image,0.0,1.0,soffa,soffa,image,0.0,1.0,soffa,0.0,1.0
soffa,soffa,mio,asking,1,0.893,,,,,,,,,,,soffa,soffa,image,0.0,1.0,soffa,soffa,image,0.0,1.0,soffa,0.0,1.0
soffa,soffa,akta,asking,1,0.975,,,,,,,,,,,soffa,soffa,image,0.0,1.0,soffa,soffa,image,0.0,1.0,soffa,0.0,1.0
soffa,baddsoffa,saljes,asking,1,1.0,,,,,,,,,,,soffa,soffa,image,500.0,1.25,soffa,soffa,image,500.0,1.25,soffa,500.0,1.25
soffa,soffa,3-sits,asking,3,0.926,,,,,,,,,,,soffa,soffa,image,0.0,1.0,soffa,soffa,image,0.0,1.0,soffa,0.0,1.0
soffa,soffa,mio,asking,1,0.896,,,,,,,,,,,soffa,soffa,image,0.0,1.0,soffa,soffa,image,0.0,1.0,soffa,0.0,1.0
soffa,soffa,skinnsoffa,asking,1,0.626,,,,,,,,,,,,,,,,,,,,,bord,,
soffa,soffa,8-10,asking,1,0.773,,,,,,bord,bord,prior,,,soffa,soffa,image,0.0,1.0,bord,bord,prior,,,soffa,0.0,1.0
soffa,hornsoffa,konstrotting,asking,1,0.727,,,,,,,,,,,soffa,soffa,image,700.0,0.72,soffa,soffa,image,700.0,0.72,soffa,700.0,0.72
soffa,baddsoffa,forvarings,asking,1,0.923,,,,,,bord,bord,prior,,,soffa,soffa,image,,,bord,bord,prior,,,soffa,,
soffa,soffa,muuto,asking,1,0.925,,,,,,,,,,,soffa,soffa,image,0.0,1.0,soffa,soffa,image,0.0,1.0,soffa,0.0,1.0
soffa,soffa,madison,asking,1,1.0,,,,,,,,,,,soffa,soffa,image,0.0,1.0,soffa,soffa,image,0.0,1.0,soffa,0.0,1.0
soffa,baddsoffa,baddar,asking,1,1.0,,,,,,,,,,,soffa,soffa,image,,,soffa,soffa,image,,,soffa,,
soffa,soffa,utomhus,asking,1,0.926,,,,,,,,,,,soffa,soffa,image,0.0,1.0,soffa,soffa,image,0.0,1.0,soffa,0.0,1.0
soffa,soffa,byarums,asking,1,0.871,,,,,,,,,,,soffa,soffa,image,0.0,1.0,soffa,soffa,image,0.0,1.0,okänd,,
soffa,soffa,solleron,asking,1,1.0,,,,,,soffa,soffa,prior,0.0,1.0,soffa,soffa,image,0.0,1.0,soffa,soffa,prior,0.0,1.0,soffa,0.0,1.0
soffa,soffa,ekenaset,asking,1,1.0,,,,,,,,,,,soffa,soffa,image,0.0,1.0,soffa,soffa,image,0.0,1.0,soffa,0.0,1.0
soffa,soffa,broderna,asking,1,0.451,,,,,,,,,,,,,,,,,,,,,okänd,,
soffa,soffa,living,asking,1,1.0,,,,,,,,,,,soffa,soffa,image,0.0,1.0,soffa,soffa,image,0.0,1.0,soffa,0.0,1.0
soffa,soffa,manchester,asking,1,1.0,,,,,,,,,,,soffa,soffa,image,0.0,1.0,soffa,soffa,image,0.0,1.0,soffa,0.0,1.0
soffa,soffa,4-sits,asking,1,0.975,,,,,,,,,,,soffa,soffa,image,0.0,1.0,soffa,soffa,image,0.0,1.0,soffa,0.0,1.0
soffa,soffa,5-sitsig,asking,1,1.0,,,,,,,,,,,soffa,soffa,image,0.0,1.0,soffa,soffa,image,0.0,1.0,soffa,0.0,1.0
soffa,baddsoffa,vimle,asking,1,1.0,,,,,,soffa,soffa,prior,2500.0,0.5454545454545454,soffa,soffa,image,2500.0,0.5454545454545454,soffa,soffa,prior,2500.0,0.5454545454545454,soffa,2500.0,0.5454545454545454
soffa,soffa,skinnsoffa,asking,1,0.975,,,,,,,,,,,soffa,soffa,image,0.0,1.0,soffa,soffa,image,0.0,1.0,hörnsoffa,,
soffa,soffa,mio,asking,1,1.0,,,,,,,,,,,soffa,soffa,image,0.0,1.0,soffa,soffa,image,0.0,1.0,soffa,0.0,1.0
soffa,soffa,monza,asking,1,1.0,,,,,,,,,,,soffa,soffa,image,0.0,1.0,soffa,soffa,image,0.0,1.0,soffa,0.0,1.0
soffa,soffa,4-sitssoffa,asking,1,1.0,,,,,,,,,,,soffa,soffa,image,0.0,1.0,soffa,soffa,image,0.0,1.0,soffa,0.0,1.0
soffa,soffa,borkum,realized,1,0.975,,,,,,,,,,,soffa,soffa,image,0.0,1.0,soffa,soffa,image,0.0,1.0,soffa,0.0,1.0
soffa,soffa,utesoffa,asking,1,0.627,,,,,,,,,,,,,,,,,,,,,soffa,0.0,1.0
soffa,soffa,kokssoffa,asking,1,0.586,,,,,,,,,,,,,,,,,,,,,okänd,,
soffa,soffa,scandinavian,asking,1,0.974,,,,,,,,,,,soffa,soffa,image,0.0,1.0,soffa,soffa,image,0.0,1.0,soffa,0.0,1.0
soffa,soffa,broderna,asking,1,1.0,,,,,,,,,,,soffa,soffa,image,0.0,1.0,soffa,soffa,image,0.0,1.0,soffa,0.0,1.0
soffa,soffa,mio,asking,1,1.0,,,,,,,,,,,soffa,soffa,image,0.0,1.0,soffa,soffa,image,0.0,1.0,soffa,0.0,1.0
soffa,soffa,vinrod,asking,1,0.355,,,,,,,,,,,,,,,,,,,,,okänd,,
soffa,soffa,jysk,asking,1,0.861,,,,,,,,,,,stol,stol,image,1950.0,0.13333333333333333,stol,stol,image,1950.0,0.13333333333333333,fåtölj,,
soffa,soffa,chair,asking,1,1.0,,,,,,stol,stol,prior,595.0,0.7017543859649122,stol,stol,image,595.0,0.7017543859649122,stol,stol,prior,595.0,0.7017543859649122,fåtölj,,
soffa,soffa,vimle,asking,1,0.974,,,,,,soffa,soffa,prior,0.0,1.0,soffa,soffa,image,0.0,1.0,soffa,soffa,prior,0.0,1.0,soffa,0.0,1.0
soffa,soffa,3-sits,asking,1,1.0,,,,,,,,,,,soffa,soffa,image,0.0,1.0,soffa,soffa,image,0.0,1.0,soffa,0.0,1.0
soffa,soffa,serie,realized,1,0.975,,,,,,,,,,,soffa,soffa,image,0.0,1.0,soffa,soffa,image,0.0,1.0,soffa,0.0,1.0
soffa,baddsoffa,3-sits,asking,1,0.948,,,,,,,,,,,soffa,soffa,image,400.0,1.16,soffa,soffa,image,400.0,1.16,soffa,400.0,1.16
soffa,soffa,2-sits,asking,1,0.975,,,,,,,,,,,soffa,soffa,image,0.0,1.0,soffa,soffa,image,0.0,1.0,soffa,0.0,1.0
soffa,hornsoffa,ekbord,asking,1,0.926,,,,,,,,,,,soffa,soffa,image,1200.0,1.6666666666666667,soffa,soffa,image,1200.0,1.6666666666666667,hörnsoffa,,
soffa,hornsoffa,4-sits,asking,1,0.975,,,,,,,,,,,soffa,soffa,image,0.0,1.0,soffa,soffa,image,0.0,1.0,soffa,0.0,1.0
soffa,soffa,samtida,realized,1,1.0,,,,,,,,,,,soffa,soffa,image,0.0,1.0,soffa,soffa,image,0.0,1.0,soffa,0.0,1.0
soffa,soffa,bolia,asking,1,1.0,,,,,,,,,,,soffa,soffa,image,0.0,1.0,soffa,soffa,image,0.0,1.0,soffa,0.0,1.0
soffa,soffa,mio,asking,1,0.822,,,,,,,,,,,soffa,soffa,image,0.0,1.0,soffa,soffa,image,0.0,1.0,soffa,0.0,1.0
soffa,baddsoffa,jysk,asking,1,0.975,,,,,,,,,,,soffa,soffa,image,250.0,1.125,soffa,soffa,image,250.0,1.125,soffa,250.0,1.125
soffa,soffa,julia,asking,1,1.0,,,,,,,,,,,soffa,soffa,image,0.0,1.0,soffa,soffa,image,0.0,1.0,soffa,0.0,1.0
soffa,soffa,3-sitssoffa,asking,1,0.972,,,,,,soffa,soffa,prior,0.0,1.0,soffa,soffa,image,0.0,1.0,soffa,soffa,prior,0.0,1.0,soffa,0.0,1.0
soffa,hornsoffa,bellus,asking,1,1.0,,,,,,,,,,,soffa,soffa,image,1000.0,1.263157894736842,soffa,soffa,image,1000.0,1.263157894736842,soffa,1000.0,1.263157894736842
soffa,soffa,maxime,asking,1,0.975,,,,,,soffa,soffa,prior,0.0,1.0,soffa,soffa,image,0.0,1.0,soffa,soffa,prior,0.0,1.0,soffa,0.0,1.0
soffa,soffa,dator,asking,1,0.925,,,,,,,,,,,soffa,soffa,image,0.0,1.0,soffa,soffa,image,0.0,1.0,hörnsoffa,,
soffa,soffa,howard,asking,1,1.0,,,,,,soffa,soffa,prior,0.0,1.0,soffa,soffa,image,0.0,1.0,soffa,soffa,prior,0.0,1.0,soffa,0.0,1.0
soffa,soffa,uto,realized,1,0.533,,,,,,,,,,,,,,,,,,,,,soffa,0.0,1.0
soffa,soffa,handgjord,asking,1,0.973,,,,,,,,,,,soffa,soffa,image,0.0,1.0,soffa,soffa,image,0.0,1.0,soffa,0.0,1.0
soffa,soffa,nyskick,asking,1,1.0,,,,,,,,,,,soffa,soffa,image,0.0,1.0,soffa,soffa,image,0.0,1.0,soffa,0.0,1.0
soffa,soffa,tva,asking,1,0.723,,,,,,,,,,,soffa,soffa,image,0.0,1.0,soffa,soffa,image,0.0,1.0,soffa,0.0,1.0
soffa,soffa,mio,asking,1,1.0,,,,,,,,,,,soffa,soffa,image,0.0,1.0,soffa,soffa,image,0.0,1.0,soffa,0.0,1.0
soffa,soffa,carl,asking,1,0.949,,,,,,,,,,,soffa,soffa,image,0.0,1.0,soffa,soffa,image,0.0,1.0,soffa,0.0,1.0
soffa,soffa,tygsoffa,asking,1,1.0,,,,,,,,,,,soffa,soffa,image,0.0,1.0,soffa,soffa,image,0.0,1.0,soffa,0.0,1.0
soffa,soffa,mio,asking,1,1.0,,,,,,,,,,,soffa,soffa,image,0.0,1.0,soffa,soffa,image,0.0,1.0,soffa,0.0,1.0
soffa,hornsoffa,saljes,asking,1,1.0,,,,,,,,,,,soffa,soffa,image,30.0,1.0121457489878543,soffa,soffa,image,30.0,1.0121457489878543,soffa,30.0,1.0121457489878543
soffa,soffa,peter,realized,1,0.868,,,,,,,,,,,soffa,soffa,image,0.0,1.0,soffa,soffa,image,0.0,1.0,soffa,0.0,1.0
soffa,soffa,peter,realized,1,0.827,,,,,,,,,,,soffa,soffa,image,0.0,1.0,soffa,soffa,image,0.0,1.0,soffa,0.0,1.0
soffa,soffa,3-sits,asking,1,0.975,,,,,,,,,,,soffa,soffa,image,0.0,1.0,soffa,soffa,image,0.0,1.0,soffa,0.0,1.0
soffa,soffa,samsas,realized,1,0.976,,,,,,,,,,,soffa,soffa,image,0.0,1.0,soffa,soffa,image,0.0,1.0,soffa,0.0,1.0
soffa,hornsoffa,konstrotting,asking,1,0.946,,,,,,,,,,,soffa,soffa,image,700.0,0.72,soffa,soffa,image,700.0,0.72,soffa,700.0,0.72
soffa,soffa,house,asking,1,0.719,,,,,,,,,,,soffa,soffa,image,0.0,1.0,soffa,soffa,image,0.0,1.0,soffa,0.0,1.0
soffa,soffa,rymlig,asking,1,0.975,,,,,,,,,,,soffa,soffa,image,0.0,1.0,soffa,soffa,image,0.0,1.0,soffa,0.0,1.0
soffa,soffa,3-sits,asking,1,1.0,,,,,,,,,,,soffa,soffa,image,0.0,1.0,soffa,soffa,image,0.0,1.0,soffa,0.0,1.0
soffa,soffa,table,asking,1,1.0,,,,,,bord,bord,prior,1550.0,0.48333333333333334,bord,bord,image,1550.0,0.48333333333333334,bord,bord,prior,1550.0,0.48333333333333334,bord,1550.0,0.48333333333333334
soffa,baddsoffa,forvaring,asking,1,0.949,,,,,,,,,,,soffa,soffa,image,990.0,0.6024096385542169,soffa,soffa,image,990.0,0.6024096385542169,soffa,990.0,0.6024096385542169
soffa,soffa,mio,asking,1,0.951,,,,,,,,,,,soffa,soffa,image,0.0,1.0,soffa,soffa,image,0.0,1.0,soffa,0.0,1.0
soffa,soffa,strandmon,asking,1,0.975,,,,,,stol,stol,prior,,,soffa,soffa,image,0.0,1.0,stol,stol,prior,,,soffa,0.0,1.0
soffa,hornsoffa,mobelmastarna,asking,1,1.0,,,,,,,,,,,soffa,soffa,image,1250.0,0.8611111111111112,soffa,soffa,image,1250.0,0.8611111111111112,soffa,1250.0,0.8611111111111112
soffa,soffa,italsofa,asking,1,1.0,,,,,,,,,,,soffa,soffa,image,0.0,1.0,soffa,soffa,image,0.0,1.0,soffa,0.0,1.0
soffa,soffa,madison,asking,2,0.947,,,,,,,,,,,soffa,soffa,image,0.0,1.0,soffa,soffa,image,0.0,1.0,soffa,0.0,1.0
soffa,soffa,tradition,asking,1,1.0,,,,,,,,,,,soffa,soffa,image,0.0,1.0,soffa,soffa,image,0.0,1.0,soffa,0.0,1.0
soffa,soffa,farg,asking,1,1.0,,,,,,,,,,,soffa,soffa,image,0.0,1.0,soffa,soffa,image,0.0,1.0,soffa,0.0,1.0
soffa,soffa,3-sits,asking,1,0.946,,,,,,soffa,soffa,prior,0.0,1.0,soffa,soffa,image,0.0,1.0,soffa,soffa,prior,0.0,1.0,soffa,0.0,1.0
soffa,hornsoffa,furninova,asking,1,0.974,,,,,,soffa,soffa,prior,150.0,0.9620253164556962,soffa,soffa,image,150.0,0.9620253164556962,soffa,soffa,prior,150.0,0.9620253164556962,soffa,150.0,0.9620253164556962
soffa,soffa,kivik,asking,1,0.742,,,,,,soffa,soffa,prior,0.0,1.0,soffa,soffa,image,0.0,1.0,soffa,soffa,prior,0.0,1.0,soffa,0.0,1.0
soffa,soffa,ljusbeige,asking,1,0.668,,,,,,,,,,,,,,,,,,,,,soffa,0.0,1.0
soffa,soffa,ektorp,asking,1,0.974,,,,,,,,,,,soffa,soffa,image,0.0,1.0,soffa,soffa,image,0.0,1.0,soffa,0.0,1.0
soffa,soffa,saljer,asking,1,1.0,,,,,,,,,,,soffa,soffa,image,0.0,1.0,soffa,soffa,image,0.0,1.0,soffa,0.0,1.0
soffa,soffa,skon,asking,1,0.974,,,,,,,,,,,soffa,soffa,image,0.0,1.0,soffa,soffa,image,0.0,1.0,soffa,0.0,1.0
soffa,soffa,3-sits,asking,1,1.0,,,,,,,,,,,soffa,soffa,image,0.0,1.0,soffa,soffa,image,0.0,1.0,soffa,0.0,1.0
soffa,soffa,fermob,asking,1,0.815,,,,,,,,,,,stol,stol,image,2300.0,0.39473684210526316,stol,stol,image,2300.0,0.39473684210526316,stol,2300.0,0.39473684210526316
soffa,soffa,chesterfieldmodell,realized,1,1.0,,,,,,,,,,,soffa,soffa,image,0.0,1.0,soffa,soffa,image,0.0,1.0,soffa,0.0,1.0
soffa,soffa,tva,asking,1,0.723,,,,,,,,,,,soffa,soffa,image,0.0,1.0,soffa,soffa,image,0.0,1.0,soffa,0.0,1.0
soffa,soffa,svensson,realized,1,0.975,,,,,,soffa,soffa,prior,0.0,1.0,soffa,soffa,image,0.0,1.0,soffa,soffa,prior,0.0,1.0,soffa,0.0,1.0
soffa,soffa,plats,asking,1,0.717,,,,,,,,,,,soffa,soffa,image,0.0,1.0,soffa,soffa,image,0.0,1.0,soffa,0.0,1.0
soffa,soffa,mio,asking,1,0.691,,,,,,,,,,,,,,,,,,,,,soffa,0.0,1.0
soffa,soffa,mio,asking,3,0.95,,,,,,,,,,,soffa,soffa,image,0.0,1.0,soffa,soffa,image,0.0,1.0,soffa,0.0,1.0
soffa,soffa,unik,asking,1,0.976,,,,,,,,,,,soffa,soffa,image,0.0,1.0,soffa,soffa,image,0.0,1.0,soffa,0.0,1.0
soffa,baddsoffa,asarum,asking,1,1.0,,,,,,,,,,,soffa,soffa,image,,,soffa,soffa,image,,,soffa,,
soffa,hornsoffa,ektorp,asking,1,1.0,,,,,,soffa,soffa,prior,1000.0,0.5,soffa,soffa,image,1000.0,0.5,soffa,soffa,prior,1000.0,0.5,soffa,1000.0,0.5
soffa,soffa,rokokostil,realized,1,0.92,,,,,,,,,,,stol,stol,image,500.0,0.375,stol,stol,image,500.0,0.375,fåtölj,,
soffa,soffa,vimle,asking,1,0.974,,,,,,,,,,,soffa,soffa,image,0.0,1.0,soffa,soffa,image,0.0,1.0,soffa,0.0,1.0
soffa,soffa,ute,asking,1,0.872,,,,,,,,,,,bord,bord,image,1300.0,0.3157894736842105,bord,bord,image,1300.0,0.3157894736842105,matgrupp,1338.0,0.29578947368421055
soffa,soffa,troligen,realized,1,1.0,,,,,,,,,,,soffa,soffa,image,0.0,1.0,soffa,soffa,image,0.0,1.0,soffa,0.0,1.0
soffa,soffa,mio,asking,1,1.0,,,,,,,,,,,soffa,soffa,image,0.0,1.0,soffa,soffa,image,0.0,1.0,soffa,0.0,1.0
soffa,soffa,3-sits,asking,1,1.0,,,,,,,,,,,soffa,soffa,image,0.0,1.0,soffa,soffa,image,0.0,1.0,soffa,0.0,1.0
soffa,soffa,tresitssoffa,asking,1,0.975,soffa,soffa,text,0.0,1.0,soffa,soffa,text,0.0,1.0,soffa,soffa,image,0.0,1.0,soffa,soffa,text,0.0,1.0,soffa,0.0,1.0
soffa,soffa,mio,asking,1,1.0,,,,,,,,,,,soffa,soffa,image,0.0,1.0,soffa,soffa,image,0.0,1.0,soffa,0.0,1.0
soffa,soffa,peter,realized,1,0.796,,,,,,,,,,,soffa,soffa,image,0.0,1.0,soffa,soffa,image,0.0,1.0,soffa,0.0,1.0
soffa,soffa,stockholm,asking,1,1.0,,,,,,,,,,,soffa,soffa,image,0.0,1.0,soffa,soffa,image,0.0,1.0,soffa,0.0,1.0
soffa,soffa,saljer,asking,1,0.605,,,,,,,,,,,,,,,,,,,,,okänd,,
soffa,baddsoffa,nyskick,asking,1,1.0,,,,,,,,,,,soffa,soffa,image,1900.0,1.6333333333333333,soffa,soffa,image,1900.0,1.6333333333333333,soffa,1900.0,1.6333333333333333
soffa,soffa,parup,asking,1,0.975,,,,,,soffa,soffa,prior,0.0,1.0,soffa,soffa,image,0.0,1.0,soffa,soffa,prior,0.0,1.0,soffa,0.0,1.0
soffa,soffa,2-sits,asking,1,0.527,,,,,,,,,,,,,,,,,,,,,fåtölj,,
soffa,soffa,hallsoffa,asking,1,1.0,,,,,,,,,,,forvaring,forvaring,image,,,forvaring,forvaring,image,,,byrå,,
soffa,soffa,ekenaset,asking,1,0.746,,,,,,,,,,,stol,stol,image,,,stol,stol,image,,,fåtölj,,
soffa,soffa,mio,asking,1,1.0,,,,,,soffa,soffa,prior,0.0,1.0,soffa,soffa,image,0.0,1.0,soffa,soffa,prior,0.0,1.0,soffa,0.0,1.0
soffa,hornsoffa,mio,asking,1,1.0,,,,,,,,,,,soffa,soffa,image,100.0,1.0294117647058822,soffa,soffa,image,100.0,1.0294117647058822,hörnsoffa,,
soffa,soffa,elegant,asking,1,0.948,,,,,,,,,,,soffa,soffa,image,0.0,1.0,soffa,soffa,image,0.0,1.0,soffa,0.0,1.0
soffa,soffa,ghost,realized,1,0.899,,,,,,,,,,,soffa,soffa,image,0.0,1.0,soffa,soffa,image,0.0,1.0,soffa,0.0,1.0
soffa,baddsoffa,gotland,asking,1,0.975,,,,,,,,,,,soffa,soffa,image,550.0,1.1235955056179776,soffa,soffa,image,550.0,1.1235955056179776,soffa,550.0,1.1235955056179776
soffa,soffa,pink,asking,1,1.0,,,,,,soffa,soffa,prior,0.0,1.0,soffa,soffa,image,0.0,1.0,soffa,soffa,prior,0.0,1.0,soffa,0.0,1.0
soffa,soffa,3sits,asking,1,1.0,,,,,,,,,,,soffa,soffa,image,0.0,1.0,soffa,soffa,image,0.0,1.0,soffa,0.0,1.0
soffa,soffa,tva,asking,1,0.975,,,,,,,,,,,soffa,soffa,image,0.0,1.0,soffa,soffa,image,0.0,1.0,soffa,0.0,1.0
soffa,soffa,swedish,realized,1,0.696,,,,,,,,,,,,,,,,,,,,,soffa,0.0,1.0
soffa,soffa,carl,realized,1,1.0,,,,,,,,,,,soffa,soffa,image,0.0,1.0,soffa,soffa,image,0.0,1.0,soffa,0.0,1.0
soffa,soffa,salu,asking,1,1.0,,,,,,,,,,,soffa,soffa,image,0.0,1.0,soffa,soffa,image,0.0,1.0,hörnsoffa,,
soffa,soffa,mio,asking,1,0.975,,,,,,,,,,,soffa,soffa,image,0.0,1.0,soffa,soffa,image,0.0,1.0,soffa,0.0,1.0
soffa,soffa,utesoffa,asking,1,0.484,,,,,,,,,,,,,,,,,,,,,soffa,0.0,1.0
soffa,soffa,rejal,asking,1,1.0,,,,,,,,,,,soffa,soffa,image,0.0,1.0,soffa,soffa,image,0.0,1.0,soffa,0.0,1.0
soffa,soffa,stockholm,asking,1,0.921,,,,,,,,,,,soffa,soffa,image,0.0,1.0,soffa,soffa,image,0.0,1.0,soffa,0.0,1.0
soffa,baddsoffa,friheten,asking,1,1.0,,,,,,soffa,soffa,prior,200.0,0.9130434782608695,soffa,soffa,image,200.0,0.9130434782608695,soffa,soffa,prior,200.0,0.9130434782608695,soffa,200.0,0.9130434782608695
soffa,soffa,tva,asking,1,0.845,,,,,,,,,,,soffa,soffa,image,0.0,1.0,soffa,soffa,image,0.0,1.0,soffa,0.0,1.0
soffa,baddsoffa,holmsund,asking,1,1.0,,,,,,soffa,soffa,prior,1200.0,0.625,soffa,soffa,image,1200.0,0.625,soffa,soffa,prior,1200.0,0.625,soffa,1200.0,0.625
soffa,soffa,anderstorp,asking,1,0.386,,,,,,,,,,,,,,,,,,,,,stol,,
soffa,soffa,3-sits,asking,1,1.0,,,,,,,,,,,soffa,soffa,image,0.0,1.0,soffa,soffa,image,0.0,1.0,soffa,0.0,1.0
soffa,soffa,tva,asking,1,0.551,,,,,,,,,,,,,,,,,,,,,stol,1550.0,0.225
soffa,hornsoffa,copenhagen,asking,1,1.0,,,,,,,,,,,soffa,soffa,image,2000.0,0.75,soffa,soffa,image,2000.0,0.75,soffa,2000.0,0.75
soffa,hornsoffa,mio,asking,1,0.842,,,,,,,,,,,soffa,soffa,image,100.0,1.0294117647058822,soffa,soffa,image,100.0,1.0294117647058822,hörnsoffa,,
soffa,soffa,utomhussoffa,asking,1,0.831,,,,,,,,,,,soffa,soffa,image,0.0,1.0,soffa,soffa,image,0.0,1.0,soffa,0.0,1.0
soffa,soffa,svenska,asking,1,1.0,,,,,,,,,,,soffa,soffa,image,0.0,1.0,soffa,soffa,image,0.0,1.0,soffa,0.0,1.0
soffa,baddsoffa,jarnforsen,asking,1,1.0,,,,,,soffa,soffa,prior,,,soffa,soffa,image,,,soffa,soffa,prior,,,soffa,,
soffa,soffa,granit,asking,1,0.875,,,,,,,,,,,soffa,soffa,image,0.0,1.0,soffa,soffa,image,0.0,1.0,soffa,0.0,1.0
soffa,soffa,visingso,realized,1,0.925,,,,,,,,,,,soffa,soffa,image,0.0,1.0,soffa,soffa,image,0.0,1.0,soffa,0.0,1.0
soffa,soffa,samsas,realized,1,1.0,,,,,,,,,,,soffa,soffa,image,0.0,1.0,soffa,soffa,image,0.0,1.0,soffa,0.0,1.0
soffa,soffa,2-sits,asking,1,0.975,,,,,,,,,,,soffa,soffa,image,0.0,1.0,soffa,soffa,image,0.0,1.0,soffa,0.0,1.0
soffa,soffa,mysig,asking,1,1.0,,,,,,,,,,,soffa,soffa,image,0.0,1.0,soffa,soffa,image,0.0,1.0,hörnsoffa,,
soffa,soffa,gustaviansk,realized,1,0.646,,,,,,,,,,,,,,,,,,,,,soffa,0.0,1.0
soffa,soffa,okant,asking,1,0.817,,,,,,,,,,,stol,stol,image,,,stol,stol,image,,,fåtölj,,
soffa,soffa,mio,asking,1,1.0,,,,,,,,,,,soffa,soffa,image,0.0,1.0,soffa,soffa,image,0.0,1.0,soffa,0.0,1.0
soffa,soffa,4-sits,asking,1,1.0,,,,,,soffa,soffa,prior,0.0,1.0,soffa,soffa,image,0.0,1.0,soffa,soffa,prior,0.0,1.0,hörnsoffa,,
soffa,soffa,2st,asking,1,0.631,,,,,,,,,,,,,,,,,,,,,okänd,,
soffa,soffa,mio,asking,1,0.95,,,,,,,,,,,soffa,soffa,image,0.0,1.0,soffa,soffa,image,0.0,1.0,soffa,0.0,1.0
soffa,soffa,rossi,asking,1,0.845,,,,,,,,,,,soffa,soffa,image,0.0,1.0,soffa,soffa,image,0.0,1.0,soffa,0.0,1.0
soffa,soffa,gronlid,asking,1,1.0,,,,,,,,,,,soffa,soffa,image,0.0,1.0,soffa,soffa,image,0.0,1.0,soffa,0.0,1.0
soffa,soffa,recliner,asking,1,1.0,,,,,,,,,,,soffa,soffa,image,0.0,1.0,soffa,soffa,image,0.0,1.0,soffa,0.0,1.0
soffa,soffa,glismand,realized,1,0.951,,,,,,,,,,,soffa,soffa,image,0.0,1.0,soffa,soffa,image,0.0,1.0,soffa,0.0,1.0
soffa,soffa,soderhamn,asking,1,0.974,,,,,,soffa,soffa,prior,0.0,1.0,soffa,soffa,image,0.0,1.0,soffa,soffa,prior,0.0,1.0,soffa,0.0,1.0
soffa,soffa,chesterfieldmodell,realized,1,0.78,,,,,,,,,,,soffa,soffa,image,0.0,1.0,soffa,soffa,image,0.0,1.0,soffa,0.0,1.0
soffa,soffa,hjort,realized,1,1.0,,,,,,,,,,,soffa,soffa,image,0.0,1.0,soffa,soffa,image,0.0,1.0,soffa,0.0,1.0
soffa,hornsoffa,saljes,asking,1,1.0,,,,,,,,,,,soffa,soffa,image,5.0,1.002004008016032,soffa,soffa,image,5.0,1.002004008016032,soffa,5.0,1.002004008016032
soffa,baddsoffa,friheten,asking,1,0.975,,,,,,soffa,soffa,prior,221.0,0.9049462365591397,soffa,soffa,image,221.0,0.9049462365591397,soffa,soffa,prior,221.0,0.9049462365591397,soffa,221.0,0.9049462365591397
soffa,soffa,chilli,asking,1,0.951,,,,,,,,,,,soffa,soffa,image,0.0,1.0,soffa,soffa,image,0.0,1.0,soffa,0.0,1.0
soffa,soffa,skinnsoffa,asking,1,1.0,,,,,,,,,,,soffa,soffa,image,0.0,1.0,soffa,soffa,image,0.0,1.0,soffa,0.0,1.0
soffa,soffa,unik,asking,1,1.0,,,,,,,,,,,soffa,soffa,image,0.0,1.0,soffa,soffa,image,0.0,1.0,hörnsoffa,,
soffa,soffa,landskrona,asking,1,0.773,,,,,,soffa,soffa,prior,0.0,1.0,stol,stol,image,,,soffa,soffa,prior,0.0,1.0,fåtölj,,
soffa,soffa,howard,asking,1,1.0,,,,,,,,,,,soffa,soffa,image,0.0,1.0,soffa,soffa,image,0.0,1.0,soffa,0.0,1.0
soffa,soffa,stilren,asking,1,1.0,,,,,,,,,,,soffa,soffa,image,0.0,1.0,soffa,soffa,image,0.0,1.0,soffa,0.0,1.0
soffa,soffa,tvattbar,asking,1,0.917,soffa,soffa,text,0.0,1.0,soffa,soffa,text,0.0,1.0,soffa,soffa,image,0.0,1.0,soffa,soffa,text,0.0,1.0,soffa,0.0,1.0
soffa,soffa,lyxig,asking,1,1.0,,,,,,,,,,,soffa,soffa,image,0.0,1.0,soffa,soffa,image,0.0,1.0,soffa,0.0,1.0
soffa,soffa,rottingmobler,asking,1,0.541,,,,,,,,,,,,,,,,,,,,,fåtölj,,
soffa,soffa,jysk,asking,1,0.975,,,,,,,,,,,soffa,soffa,image,0.0,1.0,soffa,soffa,image,0.0,1.0,soffa,0.0,1.0
soffa,soffa,tradgardsmobler,asking,1,0.55,,,,,,,,,,,,,,,,,,,,,stol,1388.0,0.2288888888888889
soffa,soffa,bella,asking,1,0.925,,,,,,,,,,,soffa,soffa,image,0.0,1.0,soffa,soffa,image,0.0,1.0,soffa,0.0,1.0
soffa,soffa,backsalen,asking,1,0.898,,,,,,,,,,,soffa,soffa,image,0.0,1.0,soffa,soffa,image,0.0,1.0,soffa,0.0,1.0
soffa,soffa,mio,asking,1,1.0,,,,,,,,,,,soffa,soffa,image,0.0,1.0,soffa,soffa,image,0.0,1.0,soffa,0.0,1.0
soffa,hornsoffa,tygkladd,asking,1,1.0,,,,,,stol,stol,prior,,,soffa,soffa,image,,,stol,stol,prior,,,soffa,,
soffa,baddsoffa,3-sits,asking,1,1.0,,,,,,,,,,,soffa,soffa,image,400.0,1.16,soffa,soffa,image,400.0,1.16,soffa,400.0,1.16
soffa,baddsoffa,inklusive,asking,1,1.0,,,,,,,,,,,soffa,soffa,image,1000.0,1.4,soffa,soffa,image,1000.0,1.4,soffa,1000.0,1.4
soffa,soffa,textilkladd,realized,1,0.974,,,,,,,,,,,soffa,soffa,image,0.0,1.0,soffa,soffa,image,0.0,1.0,soffa,0.0,1.0
soffa,hornsoffa,vanster,asking,1,1.0,,,,,,soffa,soffa,prior,0.0,1.0,soffa,soffa,image,0.0,1.0,soffa,soffa,prior,0.0,1.0,soffa,0.0,1.0
soffa,soffa,loungegrupp,asking,1,0.51,,,,,,,,,,,,,,,,,,,,,soffa,0.0,1.0
soffa,soffa,hyltarp,asking,1,1.0,,,,,,soffa,soffa,prior,0.0,1.0,soffa,soffa,image,0.0,1.0,soffa,soffa,prior,0.0,1.0,soffa,0.0,1.0
soffa,soffa,sweef,asking,2,0.784,,,,,,,,,,,soffa,soffa,image,0.0,1.0,soffa,soffa,image,0.0,1.0,soffa,0.0,1.0
soffa,soffa,loungesoffa,asking,1,0.845,,,,,,,,,,,soffa,soffa,image,0.0,1.0,soffa,soffa,image,0.0,1.0,hörnsoffa,,
soffa,soffa,mio,asking,1,1.0,,,,,,,,,,,soffa,soffa,image,0.0,1.0,soffa,soffa,image,0.0,1.0,soffa,0.0,1.0
soffa,soffa,2-sits,asking,1,0.975,,,,,,,,,,,soffa,soffa,image,0.0,1.0,soffa,soffa,image,0.0,1.0,soffa,0.0,1.0
soffa,soffa,tva,asking,1,0.894,,,,,,,,,,,stol,stol,image,1550.0,0.225,stol,stol,image,1550.0,0.225,fåtölj,,
soffa,soffa,3-sits,asking,1,1.0,,,,,,,,,,,soffa,soffa,image,0.0,1.0,soffa,soffa,image,0.0,1.0,soffa,0.0,1.0
soffa,soffa,fotolj,asking,2,0.844,,,,,,,,,,,soffa,soffa,image,0.0,1.0,soffa,soffa,image,0.0,1.0,soffa,0.0,1.0
soffa,soffa,fredrik,asking,1,0.975,,,,,,stol,stol,prior,9314.0,0.0686,soffa,soffa,image,0.0,1.0,stol,stol,prior,9314.0,0.0686,soffa,0.0,1.0
soffa,soffa,rottingsoffa,asking,1,0.584,,,,,,,,,,,,,,,,,,,,,soffa,0.0,1.0
soffa,soffa,god,asking,1,0.948,,,,,,,,,,,soffa,soffa,image,0.0,1.0,soffa,soffa,image,0.0,1.0,soffa,0.0,1.0
soffa,soffa,cane-line,asking,1,0.943,,,,,,,,,,,soffa,soffa,image,0.0,1.0,soffa,soffa,image,0.0,1.0,soffa,0.0,1.0
soffa,soffa,2-sits,asking,1,0.872,,,,,,,,,,,soffa,soffa,image,0.0,1.0,soffa,soffa,image,0.0,1.0,soffa,0.0,1.0
soffa,soffa,djuphaftad,realized,1,0.664,,,,,,,,,,,,,,,,,,,,,soffa,0.0,1.0
soffa,soffa,landskrona,asking,1,0.975,,,,,,,,,,,soffa,soffa,image,0.0,1.0,soffa,soffa,image,0.0,1.0,soffa,0.0,1.0
soffa,soffa,tva,asking,1,0.975,,,,,,,,,,,soffa,soffa,image,0.0,1.0,soffa,soffa,image,0.0,1.0,soffa,0.0,1.0
soffa,soffa,copenhagen,asking,1,0.824,,,,,,,,,,,soffa,soffa,image,0.0,1.0,soffa,soffa,image,0.0,1.0,hörnsoffa,,
soffa,soffa,trasoffa,asking,1,0.975,,,,,,,,,,,soffa,soffa,image,0.0,1.0,soffa,soffa,image,0.0,1.0,soffa,0.0,1.0
soffa,soffa,bruno,asking,1,0.918,,,,,,,,,,,soffa,soffa,image,0.0,1.0,soffa,soffa,image,0.0,1.0,soffa,0.0,1.0
soffa,soffa,madison,asking,1,0.951,,,,,,,,,,,soffa,soffa,image,0.0,1.0,soffa,soffa,image,0.0,1.0,soffa,0.0,1.0
soffa,soffa,jattefin,asking,1,1.0,,,,,,,,,,,soffa,soffa,image,0.0,1.0,soffa,soffa,image,0.0,1.0,soffa,0.0,1.0
soffa,soffa,samsas,realized,1,0.976,,,,,,,,,,,soffa,soffa,image,0.0,1.0,soffa,soffa,image,0.0,1.0,soffa,0.0,1.0
soffa,soffa,maste,asking,1,0.975,,,,,,soffa,soffa,prior,0.0,1.0,soffa,soffa,image,0.0,1.0,soffa,soffa,prior,0.0,1.0,soffa,0.0,1.0
soffa,soffa,maison,asking,1,1.0,,,,,,,,,,,soffa,soffa,image,0.0,1.0,soffa,soffa,image,0.0,1.0,soffa,0.0,1.0
soffa,soffa,fritz,asking,1,0.923,,,,,,stol,stol,prior,52418.0,0.03376958525345622,soffa,soffa,image,0.0,1.0,stol,stol,prior,52418.0,0.03376958525345622,soffa,0.0,1.0
soffa,hornsoffa,modernt,asking,1,1.0,,,,,,,,,,,soffa,soffa,image,,,soffa,soffa,image,,,soffa,,
soffa,soffa,mio-soffa,asking,1,1.0,,,,,,,,,,,soffa,soffa,image,0.0,1.0,soffa,soffa,image,0.0,1.0,soffa,0.0,1.0
soffa,soffa,nevada,asking,1,1.0,,,,,,soffa,soffa,prior,0.0,1.0,soffa,soffa,image,0.0,1.0,soffa,soffa,prior,0.0,1.0,soffa,0.0,1.0
soffa,soffa,bred,asking,1,0.849,,,,,,,,,,,soffa,soffa,image,0.0,1.0,soffa,soffa,image,0.0,1.0,soffa,0.0,1.0
soffa,soffa,rowico,asking,1,0.898,,,,,,,,,,,soffa,soffa,image,0.0,1.0,soffa,soffa,image,0.0,1.0,soffa,0.0,1.0
soffa,soffa,nyrokoko,realized,1,0.612,,,,,,,,,,,,,,,,,,,,,okänd,,
soffa,hornsoffa,vandbar,asking,1,0.583,,,,,,,,,,,,,,,,,,,,,soffa,2000.0,0.6
soffa,soffa,kokssoffa,asking,1,0.876,,,,,,,,,,,soffa,soffa,image,0.0,1.0,soffa,soffa,image,0.0,1.0,soffa,0.0,1.0
soffa,soffa,sweef,asking,1,0.975,,,,,,,,,,,soffa,soffa,image,0.0,1.0,soffa,soffa,image,0.0,1.0,soffa,0.0,1.0
soffa,soffa,rokokostil,realized,1,0.958,,,,,,,,,,,soffa,soffa,image,0.0,1.0,soffa,soffa,image,0.0,1.0,okänd,,
soffa,soffa,sweef,asking,1,1.0,,,,,,,,,,,soffa,soffa,image,0.0,1.0,soffa,soffa,image,0.0,1.0,soffa,0.0,1.0
soffa,soffa,vinrod,asking,1,0.61,,,,,,,,,,,,,,,,,,,,,soffa,0.0,1.0
soffa,soffa,nyskick,asking,1,0.826,,,,,,,,,,,soffa,soffa,image,0.0,1.0,soffa,soffa,image,0.0,1.0,soffa,0.0,1.0
soffa,soffa,recliner,asking,1,0.499,,,,,,,,,,,,,,,,,,,,,soffa,0.0,1.0
soffa,soffa,parup,asking,1,1.0,,,,,,soffa,soffa,prior,0.0,1.0,soffa,soffa,image,0.0,1.0,soffa,soffa,prior,0.0,1.0,soffa,0.0,1.0
soffa,soffa,trademax,asking,1,0.975,,,,,,,,,,,soffa,soffa,image,0.0,1.0,soffa,soffa,image,0.0,1.0,soffa,0.0,1.0
soffa,soffa,soderhamn,asking,1,0.788,,,,,,soffa,soffa,prior,0.0,1.0,soffa,soffa,image,0.0,1.0,soffa,soffa,prior,0.0,1.0,soffa,0.0,1.0
soffa,soffa,mio,asking,1,0.976,,,,,,,,,,,soffa,soffa,image,0.0,1.0,soffa,soffa,image,0.0,1.0,soffa,0.0,1.0
soffa,soffa,klassisk,asking,1,0.652,,,,,,,,,,,,,,,,,,,,,soffa,0.0,1.0
soffa,soffa,mio,asking,1,0.976,,,,,,,,,,,soffa,soffa,image,0.0,1.0,soffa,soffa,image,0.0,1.0,soffa,0.0,1.0
soffa,soffa,eilersen,asking,1,0.975,,,,,,soffa,soffa,prior,0.0,1.0,soffa,soffa,image,0.0,1.0,soffa,soffa,prior,0.0,1.0,soffa,0.0,1.0
soffa,soffa,teddy,asking,1,1.0,,,,,,,,,,,soffa,soffa,image,0.0,1.0,soffa,soffa,image,0.0,1.0,soffa,0.0,1.0
soffa,soffa,friheten,asking,1,1.0,,,,,,soffa,soffa,prior,0.0,1.0,soffa,soffa,image,0.0,1.0,soffa,soffa,prior,0.0,1.0,soffa,0.0,1.0
soffa,soffa,seat,asking,1,0.975,,,,,,,,,,,soffa,soffa,image,0.0,1.0,soffa,soffa,image,0.0,1.0,soffa,0.0,1.0
soffa,soffa,trasoffa,asking,3,0.49,,,,,,,,,,,,,,,,,,,,,soffa,0.0,1.0
soffa,soffa,severins,asking,1,0.817,,,,,,,,,,,soffa,soffa,image,0.0,1.0,soffa,soffa,image,0.0,1.0,soffa,0.0,1.0
soffa,soffa,oxford,asking,1,0.924,,,,,,soffa,soffa,prior,0.0,1.0,soffa,soffa,image,0.0,1.0,soffa,soffa,prior,0.0,1.0,soffa,0.0,1.0
soffa,soffa,howardmodell,asking,1,1.0,,,,,,,,,,,soffa,soffa,image,0.0,1.0,soffa,soffa,image,0.0,1.0,soffa,0.0,1.0
soffa,soffa,smide,asking,1,0.824,,,,,,,,,,,stol,stol,image,1475.0,0.2625,stol,stol,image,1475.0,0.2625,stol,1475.0,0.2625
soffa,soffa,mora,asking,1,0.344,,,,,,,,,,,,,,,,,,,,,okänd,,
soffa,soffa,stressless,asking,1,0.573,,,,,,stol,stol,prior,7250.0,0.14705882352941177,,,,,,stol,stol,prior,7250.0,0.14705882352941177,soffa,0.0,1.0
soffa,soffa,kave,asking,1,0.865,,,,,,,,,,,soffa,soffa,image,0.0,1.0,soffa,soffa,image,0.0,1.0,soffa,0.0,1.0
soffa,hornsoffa,mio,asking,1,1.0,,,,,,,,,,,soffa,soffa,image,100.0,1.0294117647058822,soffa,soffa,image,100.0,1.0294117647058822,soffa,100.0,1.0294117647058822
soffa,soffa,kokssoffa,asking,1,0.867,,,,,,,,,,,soffa,soffa,image,0.0,1.0,soffa,soffa,image,0.0,1.0,soffa,0.0,1.0
soffa,hornsoffa,nyans,asking,1,0.551,,,,,,soffa,soffa,prior,,,,,,,,soffa,soffa,prior,,,bord,,
soffa,soffa,fastmanssoffa,realized,1,0.84,,,,,,,,,,,soffa,soffa,image,0.0,1.0,soffa,soffa,image,0.0,1.0,soffa,0.0,1.0
soffa,soffa,stalands,asking,1,1.0,,,,,,,,,,,soffa,soffa,image,0.0,1.0,soffa,soffa,image,0.0,1.0,soffa,0.0,1.0
soffa,baddsoffa,tva,asking,1,1.0,,,,,,,,,,,soffa,soffa,image,0.0,1.0,soffa,soffa,image,0.0,1.0,soffa,0.0,1.0
soffa,hornsoffa,soderhamn,asking,1,0.973,,,,,,soffa,soffa,prior,0.0,1.0,soffa,soffa,image,0.0,1.0,soffa,soffa,prior,0.0,1.0,soffa,0.0,1.0
soffa,soffa,skinnimitation,asking,1,0.894,,,,,,,,,,,soffa,soffa,image,0.0,1.0,soffa,soffa,image,0.0,1.0,soffa,0.0,1.0
soffa,soffa,utdragssoffa,realized,1,1.0,,,,,,,,,,,soffa,soffa,image,0.0,1.0,soffa,soffa,image,0.0,1.0,soffa,0.0,1.0
soffa,soffa,jotex,asking,1,0.796,,,,,,,,,,,soffa,soffa,image,0.0,1.0,soffa,soffa,image,0.0,1.0,soffa,0.0,1.0
soffa,soffa,klippan,asking,1,1.0,,,,,,soffa,soffa,prior,0.0,1.0,soffa,soffa,image,0.0,1.0,soffa,soffa,prior,0.0,1.0,soffa,0.0,1.0
soffa,soffa,egense,asking,1,1.0,,,,,,,,,,,soffa,soffa,image,0.0,1.0,soffa,soffa,image,0.0,1.0,soffa,0.0,1.0
soffa,soffa,kokssoffa,realized,1,0.975,,,,,,,,,,,soffa,soffa,image,0.0,1.0,soffa,soffa,image,0.0,1.0,soffa,0.0,1.0
soffa,soffa,sett,asking,1,0.927,,,,,,,,,,,soffa,soffa,image,0.0,1.0,soffa,soffa,image,0.0,1.0,soffa,0.0,1.0
soffa,soffa,palermo,asking,1,0.948,,,,,,,,,,,soffa,soffa,image,0.0,1.0,soffa,soffa,image,0.0,1.0,soffa,0.0,1.0
soffa,soffa,sweef,asking,1,1.0,,,,,,,,,,,soffa,soffa,image,0.0,1.0,soffa,soffa,image,0.0,1.0,soffa,0.0,1.0
soffa,soffa,samsas,realized,1,0.949,,,,,,,,,,,soffa,soffa,image,0.0,1.0,soffa,soffa,image,0.0,1.0,soffa,0.0,1.0
soffa,soffa,mio,asking,1,1.0,,,,,,,,,,,soffa,soffa,image,0.0,1.0,soffa,soffa,image,0.0,1.0,soffa,0.0,1.0
soffa,baddsoffa,jugendstil,asking,1,1.0,,,,,,,,,,,soffa,soffa,image,,,soffa,soffa,image,,,soffa,,
soffa,soffa,bellus,asking,1,0.951,,,,,,soffa,soffa,prior,0.0,1.0,soffa,soffa,image,0.0,1.0,soffa,soffa,prior,0.0,1.0,hörnsoffa,,
soffa,soffa,coffee,realized,2,0.975,,,,,,,,,,,soffa,soffa,image,0.0,1.0,soffa,soffa,image,0.0,1.0,soffa,0.0,1.0
soffa,soffa,grupp,asking,1,0.836,,,,,,,,,,,stol,stol,image,3999.0,0.20004000800160032,stol,stol,image,3999.0,0.20004000800160032,fåtölj,,
soffa,soffa,mio,asking,1,0.849,,,,,,,,,,,soffa,soffa,image,0.0,1.0,soffa,soffa,image,0.0,1.0,soffa,0.0,1.0
soffa,soffa,utemobel,asking,1,0.862,,,,,,,,,,,soffa,soffa,image,0.0,1.0,soffa,soffa,image,0.0,1.0,soffa,0.0,1.0
soffa,soffa,mio,asking,1,0.724,,,,,,,,,,,soffa,soffa,image,0.0,1.0,soffa,soffa,image,0.0,1.0,soffa,0.0,1.0
soffa,baddsoffa,kladsel,asking,1,1.0,,,,,,,,,,,soffa,soffa,image,100.0,1.1111111111111112,soffa,soffa,image,100.0,1.1111111111111112,soffa,100.0,1.1111111111111112
soffa,baddsoffa,friheten,asking,1,0.975,,,,,,soffa,soffa,prior,200.0,0.9130434782608695,soffa,soffa,image,200.0,0.9130434782608695,soffa,soffa,prior,200.0,0.9130434782608695,soffa,200.0,0.9130434782608695
soffa,hornsoffa,soderhamn,asking,1,0.745,,,,,,soffa,soffa,prior,0.0,1.0,soffa,soffa,image,0.0,1.0,soffa,soffa,prior,0.0,1.0,soffa,0.0,1.0
soffa,soffa,klippan,asking,1,0.975,,,,,,soffa,soffa,prior,0.0,1.0,soffa,soffa,image,0.0,1.0,soffa,soffa,prior,0.0,1.0,soffa,0.0,1.0
soffa,soffa,sits-soffa,asking,1,0.555,,,,,,,,,,,,,,,,,,,,,fåtölj,,
soffa,soffa,natt,asking,1,0.75,,,,,,,,,,,soffa,soffa,image,0.0,1.0,soffa,soffa,image,0.0,1.0,soffa,0.0,1.0
soffa,soffa,havsten,asking,1,0.945,,,,,,,,,,,soffa,soffa,image,0.0,1.0,soffa,soffa,image,0.0,1.0,soffa,0.0,1.0
soffa,soffa,klassisk,asking,1,0.869,,,,,,,,,,,bord,bord,image,2621.0,0.1806814629571741,bord,bord,image,2621.0,0.1806814629571741,matgrupp,2311.5,0.2774304470146921
soffa,soffa,soderhamn,asking,1,1.0,,,,,,soffa,soffa,prior,0.0,1.0,soffa,soffa,image,0.0,1.0,soffa,soffa,prior,0.0,1.0,soffa,0.0,1.0
soffa,soffa,stalands,asking,1,1.0,,,,,,,,,,,soffa,soffa,image,0.0,1.0,soffa,soffa,image,0.0,1.0,soffa,0.0,1.0
soffa,soffa,utesoffa,asking,1,0.884,,,,,,,,,,,soffa,soffa,image,0.0,1.0,soffa,soffa,image,0.0,1.0,soffa,0.0,1.0
soffa,baddsoffa,friheten,asking,1,1.0,,,,,,soffa,soffa,prior,225.0,0.9032258064516129,soffa,soffa,image,225.0,0.9032258064516129,soffa,soffa,prior,225.0,0.9032258064516129,soffa,225.0,0.9032258064516129
soffa,soffa,chesterfield,asking,1,0.874,,,,,,,,,,,soffa,soffa,image,0.0,1.0,soffa,soffa,image,0.0,1.0,soffa,0.0,1.0
soffa,soffa,sweef,asking,1,1.0,,,,,,,,,,,soffa,soffa,image,0.0,1.0,soffa,soffa,image,0.0,1.0,soffa,0.0,1.0
soffa,soffa,jysk,asking,1,0.974,,,,,,,,,,,soffa,soffa,image,0.0,1.0,soffa,soffa,image,0.0,1.0,soffa,0.0,1.0
soffa,soffa,andrew,asking,1,0.872,,,,,,,,,,,soffa,soffa,image,0.0,1.0,soffa,soffa,image,0.0,1.0,soffa,0.0,1.0
soffa,soffa,chippendale-stil,realized,1,0.975,,,,,,,,,,,soffa,soffa,image,0.0,1.0,soffa,soffa,image,0.0,1.0,soffa,0.0,1.0
soffa,soffa,trasoffa,asking,1,0.95,,,,,,,,,,,soffa,soffa,image,0.0,1.0,soffa,soffa,image,0.0,1.0,soffa,0.0,1.0
soffa,soffa,stalands,asking,1,1.0,,,,,,,,,,,soffa,soffa,image,0.0,1.0,soffa,soffa,image,0.0,1.0,soffa,0.0,1.0
soffa,soffa,tvasits,realized,1,1.0,soffa,soffa,text,0.0,1.0,soffa,soffa,text,0.0,1.0,soffa,soffa,image,0.0,1.0,soffa,soffa,text,0.0,1.0,soffa,0.0,1.0
soffa,soffa,nevada,asking,1,1.0,,,,,,,,,,,soffa,soffa,image,0.0,1.0,soffa,soffa,image,0.0,1.0,soffa,0.0,1.0
soffa,soffa,havsten,asking,1,0.944,,,,,,,,,,,soffa,soffa,image,0.0,1.0,soffa,soffa,image,0.0,1.0,soffa,0.0,1.0
soffa,hornsoffa,intex,asking,1,0.0,,,,,,,,,,,,,,,,,,,,,,,
soffa,soffa,mio,asking,1,0.975,,,,,,,,,,,soffa,soffa,image,0.0,1.0,soffa,soffa,image,0.0,1.0,soffa,0.0,1.0
soffa,soffa,skinnsoffa,asking,1,0.59,,,,,,,,,,,,,,,,,,,,,fåtölj,,
soffa,soffa,arne,asking,1,0.528,,,,,,,,,,,,,,,,,,,,,fåtölj,,
soffa,soffa,allmoge,asking,1,1.0,,,,,,,,,,,soffa,soffa,image,0.0,1.0,soffa,soffa,image,0.0,1.0,soffa,0.0,1.0
soffa,soffa,harper,asking,1,0.925,,,,,,,,,,,soffa,soffa,image,0.0,1.0,soffa,soffa,image,0.0,1.0,soffa,0.0,1.0
soffa,hornsoffa,mio,asking,1,1.0,,,,,,,,,,,soffa,soffa,image,100.0,1.0294117647058822,soffa,soffa,image,100.0,1.0294117647058822,soffa,100.0,1.0294117647058822
soffa,soffa,italiensk,asking,1,1.0,,,,,,,,,,,soffa,soffa,image,0.0,1.0,soffa,soffa,image,0.0,1.0,soffa,0.0,1.0
soffa,soffa,samsas,realized,1,0.977,,,,,,,,,,,soffa,soffa,image,0.0,1.0,soffa,soffa,image,0.0,1.0,soffa,0.0,1.0
soffa,baddsoffa,bjornen,asking,1,1.0,,,,,,,,,,,soffa,soffa,image,0.0,1.0,soffa,soffa,image,0.0,1.0,soffa,0.0,1.0
soffa,soffa,salj,asking,1,1.0,,,,,,soffa,soffa,prior,0.0,1.0,soffa,soffa,image,0.0,1.0,soffa,soffa,prior,0.0,1.0,soffa,0.0,1.0
soffa,baddsoffa,friheten,asking,1,1.0,,,,,,soffa,soffa,prior,200.0,0.9130434782608695,soffa,soffa,image,200.0,0.9130434782608695,soffa,soffa,prior,200.0,0.9130434782608695,soffa,200.0,0.9130434782608695
soffa,soffa,3-sitts,asking,1,1.0,,,,,,,,,,,soffa,soffa,image,0.0,1.0,soffa,soffa,image,0.0,1.0,soffa,0.0,1.0
soffa,soffa,3-sitts,asking,1,1.0,,,,,,,,,,,soffa,soffa,image,0.0,1.0,soffa,soffa,image,0.0,1.0,soffa,0.0,1.0
soffa,soffa,samsas,realized,1,0.924,,,,,,,,,,,soffa,soffa,image,0.0,1.0,soffa,soffa,image,0.0,1.0,soffa,0.0,1.0
soffa,baddsoffa,forvaring,asking,1,1.0,,,,,,,,,,,soffa,soffa,image,990.0,0.6024096385542169,soffa,soffa,image,990.0,0.6024096385542169,hörnsoffa,,
soffa,soffa,eilersen,asking,1,1.0,,,,,,,,,,,soffa,soffa,image,0.0,1.0,soffa,soffa,image,0.0,1.0,soffa,0.0,1.0
soffa,soffa,gammaldags,asking,1,0.946,,,,,,,,,,,soffa,soffa,image,0.0,1.0,soffa,soffa,image,0.0,1.0,soffa,0.0,1.0
soffa,soffa,ellos,asking,1,0.975,,,,,,,,,,,soffa,soffa,image,0.0,1.0,soffa,soffa,image,0.0,1.0,soffa,0.0,1.0
soffa,soffa,vanster,asking,1,1.0,,,,,,,,,,,soffa,soffa,image,0.0,1.0,soffa,soffa,image,0.0,1.0,soffa,0.0,1.0
soffa,soffa,modern,asking,1,1.0,,,,,,,,,,,soffa,soffa,image,0.0,1.0,soffa,soffa,image,0.0,1.0,soffa,0.0,1.0
soffa,soffa,glostad,asking,1,0.975,,,,,,soffa,soffa,prior,0.0,1.0,soffa,soffa,image,0.0,1.0,soffa,soffa,prior,0.0,1.0,soffa,0.0,1.0
soffa,soffa,3-sits,asking,1,1.0,,,,,,,,,,,soffa,soffa,image,0.0,1.0,soffa,soffa,image,0.0,1.0,soffa,0.0,1.0
soffa,soffa,kokssoffa,asking,7,0.827,,,,,,,,,,,soffa,soffa,image,0.0,1.0,soffa,soffa,image,0.0,1.0,bäddsoffa,,
soffa,soffa,mio,asking,1,1.0,,,,,,,,,,,soffa,soffa,image,0.0,1.0,soffa,soffa,image,0.0,1.0,soffa,0.0,1.0
soffa,soffa,sitts,asking,1,0.973,,,,,,,,,,,soffa,soffa,image,0.0,1.0,soffa,soffa,image,0.0,1.0,soffa,0.0,1.0
soffa,soffa,2-sits,asking,1,0.95,,,,,,,,,,,soffa,soffa,image,0.0,1.0,soffa,soffa,image,0.0,1.0,soffa,0.0,1.0
soffa,soffa,mio,asking,1,0.446,,,,,,,,,,,,,,,,,,,,,fåtölj,,
soffa,soffa,fotolj,asking,1,0.817,,,,,,,,,,,soffa,soffa,image,0.0,1.0,soffa,soffa,image,0.0,1.0,soffa,0.0,1.0
soffa,soffa,bada,asking,1,0.452,,,,,,soffa,soffa,prior,0.0,1.0,,,,,,soffa,soffa,prior,0.0,1.0,bord,1700.0,0.15
soffa,soffa,kokssoffa,asking,1,0.576,,,,,,,,,,,,,,,,,,,,,soffa,0.0,1.0
soffa,hornsoffa,manchester,asking,2,0.975,,,,,,,,,,,soffa,soffa,image,500.0,0.9230769230769231,soffa,soffa,image,500.0,0.9230769230769231,soffa,500.0,0.9230769230769231
soffa,soffa,visingso,realized,1,0.951,,,,,,,,,,,soffa,soffa,image,0.0,1.0,soffa,soffa,image,0.0,1.0,soffa,0.0,1.0
soffa,soffa,ektorp,asking,1,0.975,,,,,,soffa,soffa,prior,0.0,1.0,soffa,soffa,image,0.0,1.0,soffa,soffa,prior,0.0,1.0,soffa,0.0,1.0
soffa,baddsoffa,nastan,asking,1,0.974,,,,,,,,,,,soffa,soffa,image,2000.0,1.5714285714285714,soffa,soffa,image,2000.0,1.5714285714285714,soffa,2000.0,1.5714285714285714
soffa,soffa,kivik,asking,1,0.565,,,,,,soffa,soffa,prior,0.0,1.0,,,,,,soffa,soffa,prior,0.0,1.0,hörnsoffa,,
soffa,soffa,2-sits,asking,1,1.0,,,,,,,,,,,soffa,soffa,image,0.0,1.0,soffa,soffa,image,0.0,1.0,soffa,0.0,1.0
soffa,soffa,maddison,asking,1,1.0,,,,,,,,,,,soffa,soffa,image,0.0,1.0,soffa,soffa,image,0.0,1.0,soffa,0.0,1.0
soffa,soffa,chesterfield,asking,1,0.869,,,,,,,,,,,soffa,soffa,image,0.0,1.0,soffa,soffa,image,0.0,1.0,soffa,0.0,1.0
soffa,soffa,oxford,asking,1,0.687,,,,,,,,,,,,,,,,,,,,,soffa,0.0,1.0
soffa,soffa,byarum,asking,1,0.252,,,,,,,,,,,,,,,,,,,,,okänd,,
soffa,soffa,soderhamn,asking,1,1.0,,,,,,,,,,,soffa,soffa,image,0.0,1.0,soffa,soffa,image,0.0,1.0,soffa,0.0,1.0
soffa,baddsoffa,utdragbar,asking,1,1.0,,,,,,,,,,,soffa,soffa,image,140.0,0.8727272727272727,soffa,soffa,image,140.0,0.8727272727272727,soffa,140.0,0.8727272727272727
soffa,soffa,oxford,asking,1,0.485,,,,,,,,,,,,,,,,,,,,,soffa,0.0,1.0
soffa,soffa,mio,asking,1,1.0,,,,,,,,,,,soffa,soffa,image,0.0,1.0,soffa,soffa,image,0.0,1.0,soffa,0.0,1.0
soffa,soffa,ektorp,asking,1,0.381,,,,,,soffa,soffa,prior,0.0,1.0,,,,,,soffa,soffa,prior,0.0,1.0,hörnsoffa,,
soffa,soffa,textilkladd,realized,1,1.0,,,,,,,,,,,soffa,soffa,image,0.0,1.0,soffa,soffa,image,0.0,1.0,soffa,0.0,1.0
soffa,soffa,petito,asking,1,1.0,,,,,,soffa,soffa,prior,0.0,1.0,soffa,soffa,image,0.0,1.0,soffa,soffa,prior,0.0,1.0,soffa,0.0,1.0
soffa,soffa,boconcept,asking,1,1.0,,,,,,,,,,,soffa,soffa,image,0.0,1.0,soffa,soffa,image,0.0,1.0,soffa,0.0,1.0
soffa,soffa,2-sits,asking,1,1.0,,,,,,,,,,,soffa,soffa,image,0.0,1.0,soffa,soffa,image,0.0,1.0,soffa,0.0,1.0
soffa,soffa,flexibel,asking,1,0.865,,,,,,,,,,,stol,stol,image,3050.0,0.22784810126582278,stol,stol,image,3050.0,0.22784810126582278,stol,3050.0,0.22784810126582278
soffa,soffa,mio,asking,2,0.975,,,,,,,,,,,soffa,soffa,image,0.0,1.0,soffa,soffa,image,0.0,1.0,soffa,0.0,1.0
soffa,soffa,gustaviansk,asking,1,0.816,,,,,,,,,,,bord,bord,image,500.0,0.6666666666666666,bord,bord,image,500.0,0.6666666666666666,matgrupp,600.0,0.6
soffa,hornsoffa,stilren,asking,1,1.0,,,,,,,,,,,soffa,soffa,image,600.0,0.85,soffa,soffa,image,600.0,0.85,soffa,600.0,0.85
soffa,soffa,tvasitsig,asking,1,0.875,soffa,soffa,text,0.0,1.0,soffa,soffa,text,0.0,1.0,soffa,soffa,image,0.0,1.0,soffa,soffa,text,0.0,1.0,soffa,0.0,1.0
soffa,soffa,anvand,asking,1,1.0,,,,,,,,,,,soffa,soffa,image,0.0,1.0,soffa,soffa,image,0.0,1.0,soffa,0.0,1.0
soffa,soffa,hjort,asking,1,0.776,,,,,,,,,,,soffa,soffa,image,0.0,1.0,soffa,soffa,image,0.0,1.0,soffa,0.0,1.0
soffa,soffa,sater,asking,1,0.975,,,,,,,,,,,soffa,soffa,image,0.0,1.0,soffa,soffa,image,0.0,1.0,soffa,0.0,1.0
soffa,hornsoffa,grande,asking,1,0.85,,,,,,soffa,soffa,prior,,,soffa,soffa,image,,,soffa,soffa,prior,,,soffa,,
soffa,soffa,bridge,asking,1,0.949,,,,,,,,,,,soffa,soffa,image,0.0,1.0,soffa,soffa,image,0.0,1.0,soffa,0.0,1.0
soffa,baddsoffa,alvdalen,asking,1,0.973,,,,,,soffa,soffa,prior,200.0,0.8666666666666667,soffa,soffa,image,200.0,0.8666666666666667,soffa,soffa,prior,200.0,0.8666666666666667,soffa,200.0,0.8666666666666667
soffa,soffa,kivik,asking,1,1.0,,,,,,soffa,soffa,prior,0.0,1.0,soffa,soffa,image,0.0,1.0,soffa,soffa,prior,0.0,1.0,soffa,0.0,1.0
soffa,soffa,exklusiv,asking,1,0.821,,,,,,,,,,,soffa,soffa,image,0.0,1.0,soffa,soffa,image,0.0,1.0,soffa,0.0,1.0
soffa,soffa,outline,realized,1,1.0,,,,,,,,,,,soffa,soffa,image,0.0,1.0,soffa,soffa,image,0.0,1.0,soffa,0.0,1.0
soffa,soffa,oxford,asking,1,1.0,,,,,,,,,,,soffa,soffa,image,0.0,1.0,soffa,soffa,image,0.0,1.0,soffa,0.0,1.0
soffa,soffa,sittssoffa,asking,1,0.973,,,,,,,,,,,soffa,soffa,image,0.0,1.0,soffa,soffa,image,0.0,1.0,soffa,0.0,1.0
soffa,soffa,madison,asking,1,1.0,,,,,,,,,,,soffa,soffa,image,0.0,1.0,soffa,soffa,image,0.0,1.0,soffa,0.0,1.0
soffa,soffa,bekvam,asking,1,1.0,,,,,,,,,,,soffa,soffa,image,0.0,1.0,soffa,soffa,image,0.0,1.0,hörnsoffa,,
soffa,hornsoffa,mellanbrun,asking,1,1.0,,,,,,soffa,soffa,prior,,,soffa,soffa,image,,,soffa,soffa,prior,,,hörnsoffa,,
soffa,soffa,4-sits,asking,1,0.949,,,,,,,,,,,soffa,soffa,image,0.0,1.0,soffa,soffa,image,0.0,1.0,soffa,0.0,1.0
soffa,soffa,svangd,asking,1,0.975,,,,,,soffa,soffa,prior,0.0,1.0,soffa,soffa,image,0.0,1.0,soffa,soffa,prior,0.0,1.0,soffa,0.0,1.0
soffa,soffa,fyra,realized,1,0.855,,,,,,,,,,,soffa,soffa,image,0.0,1.0,soffa,soffa,image,0.0,1.0,okänd,,
soffa,soffa,mio,asking,1,1.0,,,,,,,,,,,soffa,soffa,image,0.0,1.0,soffa,soffa,image,0.0,1.0,soffa,0.0,1.0
soffa,soffa,sitts,asking,1,1.0,,,,,,,,,,,soffa,soffa,image,0.0,1.0,soffa,soffa,image,0.0,1.0,soffa,0.0,1.0
soffa,soffa,70-tals,asking,1,0.975,,,,,,,,,,,soffa,soffa,image,0.0,1.0,soffa,soffa,image,0.0,1.0,soffa,0.0,1.0
soffa,soffa,skinnsoffa,asking,1,1.0,,,,,,,,,,,soffa,soffa,image,0.0,1.0,soffa,soffa,image,0.0,1.0,soffa,0.0,1.0
soffa,soffa,runda,realized,2,0.974,,,,,,,,,,,soffa,soffa,image,0.0,1.0,soffa,soffa,image,0.0,1.0,soffa,0.0,1.0
soffa,soffa,3-sits,asking,1,1.0,,,,,,,,,,,soffa,soffa,image,0.0,1.0,soffa,soffa,image,0.0,1.0,soffa,0.0,1.0
soffa,soffa,eilersen,asking,1,1.0,,,,,,,,,,,soffa,soffa,image,0.0,1.0,soffa,soffa,image,0.0,1.0,soffa,0.0,1.0
soffa,soffa,saljes,asking,1,1.0,,,,,,,,,,,soffa,soffa,image,0.0,1.0,soffa,soffa,image,0.0,1.0,soffa,0.0,1.0
soffa,soffa,gustaviansk,realized,1,0.899,,,,,,,,,,,soffa,soffa,image,0.0,1.0,soffa,soffa,image,0.0,1.0,soffa,0.0,1.0
soffa,soffa,tradetaljer,asking,1,1.0,,,,,,,,,,,soffa,soffa,image,0.0,1.0,soffa,soffa,image,0.0,1.0,soffa,0.0,1.0
soffa,soffa,fantastiska,asking,1,0.745,,,,,,,,,,,soffa,soffa,image,0.0,1.0,soffa,soffa,image,0.0,1.0,soffa,0.0,1.0
soffa,soffa,barcelona,realized,1,0.789,,,,,,,,,,,soffa,soffa,image,0.0,1.0,soffa,soffa,image,0.0,1.0,soffa,0.0,1.0
soffa,soffa,saljes,asking,1,1.0,,,,,,,,,,,soffa,soffa,image,0.0,1.0,soffa,soffa,image,0.0,1.0,soffa,0.0,1.0
soffa,soffa,fallbank,realized,1,0.975,,,,,,,,,,,soffa,soffa,image,0.0,1.0,soffa,soffa,image,0.0,1.0,soffa,0.0,1.0
soffa,soffa,stalands,asking,1,0.874,,,,,,,,,,,soffa,soffa,image,0.0,1.0,soffa,soffa,image,0.0,1.0,soffa,0.0,1.0
soffa,soffa,klippan,asking,1,0.975,,,,,,soffa,soffa,prior,0.0,1.0,soffa,soffa,image,0.0,1.0,soffa,soffa,prior,0.0,1.0,soffa,0.0,1.0
soffa,soffa,kivik,asking,1,0.975,,,,,,soffa,soffa,prior,0.0,1.0,soffa,soffa,image,0.0,1.0,soffa,soffa,prior,0.0,1.0,soffa,0.0,1.0
soffa,soffa,nammaro,asking,1,0.889,,,,,,,,,,,soffa,soffa,image,0.0,1.0,soffa,soffa,image,0.0,1.0,soffa,0.0,1.0
soffa,soffa,soderhamn,asking,1,1.0,,,,,,soffa,soffa,prior,0.0,1.0,soffa,soffa,image,0.0,1.0,soffa,soffa,prior,0.0,1.0,soffa,0.0,1.0
soffa,baddsoffa,chilli,asking,1,0.846,,,,,,,,,,,soffa,soffa,image,500.0,1.1666666666666667,soffa,soffa,image,500.0,1.1666666666666667,hörnsoffa,,
soffa,soffa,menard,asking,1,1.0,,,,,,,,,,,soffa,soffa,image,0.0,1.0,soffa,soffa,image,0.0,1.0,soffa,0.0,1.0
soffa,soffa,bolia,asking,1,1.0,,,,,,,,,,,soffa,soffa,image,0.0,1.0,soffa,soffa,image,0.0,1.0,soffa,0.0,1.0
soffa,baddsoffa,forvaring,asking,1,1.0,,,,,,,,,,,soffa,soffa,image,900.0,0.625,soffa,soffa,image,900.0,0.625,hörnsoffa,,
soffa,soffa,plysch,asking,1,0.974,,,,,,,,,,,soffa,soffa,image,0.0,1.0,soffa,soffa,image,0.0,1.0,soffa,0.0,1.0
soffa,soffa,fem,realized,1,0.519,,,,,,,,,,,,,,,,,,,,,soffa,0.0,1.0
soffa,soffa,soderhamn,asking,1,0.45,,,,,,soffa,soffa,prior,0.0,1.0,,,,,,soffa,soffa,prior,0.0,1.0,säng,,
soffa,soffa,ektorp,asking,1,0.925,,,,,,soffa,soffa,prior,0.0,1.0,soffa,soffa,image,0.0,1.0,soffa,soffa,prior,0.0,1.0,soffa,0.0,1.0
soffa,soffa,bright,asking,1,1.0,,,,,,,,,,,soffa,soffa,image,0.0,1.0,soffa,soffa,image,0.0,1.0,soffa,0.0,1.0
soffa,soffa,englesson,asking,1,0.777,,,,,,,,,,,soffa,soffa,image,0.0,1.0,soffa,soffa,image,0.0,1.0,soffa,0.0,1.0
soffa,soffa,recliner,asking,1,0.975,,,,,,,,,,,soffa,soffa,image,0.0,1.0,soffa,soffa,image,0.0,1.0,soffa,0.0,1.0
soffa,soffa,exklusiv,asking,1,1.0,,,,,,,,,,,soffa,soffa,image,0.0,1.0,soffa,soffa,image,0.0,1.0,soffa,0.0,1.0
soffa,soffa,klippan,asking,1,0.947,,,,,,soffa,soffa,prior,0.0,1.0,soffa,soffa,image,0.0,1.0,soffa,soffa,prior,0.0,1.0,soffa,0.0,1.0
soffa,soffa,saljes,asking,1,0.975,,,,,,,,,,,soffa,soffa,image,0.0,1.0,soffa,soffa,image,0.0,1.0,soffa,0.0,1.0
soffa,soffa,exklusiv,asking,1,1.0,,,,,,,,,,,soffa,soffa,image,0.0,1.0,soffa,soffa,image,0.0,1.0,soffa,0.0,1.0
soffa,soffa,trasoffa,asking,1,0.79,,,,,,,,,,,soffa,soffa,image,0.0,1.0,soffa,soffa,image,0.0,1.0,soffa,0.0,1.0
soffa,soffa,orange,asking,1,0.842,,,,,,,,,,,soffa,soffa,image,0.0,1.0,soffa,soffa,image,0.0,1.0,soffa,0.0,1.0
soffa,soffa,klippan,asking,2,0.976,,,,,,soffa,soffa,prior,0.0,1.0,soffa,soffa,image,0.0,1.0,soffa,soffa,prior,0.0,1.0,soffa,0.0,1.0
soffa,soffa,dahlqvist,realized,1,1.0,,,,,,,,,,,soffa,soffa,image,0.0,1.0,soffa,soffa,image,0.0,1.0,soffa,0.0,1.0
soffa,baddsoffa,gronlid,asking,1,0.891,,,,,,,,,,,soffa,soffa,image,2000.0,0.5555555555555556,soffa,soffa,image,2000.0,0.5555555555555556,soffa,2000.0,0.5555555555555556
soffa,soffa,skinnsoffa,asking,1,1.0,,,,,,,,,,,soffa,soffa,image,0.0,1.0,soffa,soffa,image,0.0,1.0,soffa,0.0,1.0
soffa,soffa,fodral,asking,1,0.948,,,,,,,,,,,soffa,soffa,image,0.0,1.0,soffa,soffa,image,0.0,1.0,soffa,0.0,1.0
soffa,soffa,morkgron,asking,1,0.975,,,,,,,,,,,soffa,soffa,image,0.0,1.0,soffa,soffa,image,0.0,1.0,soffa,0.0,1.0
soffa,soffa,byarum,asking,1,0.897,,,,,,,,,,,soffa,soffa,image,0.0,1.0,soffa,soffa,image,0.0,1.0,okänd,,
soffa,soffa,baltimore,asking,1,1.0,,,,,,soffa,soffa,prior,0.0,1.0,soffa,soffa,image,0.0,1.0,soffa,soffa,prior,0.0,1.0,soffa,0.0,1.0
spegel,spegel,spegeldorrar,asking,1,0.49,,,,,,forvaring,forvaring,prior,1050.0,2.909090909090909,,,,,,forvaring,forvaring,prior,1050.0,2.909090909090909,okänd,,
spegel,spegel,magnifik,asking,1,0.433,,,,,,,,,,,,,,,,,,,,,spegel,0.0,1.0
spegel,spegel,hallmobel,asking,1,0.449,,,,,,,,,,,,,,,,,,,,,stol,200.0,0.6666666666666666
spegel,spegel,rokoko,asking,1,0.423,,,,,,,,,,,,,,,,,,,,,fåtölj,,
spegel,spegel,85cm,asking,1,0.872,,,,,,,,,,,spegel,spegel,image,0.0,1.0,spegel,spegel,image,0.0,1.0,spegel,0.0,1.0
spegel,spegel,hallmobel,asking,1,0.877,,,,,,,,,,,forvaring,forvaring,image,100.0,1.1666666666666667,forvaring,forvaring,image,100.0,1.1666666666666667,hylla,100.0,0.8333333333333334
spegel,spegel,elegant,asking,1,0.912,,,,,,,,,,,spegel,spegel,image,0.0,1.0,spegel,spegel,image,0.0,1.0,spegel,0.0,1.0
spegel,spegel,vackra,asking,1,0.791,,,,,,forvaring,forvaring,prior,2300.0,4.285714285714286,forvaring,forvaring,image,2300.0,4.285714285714286,forvaring,forvaring,prior,2300.0,4.285714285714286,hylla,725.0,2.0357142857142856
spegel,spegel,guldspegel,asking,1,0.878,,,,,,,,,,,spegel,spegel,image,0.0,1.0,spegel,spegel,image,0.0,1.0,spegel,0.0,1.0
spegel,spegel,romantisk,asking,1,0.552,,,,,,,,,,,,,,,,,,,,,byrå,,
spegel,spegel,diameter,asking,1,0.865,,,,,,bord,bord,prior,500.0,2.0,bord,bord,image,500.0,2.0,bord,bord,prior,500.0,2.0,bord,500.0,2.0
spegel,spegel,pax,asking,1,0.476,,,,,,forvaring,forvaring,prior,750.0,2.5,,,,,,forvaring,forvaring,prior,750.0,2.5,okänd,,
spegel,spegel,gardin,asking,1,1.0,,,,,,,,,,,forvaring,forvaring,image,,,forvaring,forvaring,image,,,okänd,,
spegel,spegel,nyrokoko,asking,1,0.558,,,,,,,,,,,,,,,,,,,,,spegel,0.0,1.0
spegel,spegel,ram,asking,1,0.851,,,,,,,,,,,forvaring,forvaring,image,729.0,2.4155339805825244,forvaring,forvaring,image,729.0,2.4155339805825244,hylla,,
spegel,spegel,badrumsspegel,asking,1,0.695,,,,,,,,,,,,,,,,,,,,,hylla,,
spegel,spegel,stilren,asking,1,0.656,,,,,,,,,,,,,,,,,,,,,bord,35.0,1.07
spegel,spegel,forgylld,asking,1,0.975,,,,,,,,,,,spegel,spegel,image,0.0,1.0,spegel,spegel,image,0.0,1.0,spegel,0.0,1.0
spegel,spegel,mio,asking,1,0.936,,,,,,,,,,,forvaring,forvaring,image,422.5,1.7316017316017316,forvaring,forvaring,image,422.5,1.7316017316017316,byrå,,
spegel,spegel,nissedal,asking,1,0.833,,,,,,spegel,spegel,prior,0.0,1.0,forvaring,forvaring,image,,,spegel,spegel,prior,0.0,1.0,hylla,,
spegel,spegel,hallspegel,asking,1,0.384,,,,,,,,,,,,,,,,,,,,,okänd,,
spegel,spegel,industristil,asking,1,0.928,,,,,,,,,,,forvaring,forvaring,image,1425.0,3.4782608695652173,forvaring,forvaring,image,1425.0,3.4782608695652173,hylla,1022.5,2.7782608695652176
spegel,spegel,spegelbord,asking,1,0.595,,,,,,,,,,,,,,,,,,,,,spegel,0.0,1.0
spegel,spegel,pax,asking,1,1.0,,,,,,forvaring,forvaring,prior,750.0,2.5,forvaring,forvaring,image,750.0,2.5,forvaring,forvaring,prior,750.0,2.5,hylla,250.0,0.5
spegel,spegel,guldram,asking,1,0.378,,,,,,spegel,spegel,prior,0.0,1.0,,,,,,spegel,spegel,prior,0.0,1.0,okänd,,
spegel,spegel,paket,asking,1,0.876,,,,,,,,,,,forvaring,forvaring,image,260.0,1.3781818181818182,forvaring,forvaring,image,260.0,1.3781818181818182,hylla,37.5,0.9454545454545454
spegel,spegel,90tal,asking,1,1.0,,,,,,,,,,,forvaring,forvaring,image,,,forvaring,forvaring,image,,,hylla,,
spegel,spegel,dekorerad,asking,1,0.778,,,,,,,,,,,spegel,spegel,image,0.0,1.0,spegel,spegel,image,0.0,1.0,spegel,0.0,1.0
spegel,spegel,guldram,asking,1,0.402,,,,,,,,,,,,,,,,,,,,,spegel,0.0,1.0
spegel,spegel,charmiga,asking,1,0.694,,,,,,,,,,,,,,,,,,,,,hylla,,
spegel,spegel,jysk,asking,1,0.714,,,,,,,,,,,spegel,spegel,image,0.0,1.0,spegel,spegel,image,0.0,1.0,spegel,0.0,1.0
spegel,spegel,fardal,asking,1,0.423,,,,,,forvaring,forvaring,prior,,,,,,,,forvaring,forvaring,prior,,,okänd,,
spegel,spegel,mork,asking,1,0.596,,,,,,,,,,,,,,,,,,,,,spegel,0.0,1.0
spegel,spegel,unik,asking,1,0.657,,,,,,,,,,,,,,,,,,,,,spegel,0.0,1.0
spegel,spegel,elfa,asking,1,0.467,,,,,,forvaring,forvaring,prior,1237.5,1.8761061946902655,,,,,,forvaring,forvaring,prior,1237.5,1.8761061946902655,stol,,
spegel,spegel,allmoge,asking,1,0.753,,,,,,,,,,,spegel,spegel,image,0.0,1.0,spegel,spegel,image,0.0,1.0,spegel,0.0,1.0
spegel,spegel,spegelvagg,asking,1,0.44,,,,,,,,,,,,,,,,,,,,,spegel,0.0,1.0
spegel,spegel,eller,asking,1,0.924,,,,,,,,,,,forvaring,forvaring,image,299.5,1.427857142857143,forvaring,forvaring,image,299.5,1.427857142857143,hylla,300.0,0.5714285714285714
spegel,spegel,snidad,asking,1,0.544,,,,,,forvaring,forvaring,prior,,,,,,,,forvaring,forvaring,prior,,,okänd,,
spegel,spegel,sminkspegel,asking,1,0.502,,,,,,,,,,,,,,,,,,,,,okänd,,
spegel,spegel,enhet,asking,1,0.513,,,,,,forvaring,forvaring,prior,,,,,,,,forvaring,forvaring,prior,,,hylla,,
spegel,spegel,gustaviansk,asking,1,0.943,,,,,,,,,,,spegel,spegel,image,0.0,1.0,spegel,spegel,image,0.0,1.0,spegel,0.0,1.0
spegel,spegel,marmorskiva,asking,1,0.599,,,,,,,,,,,,,,,,,,,,,spegel,0.0,1.0
spegel,spegel,drom,asking,1,0.973,,,,,,,,,,,spegel,spegel,image,0.0,1.0,spegel,spegel,image,0.0,1.0,spegel,0.0,1.0
spegel,spegel,morkt,asking,1,0.476,,,,,,,,,,,,,,,,,,,,,bord,150.0,1.3
spegel,spegel,tva,asking,1,0.818,,,,,,,,,,,spegel,spegel,image,0.0,1.0,spegel,spegel,image,0.0,1.0,spegel,0.0,1.0
spegel,spegel,guldspegel,asking,1,0.892,,,,,,,,,,,bord,bord,image,,,bord,bord,image,,,bord,,
spegel,spegel,golvspegel,asking,1,0.923,,,,,,spegel,spegel,prior,0.0,1.0,spegel,spegel,image,0.0,1.0,spegel,spegel,prior,0.0,1.0,spegel,0.0,1.0
spegel,spegel,spegelskap,asking,1,0.691,,,,,,,,,,,,,,,,,,,,,okänd,,
spegel,spegel,sminkspegel,asking,1,0.681,,,,,,bord,bord,prior,400.0,1.6666666666666667,,,,,,bord,bord,prior,400.0,1.6666666666666667,bord,400.0,1.6666666666666667
spegel,spegel,spegelglas,asking,1,0.88,,,,,,,,,,,bord,bord,image,100.0,0.9,bord,bord,image,100.0,0.9,bord,100.0,0.9
spegel,spegel,skjutdorrar,asking,1,0.653,,,,,,forvaring,forvaring,prior,700.0,1.5384615384615385,,,,,,forvaring,forvaring,prior,700.0,1.5384615384615385,säng,,
spegel,spegel,lillangen,asking,1,0.574,,,,,,,,,,,,,,,,,,,,,bord,,
spegel,spegel,gulddetaljer,asking,1,0.623,,,,,,,,,,,,,,,,,,,,,spegel,0.0,1.0
spegel,spegel,hallmobel,asking,1,0.527,,,,,,,,,,,,,,,,,,,,,spegel,0.0,1.0
spegel,spegel,teakspegel,asking,1,0.476,,,,,,,,,,,,,,,,,,,,,spegel,0.0,1.0
spegel,spegel,sminkspegel,asking,1,0.0,,,,,,,,,,,,,,,,,,,,,,,
spegel,spegel,skjutdorrar,asking,1,0.622,,,,,,forvaring,forvaring,prior,700.0,1.5384615384615385,,,,,,forvaring,forvaring,prior,700.0,1.5384615384615385,hylla,17.0,0.9869230769230769
spegel,spegel,skjutdorrar,asking,1,0.639,,,,,,forvaring,forvaring,prior,750.0,1.6,,,,,,forvaring,forvaring,prior,750.0,1.6,hylla,17.0,0.9864
spegel,spegel,viola,asking,1,0.439,,,,,,,,,,,,,,,,,,,,,del/tillbehör,,
spegel,spegel,marmorskiva,asking,1,0.504,,,,,,,,,,,,,,,,,,,,,spegel,0.0,1.0
spegel,spegel,sminkspegel,asking,1,0.0,,,,,,,,,,,,,,,,,,,,,,,
spegel,spegel,spegelglas,asking,1,0.48,,,,,,,,,,,,,,,,,,,,,spegel,0.0,1.0
spegel,spegel,skor,asking,1,0.395,,,,,,,,,,,,,,,,,,,,,hylla,,
spegel,spegel,hallmobel,asking,1,0.851,,,,,,,,,,,forvaring,forvaring,image,100.0,1.1666666666666667,forvaring,forvaring,image,100.0,1.1666666666666667,hylla,100.0,0.8333333333333334
spegel,spegel,belysning,asking,1,0.834,,,,,,,,,,,bord,bord,image,30.0,1.0309278350515463,bord,bord,image,30.0,1.0309278350515463,bord,30.0,1.0309278350515463
spegel,spegel,silverram,asking,1,0.869,,,,,,spegel,spegel,prior,0.0,1.0,spegel,spegel,image,0.0,1.0,spegel,spegel,prior,0.0,1.0,spegel,0.0,1.0
spegel,spegel,1900-tals,asking,1,1.0,,,,,,,,,,,spegel,spegel,image,0.0,1.0,spegel,spegel,image,0.0,1.0,spegel,0.0,1.0
spegel,spegel,antikt,asking,1,0.726,,,,,,,,,,,bord,bord,image,1000.0,0.6,bord,bord,image,1000.0,0.6,bord,1000.0,0.6
spegel,spegel,gustaviansk,asking,1,0.732,,,,,,,,,,,spegel,spegel,image,0.0,1.0,spegel,spegel,image,0.0,1.0,spegel,0.0,1.0
spegel,spegel,aheim,asking,1,0.449,,,,,,forvaring,forvaring,prior,450.0,2.125,,,,,,forvaring,forvaring,prior,450.0,2.125,fåtölj,,
spegel,spegel,spegelbord,asking,1,0.873,,,,,,,,,,,bord,bord,image,250.0,0.7916666666666666,bord,bord,image,250.0,0.7916666666666666,bord,250.0,0.7916666666666666
spegel,spegel,hallmobel,asking,1,0.902,,,,,,,,,,,bord,bord,image,100.0,0.8333333333333334,bord,bord,image,100.0,0.8333333333333334,bord,100.0,0.8333333333333334
spegel,spegel,hallmobel,asking,1,0.748,,,,,,,,,,,forvaring,forvaring,image,100.0,1.1666666666666667,forvaring,forvaring,image,100.0,1.1666666666666667,hylla,100.0,0.8333333333333334
spegel,spegel,rektangular,asking,1,0.507,,,,,,spegel,spegel,prior,0.0,1.0,,,,,,spegel,spegel,prior,0.0,1.0,spegel,0.0,1.0
spegel,spegel,belysning,asking,1,0.0,,,,,,,,,,,,,,,,,,,,,,,
spegel,spegel,avlutad,asking,1,0.549,,,,,,forvaring,forvaring,prior,,,,,,,,forvaring,forvaring,prior,,,byrå,,
spegel,spegel,spegeln,asking,1,0.524,,,,,,,,,,,,,,,,,,,,,spegel,0.0,1.0
spegel,spegel,hallmobel,asking,1,0.96,,,,,,,,,,,forvaring,forvaring,image,99.5,1.1658333333333333,forvaring,forvaring,image,99.5,1.1658333333333333,hylla,100.0,0.8333333333333334
spegel,spegel,dekorativ,asking,1,0.95,,,,,,,,,,,stol,stol,image,125.5,0.806923076923077,stol,stol,image,125.5,0.806923076923077,stol,125.5,0.806923076923077
spegel,spegel,spegeldorr,asking,1,0.343,,,,,,forvaring,forvaring,prior,450.0,1.9,,,,,,forvaring,forvaring,prior,450.0,1.9,okänd,,
spegel,spegel,tenn,asking,1,0.458,,,,,,,,,,,,,,,,,,,,,bord,2000.0,0.3333333333333333
spegel,spegel,belysning,asking,1,0.428,,,,,,,,,,,,,,,,,,,,,spegel,0.0,1.0
spegel,spegel,toalett,asking,1,0.837,,,,,,bord,bord,prior,350.0,0.65,spegel,spegel,image,0.0,1.0,bord,bord,prior,350.0,0.65,spegel,0.0,1.0
spegel,spegel,1800-tal,asking,1,0.798,,,,,,,,,,,forvaring,forvaring,image,0.0,1.0,forvaring,forvaring,image,0.0,1.0,byrå,,
spegel,spegel,snidade,asking,1,0.848,,,,,,forvaring,forvaring,prior,,,spegel,spegel,image,0.0,1.0,forvaring,forvaring,prior,,,spegel,0.0,1.0
spegel,spegel,kvalitetsmobel,asking,1,0.972,,,,,,,,,,,forvaring,forvaring,image,,,forvaring,forvaring,image,,,byrå,,
spegel,spegel,venture,asking,1,0.612,,,,,,,,,,,,,,,,,,,,,okänd,,
spegel,spegel,guldram,asking,1,0.914,,,,,,spegel,spegel,prior,0.0,1.0,spegel,spegel,image,0.0,1.0,spegel,spegel,prior,0.0,1.0,spegel,0.0,1.0
spegel,spegel,selva,asking,1,0.489,,,,,,,,,,,,,,,,,,,,,okänd,,
spegel,spegel,hallmobel,asking,3,0.467,,,,,,,,,,,,,,,,,,,,,spegel,0.0,1.0
spegel,spegel,2st,asking,1,0.516,,,,,,forvaring,forvaring,prior,150.0,1.4285714285714286,,,,,,forvaring,forvaring,prior,150.0,1.4285714285714286,spegel,0.0,1.0
spegel,spegel,guldspegel,asking,1,0.606,,,,,,,,,,,,,,,,,,,,,hylla,,
spegel,spegel,sminkspegel,asking,2,0.569,,,,,,bord,bord,prior,400.0,1.6666666666666667,,,,,,bord,bord,prior,400.0,1.6666666666666667,spegel,0.0,1.0
spegel,spegel,spegelskap,asking,1,0.443,,,,,,,,,,,,,,,,,,,,,spegel,0.0,1.0
spegel,spegel,komplett,asking,1,0.664,,,,,,,,,,,,,,,,,,,,,okänd,,
spegel,spegel,original,asking,1,0.326,,,,,,,,,,,,,,,,,,,,,okänd,,
spegel,spegel,traram,asking,1,0.661,,,,,,spegel,spegel,prior,0.0,1.0,,,,,,spegel,spegel,prior,0.0,1.0,spegel,0.0,1.0
spegel,spegel,sent,asking,1,0.805,,,,,,,,,,,spegel,spegel,image,0.0,1.0,spegel,spegel,image,0.0,1.0,spegel,0.0,1.0
spegel,spegel,guldfargad,asking,1,0.725,,,,,,,,,,,forvaring,forvaring,image,,,forvaring,forvaring,image,,,hylla,,
spegel,spegel,hallspegel,asking,1,0.73,,,,,,,,,,,spegel,spegel,image,0.0,1.0,spegel,spegel,image,0.0,1.0,spegel,0.0,1.0
spegel,spegel,jonas,realized,1,0.97,,,,,,,,,,,bord,bord,image,20000.0,0.16666666666666666,bord,bord,image,20000.0,0.16666666666666666,bord,20000.0,0.16666666666666666
spegel,spegel,massiva,asking,1,0.944,,,,,,forvaring,forvaring,prior,,,forvaring,forvaring,image,,,forvaring,forvaring,prior,,,hylla,,
spegel,spegel,guld,asking,1,0.861,,,,,,,,,,,spegel,spegel,image,0.0,1.0,spegel,spegel,image,0.0,1.0,spegel,0.0,1.0
spegel,spegel,guldspegel,asking,1,0.939,,,,,,,,,,,spegel,spegel,image,0.0,1.0,spegel,spegel,image,0.0,1.0,spegel,0.0,1.0
spegel,spegel,lindome,asking,1,0.386,,,,,,stol,stol,prior,,,,,,,,stol,stol,prior,,,hylla,,
spegel,spegel,hallmobel,asking,1,0.439,,,,,,,,,,,,,,,,,,,,,spegel,0.0,1.0
spegel,spegel,exklusiv,asking,1,0.585,,,,,,,,,,,,,,,,,,,,,spegel,0.0,1.0
spegel,spegel,exklusiv,asking,1,0.592,,,,,,,,,,,,,,,,,,,,,spegel,0.0,1.0
spegel,spegel,spegeldorr,asking,1,0.943,,,,,,,,,,,forvaring,forvaring,image,425.0,1.85,forvaring,forvaring,image,425.0,1.85,hylla,,
spegel,spegel,danmark,asking,1,0.891,,,,,,,,,,,spegel,spegel,image,0.0,1.0,spegel,spegel,image,0.0,1.0,spegel,0.0,1.0
spegel,spegel,helkropp,asking,1,0.901,,,,,,,,,,,spegel,spegel,image,0.0,1.0,spegel,spegel,image,0.0,1.0,spegel,0.0,1.0
spegel,spegel,mork,asking,1,0.639,,,,,,,,,,,,,,,,,,,,,spegel,0.0,1.0
spegel,spegel,badrumspegel,asking,1,0.564,,,,,,forvaring,forvaring,prior,,,,,,,,forvaring,forvaring,prior,,,spegel,0.0,1.0
spegel,spegel,toalettmobel,asking,1,0.73,,,,,,,,,,,spegel,spegel,image,0.0,1.0,spegel,spegel,image,0.0,1.0,spegel,0.0,1.0
spegel,spegel,tre,asking,1,0.445,,,,,,,,,,,,,,,,,,,,,bord,416.5,0.5835
spegel,spegel,generos,asking,1,0.87,,,,,,,,,,,forvaring,forvaring,image,,,forvaring,forvaring,image,,,byrå,,
spegel,spegel,fantastisk,asking,1,0.922,,,,,,,,,,,spegel,spegel,image,0.0,1.0,spegel,spegel,image,0.0,1.0,spegel,0.0,1.0
spegel,spegel,handgjord,asking,1,0.522,,,,,,,,,,,,,,,,,,,,,okänd,,
spegel,spegel,mio,asking,3,0.79,,,,,,,,,,,forvaring,forvaring,image,400.5,1.6680567139282736,forvaring,forvaring,image,400.5,1.6680567139282736,hylla,199.5,0.6672226855713094
spegel,spegel,jugendstil,asking,1,0.589,,,,,,,,,,,,,,,,,,,,,byrå,,
spegel,spegel,indisk,asking,1,0.604,,,,,,,,,,,,,,,,,,,,,hylla,300.0,1.25
spegel,spegel,forgylld,asking,1,0.972,,,,,,,,,,,spegel,spegel,image,0.0,1.0,spegel,spegel,image,0.0,1.0,spegel,0.0,1.0
spegel,spegel,traram,asking,1,0.43,,,,,,spegel,spegel,prior,0.0,1.0,,,,,,spegel,spegel,prior,0.0,1.0,spegel,0.0,1.0
spegel,spegel,lindbyn,asking,1,0.734,,,,,,spegel,spegel,prior,0.0,1.0,spegel,spegel,image,0.0,1.0,spegel,spegel,prior,0.0,1.0,spegel,0.0,1.0
spegel,spegel,krokar,asking,1,0.56,,,,,,forvaring,forvaring,prior,150.0,1.5,,,,,,forvaring,forvaring,prior,150.0,1.5,hylla,50.0,1.1666666666666667
spegel,spegel,modell,asking,1,0.427,,,,,,,,,,,,,,,,,,,,,byrå,,
spegel,spegel,spegelskap,asking,1,0.717,,,,,,forvaring,forvaring,prior,141.0,0.8992137240886348,forvaring,forvaring,image,141.0,0.8992137240886348,forvaring,forvaring,prior,141.0,0.8992137240886348,hylla,,
spegel,spegel,mio,asking,2,0.83,,,,,,,,,,,forvaring,forvaring,image,400.5,1.6680567139282736,forvaring,forvaring,image,400.5,1.6680567139282736,hylla,199.5,0.6672226855713094
spegel,spegel,guldspegel,asking,1,0.948,,,,,,,,,,,spegel,spegel,image,0.0,1.0,spegel,spegel,image,0.0,1.0,spegel,0.0,1.0
spegel,spegel,skoforvaring,asking,1,0.428,,,,,,,,,,,,,,,,,,,,,okänd,,
spegel,spegel,fonsterspegel,asking,1,0.567,,,,,,,,,,,,,,,,,,,,,spegel,0.0,1.0
spegel,spegel,spegeln,asking,1,0.811,,,,,,,,,,,forvaring,forvaring,image,,,forvaring,forvaring,image,,,hylla,,
spegel,spegel,skjutdorrar,asking,1,0.672,,,,,,forvaring,forvaring,prior,750.0,1.6,,,,,,forvaring,forvaring,prior,750.0,1.6,hylla,17.0,0.9864
spegel,spegel,skjutdorrar,asking,1,0.415,,,,,,forvaring,forvaring,prior,750.0,1.6,,,,,,forvaring,forvaring,prior,750.0,1.6,bord,,
spegel,spegel,hallmobel,asking,1,0.644,,,,,,,,,,,,,,,,,,,,,bord,100.0,0.8333333333333334
spegel,spegel,guldram,asking,1,0.858,,,,,,spegel,spegel,prior,0.0,1.0,spegel,spegel,image,0.0,1.0,spegel,spegel,prior,0.0,1.0,spegel,0.0,1.0
spegel,spegel,kina,asking,1,0.497,,,,,,,,,,,,,,,,,,,,,spegel,0.0,1.0
spegel,spegel,rotting,asking,1,0.911,,,,,,,,,,,spegel,spegel,image,0.0,1.0,spegel,spegel,image,0.0,1.0,spegel,0.0,1.0
spegel,spegel,karl,asking,1,0.876,,,,,,,,,,,spegel,spegel,image,0.0,1.0,spegel,spegel,image,0.0,1.0,spegel,0.0,1.0
spegel,spegel,tva,asking,1,0.971,,,,,,,,,,,spegel,spegel,image,0.0,1.0,spegel,spegel,image,0.0,1.0,spegel,0.0,1.0
spegel,spegel,helkropp,asking,1,0.524,,,,,,spegel,spegel,prior,0.0,1.0,,,,,,spegel,spegel,prior,0.0,1.0,okänd,,
spegel,spegel,hall,asking,1,0.832,,,,,,,,,,,bord,bord,image,200.0,1.3333333333333333,bord,bord,image,200.0,1.3333333333333333,bord,200.0,1.3333333333333333
spegel,spegel,spegelskap,asking,1,0.973,,,,,,,,,,,forvaring,forvaring,image,145.0,0.8963545389563974,forvaring,forvaring,image,145.0,0.8963545389563974,hylla,,
spegel,spegel,sengustaviansk,realized,1,0.897,,,,,,,,,,,forvaring,forvaring,image,273.0,0.8759090909090909,forvaring,forvaring,image,273.0,0.8759090909090909,byrå,,
spegel,spegel,2st,asking,1,0.895,,,,,,,,,,,bord,bord,image,0.0,1.0,bord,bord,image,0.0,1.0,bord,0.0,1.0
spegel,spegel,traram,asking,1,0.868,,,,,,spegel,spegel,prior,0.0,1.0,spegel,spegel,image,0.0,1.0,spegel,spegel,prior,0.0,1.0,spegel,0.0,1.0
spegel,spegel,vaggklocka,asking,1,0.0,,,,,,,,,,,,,,,,,,,,,okänd,,
spegel,spegel,nordborg,asking,1,0.396,,,,,,,,,,,,,,,,,,,,,hylla,,
spegel,spegel,pigtittare,asking,1,0.962,,,,,,bord,bord,prior,150.0,1.4285714285714286,spegel,spegel,image,0.0,1.0,bord,bord,prior,150.0,1.4285714285714286,spegel,0.0,1.0
spegel,spegel,badrumsspegel,asking,1,1.0,,,,,,,,,,,bord,bord,image,,,bord,bord,image,,,okänd,,
spegel,spegel,hemnes,asking,2,0.69,,,,,,,,,,,,,,,,,,,,,byrå,,
spegel,spegel,valhallen,asking,1,0.829,,,,,,,,,,,forvaring,forvaring,image,,,forvaring,forvaring,image,,,okänd,,
spegel,spegel,hallmobel,asking,1,0.491,,,,,,,,,,,,,,,,,,,,,spegel,0.0,1.0
spegel,spegel,pigtittare,asking,1,1.0,,,,,,,,,,,spegel,spegel,image,0.0,1.0,spegel,spegel,image,0.0,1.0,spegel,0.0,1.0
spegel,spegel,flerfargad,asking,1,0.894,,,,,,,,,,,spegel,spegel,image,0.0,1.0,spegel,spegel,image,0.0,1.0,spegel,0.0,1.0
spegel,spegel,menu,asking,1,0.38,,,,,,,,,,,,,,,,,,,,,hylla,,
spegel,spegel,designad,asking,1,0.343,,,,,,,,,,,,,,,,,,,,,okänd,,
spegel,spegel,2st,asking,1,0.579,,,,,,,,,,,,,,,,,,,,,sänggavel,,
spegel,spegel,hallmobel,realized,1,0.919,,,,,,,,,,,forvaring,forvaring,image,50.0,1.0833333333333333,forvaring,forvaring,image,50.0,1.0833333333333333,hylla,251.0,1.4183333333333332
spegel,spegel,spegelskap,asking,1,0.848,,,,,,,,,,,forvaring,forvaring,image,145.0,0.8960573476702509,forvaring,forvaring,image,145.0,0.8960573476702509,byrå,,
spegel,spegel,nissedal,asking,1,0.857,,,,,,,,,,,forvaring,forvaring,image,,,forvaring,forvaring,image,,,byrå,,
spegel,spegel,iron,asking,1,0.0,,,,,,,,,,,,,,,,,,,,,,,
spegel,spegel,rokokostil,realized,1,0.842,,,,,,,,,,,forvaring,forvaring,image,420.0,1.5384615384615385,forvaring,forvaring,image,420.0,1.5384615384615385,hylla,180.0,0.7692307692307693
spegel,spegel,morkt,asking,1,0.832,,,,,,bord,bord,prior,150.0,1.3,spegel,spegel,image,0.0,1.0,bord,bord,prior,150.0,1.3,spegel,0.0,1.0
spegel,spegel,hallmobel,asking,1,0.733,,,,,,,,,,,spegel,spegel,image,0.0,1.0,spegel,spegel,image,0.0,1.0,spegel,0.0,1.0
spegel,spegel,bruk,asking,1,0.968,,,,,,,,,,,spegel,spegel,image,0.0,1.0,spegel,spegel,image,0.0,1.0,spegel,0.0,1.0
spegel,spegel,guldfargad,asking,1,0.0,,,,,,,,,,,,,,,,,,,,,,,
spegel,spegel,matta,asking,1,0.892,,,,,,,,,,,stol,stol,image,,,stol,stol,image,,,stol,,
spegel,spegel,vitlackerad,asking,1,0.92,,,,,,,,,,,forvaring,forvaring,image,,,forvaring,forvaring,image,,,hylla,,
spegel,spegel,hallmobel,asking,1,0.855,,,,,,,,,,,spegel,spegel,image,0.0,1.0,spegel,spegel,image,0.0,1.0,spegel,0.0,1.0
spegel,spegel,sminkbord,asking,1,0.444,,,,,,,,,,,,,,,,,,,,,stol,450.0,0.35714285714285715
spegel,spegel,hog,asking,1,1.0,,,,,,,,,,,spegel,spegel,image,0.0,1.0,spegel,spegel,image,0.0,1.0,spegel,0.0,1.0
spegel,spegel,koppar,asking,1,0.771,,,,,,bord,bord,prior,200.0,1.2857142857142858,bord,bord,image,200.0,1.2857142857142858,bord,bord,prior,200.0,1.2857142857142858,byrå,,
spegel,spegel,badrumsmobel,asking,1,0.815,,,,,,forvaring,forvaring,prior,2250.0,0.25,forvaring,forvaring,image,2250.0,0.25,forvaring,forvaring,prior,2250.0,0.25,hylla,,
spegel,spegel,indisk,asking,1,0.947,,,,,,,,,,,spegel,spegel,image,0.0,1.0,spegel,spegel,image,0.0,1.0,spegel,0.0,1.0
spegel,spegel,bordsspegel,asking,1,0.723,,,,,,forvaring,forvaring,prior,,,spegel,spegel,image,0.0,1.0,forvaring,forvaring,prior,,,spegel,0.0,1.0
spegel,spegel,mio,asking,1,0.653,,,,,,,,,,,,,,,,,,,,,okänd,,
spegel,spegel,spegelbord,asking,1,0.73,,,,,,,,,,,bord,bord,image,250.0,0.7916666666666666,bord,bord,image,250.0,0.7916666666666666,okänd,,
spegel,spegel,pax,asking,1,0.603,,,,,,forvaring,forvaring,prior,750.0,2.5,,,,,,forvaring,forvaring,prior,750.0,2.5,hylla,250.0,0.5
spegel,spegel,hallmobel,asking,2,0.825,,,,,,,,,,,spegel,spegel,image,0.0,1.0,spegel,spegel,image,0.0,1.0,spegel,0.0,1.0
spegel,spegel,oval,asking,1,0.897,,,,,,,,,,,spegel,spegel,image,0.0,1.0,spegel,spegel,image,0.0,1.0,spegel,0.0,1.0
spegel,spegel,1800-talet,asking,1,0.682,,,,,,,,,,,,,,,,,,,,,spegel,0.0,1.0
spegel,spegel,koppar,asking,1,0.0,,,,,,bord,bord,prior,200.0,1.2857142857142858,,,,,,bord,bord,prior,200.0,1.2857142857142858,,,
spegel,spegel,700kr,asking,1,0.974,,,,,,,,,,,spegel,spegel,image,0.0,1.0,spegel,spegel,image,0.0,1.0,spegel,0.0,1.0
spegel,spegel,smides,asking,1,0.655,,,,,,,,,,,,,,,,,,,,,hylla,,
spegel,spegel,westerbergs,asking,1,0.479,,,,,,,,,,,,,,,,,,,,,spegel,0.0,1.0
spegel,spegel,spegelram,asking,1,0.612,,,,,,,,,,,,,,,,,,,,,stol,,
spegel,spegel,sprojsat,asking,1,0.879,,,,,,,,,,,forvaring,forvaring,image,,,forvaring,forvaring,image,,,hylla,,
spegel,spegel,hallmobel,asking,1,0.425,,,,,,,,,,,,,,,,,,,,,okänd,,
spegel,spegel,ellos,asking,1,0.67,,,,,,,,,,,,,,,,,,,,,spegel,0.0,1.0
spegel,spegel,metallram,asking,1,0.949,,,,,,,,,,,soffa,soffa,image,,,soffa,soffa,image,,,soffa,,
spegel,spegel,pampa,asking,1,0.617,,,,,,,,,,,,,,,,,,,,,sänggavel,,
spegel,spegel,nissedal,asking,1,0.227,,,,,,spegel,spegel,prior,0.0,1.0,,,,,,spegel,spegel,prior,0.0,1.0,okänd,,
spegel,spegel,sengustavianskt,asking,1,0.82,,,,,,,,,,,forvaring,forvaring,image,,,forvaring,forvaring,image,,,okänd,,
spegel,spegel,syskrin,asking,1,0.54,,,,,,,,,,,,,,,,,,,,,okänd,,
spegel,spegel,hallmobel,asking,1,0.367,,,,,,,,,,,,,,,,,,,,,hylla,100.0,0.8333333333333334
spegel,spegel,vackert,asking,1,1.0,,,,,,,,,,,bord,bord,image,600.0,1.6666666666666667,bord,bord,image,600.0,1.6666666666666667,bord,600.0,1.6666666666666667
spegel,spegel,handdukshangare,asking,1,0.769,,,,,,,,,,,forvaring,forvaring,image,,,forvaring,forvaring,image,,,hylla,,
spegel,spegel,pigtittare,asking,1,0.965,,,,,,,,,,,spegel,spegel,image,0.0,1.0,spegel,spegel,image,0.0,1.0,spegel,0.0,1.0
spegel,spegel,mio,asking,1,0.651,,,,,,,,,,,,,,,,,,,,,bord,122.5,1.2121212121212122
spegel,spegel,hallmobel,asking,1,0.0,,,,,,,,,,,,,,,,,,,,,,,
spegel,spegel,flambjork,realized,1,0.498,,,,,,,,,,,,,,,,,,,,,byrå,,
spegel,spegel,spegelskap,asking,1,0.92,,,,,,forvaring,forvaring,prior,141.0,0.8992137240886348,bord,bord,image,,,forvaring,forvaring,prior,141.0,0.8992137240886348,bord,,
spegel,spegel,trahylla,asking,1,1.0,,,,,,,,,,,spegel,spegel,image,0.0,1.0,spegel,spegel,image,0.0,1.0,spegel,0.0,1.0
spegel,spegel,skjutdorrar,asking,1,0.74,,,,,,forvaring,forvaring,prior,750.0,1.6,forvaring,forvaring,image,750.0,1.6,forvaring,forvaring,prior,750.0,1.6,hylla,17.0,0.9864
spegel,spegel,modell,asking,1,0.906,,,,,,,,,,,forvaring,forvaring,image,75.0,1.0833333333333333,forvaring,forvaring,image,75.0,1.0833333333333333,hylla,150.0,0.8333333333333334
spegel,spegel,hallmobel,asking,1,0.829,,,,,,,,,,,bord,bord,image,100.0,0.8333333333333334,bord,bord,image,100.0,0.8333333333333334,bord,100.0,0.8333333333333334
spegel,spegel,smide,asking,1,0.575,,,,,,,,,,,,,,,,,,,,,bord,175.0,0.8055555555555556
spegel,spegel,badrumsspegel,asking,1,0.59,,,,,,,,,,,,,,,,,,,,,okänd,,
spegel,spegel,byta,asking,1,1.0,,,,,,,,,,,forvaring,forvaring,image,,,forvaring,forvaring,image,,,byrå,,
spegel,spegel,gebruder,asking,1,0.935,,,,,,,,,,,spegel,spegel,image,0.0,1.0,spegel,spegel,image,0.0,1.0,spegel,0.0,1.0
spegel,spegel,dekorativ,asking,1,0.59,,,,,,,,,,,,,,,,,,,,,hylla,250.0,0.6153846153846154
spegel,spegel,sminkspegel,asking,1,0.569,,,,,,,,,,,,,,,,,,,,,spegel,0.0,1.0
spegel,spegel,ram,asking,1,0.55,,,,,,,,,,,,,,,,,,,,,soffa,1685.0,4.271844660194175
spegel,spegel,saljes,asking,1,0.524,,,,,,,,,,,,,,,,,,,,,okänd,,
spegel,spegel,mkt,asking,1,0.777,,,,,,,,,,,spegel,spegel,image,0.0,1.0,spegel,spegel,image,0.0,1.0,spegel,0.0,1.0
spegel,spegel,unik,asking,1,0.971,,,,,,,,,,,spegel,spegel,image,0.0,1.0,spegel,spegel,image,0.0,1.0,spegel,0.0,1.0
spegel,spegel,piedestal,asking,1,0.734,,,,,,,,,,,bord,bord,image,200.0,0.6,bord,bord,image,200.0,0.6,bord,200.0,0.6
spegel,spegel,eriksmalaglas,asking,1,0.863,,,,,,,,,,,spegel,spegel,image,0.0,1.0,spegel,spegel,image,0.0,1.0,spegel,0.0,1.0
spegel,spegel,badrumsspegel,asking,1,0.5,,,,,,,,,,,,,,,,,,,,,bord,,
spegel,spegel,nordborg,asking,1,0.949,,,,,,,,,,,soffa,soffa,image,,,soffa,soffa,image,,,soffa,,
spegel,spegel,stilren,asking,1,0.64,,,,,,,,,,,,,,,,,,,,,spegel,0.0,1.0
spegel,spegel,spegeldorr,asking,1,0.441,,,,,,forvaring,forvaring,prior,450.0,1.9,,,,,,forvaring,forvaring,prior,450.0,1.9,okänd,,
spegel,spegel,hafa,asking,1,0.618,,,,,,forvaring,forvaring,prior,3490.0,2.396,,,,,,forvaring,forvaring,prior,3490.0,2.396,hylla,1800.0,0.28
spegel,spegel,guld,asking,1,0.642,,,,,,forvaring,forvaring,prior,,,,,,,,forvaring,forvaring,prior,,,okänd,,
spegel,spegel,golvspegel,asking,1,0.667,,,,,,,,,,,,,,,,,,,,,spegel,0.0,1.0
spegel,spegel,ekram,asking,1,0.457,,,,,,,,,,,,,,,,,,,,,spegel,0.0,1.0
spegel,spegel,hallmobel,asking,1,0.891,,,,,,,,,,,bord,bord,image,100.0,0.8333333333333334,bord,bord,image,100.0,0.8333333333333334,bord,100.0,0.8333333333333334
spegel,spegel,slutet,asking,1,0.921,,,,,,,,,,,spegel,spegel,image,0.0,1.0,spegel,spegel,image,0.0,1.0,spegel,0.0,1.0
spegel,spegel,forgylld,asking,1,0.897,,,,,,,,,,,spegel,spegel,image,0.0,1.0,spegel,spegel,image,0.0,1.0,spegel,0.0,1.0
spegel,spegel,guldram,asking,1,0.826,,,,,,spegel,spegel,prior,0.0,1.0,spegel,spegel,image,0.0,1.0,spegel,spegel,prior,0.0,1.0,spegel,0.0,1.0
spegel,spegel,nyrenassans,asking,2,0.612,,,,,,,,,,,,,,,,,,,,,byrå,,
spegel,spegel,unikt,asking,1,0.718,,,,,,,,,,,bord,bord,image,1000.0,0.7142857142857143,bord,bord,image,1000.0,0.7142857142857143,byrå,,
spegel,spegel,snidad,asking,1,0.773,,,,,,,,,,,spegel,spegel,image,0.0,1.0,spegel,spegel,image,0.0,1.0,spegel,0.0,1.0
spegel,spegel,elfa,asking,1,0.942,,,,,,forvaring,forvaring,prior,1350.0,1.9,forvaring,forvaring,image,1350.0,1.9,forvaring,forvaring,prior,1350.0,1.9,hylla,1100.0,0.26666666666666666
spegel,spegel,oval,asking,1,0.867,,,,,,,,,,,spegel,spegel,image,0.0,1.0,spegel,spegel,image,0.0,1.0,spegel,0.0,1.0
spegel,spegel,teakspegel,asking,1,0.942,,,,,,,,,,,spegel,spegel,image,0.0,1.0,spegel,spegel,image,0.0,1.0,spegel,0.0,1.0
spegel,spegel,gustaviansk,asking,1,0.935,,,,,,,,,,,spegel,spegel,image,0.0,1.0,spegel,spegel,image,0.0,1.0,spegel,0.0,1.0
spegel,spegel,rejal,asking,1,0.0,,,,,,,,,,,,,,,,,,,,,,,
spegel,spegel,sminkspegel,asking,2,0.727,,,,,,bord,bord,prior,400.0,1.6666666666666667,spegel,spegel,image,0.0,1.0,bord,bord,prior,400.0,1.6666666666666667,spegel,0.0,1.0
spegel,spegel,storre,asking,1,0.553,,,,,,spegel,spegel,prior,0.0,1.0,,,,,,spegel,spegel,prior,0.0,1.0,okänd,,
spegel,spegel,hafa,asking,1,0.644,,,,,,,,,,,,,,,,,,,,,okänd,,
spegel,spegel,skjutdorrar,asking,1,0.906,,,,,,forvaring,forvaring,prior,750.0,1.6,forvaring,forvaring,image,750.0,1.6,forvaring,forvaring,prior,750.0,1.6,hylla,16.0,1.0128
spegel,spegel,lindbyn,asking,1,0.56,,,,,,spegel,spegel,prior,0.0,1.0,,,,,,spegel,spegel,prior,0.0,1.0,okänd,,
spegel,spegel,led-belysning,asking,1,0.462,,,,,,,,,,,,,,,,,,,,,spegel,0.0,1.0
spegel,spegel,morkt,asking,1,0.665,,,,,,forvaring,forvaring,prior,600.0,2.2,,,,,,forvaring,forvaring,prior,600.0,2.2,byrå,,
spegel,spegel,arbetsplats,asking,1,0.552,,,,,,,,,,,,,,,,,,,,,hylla,,
spegel,spegel,dekorativ,asking,1,0.941,,,,,,,,,,,spegel,spegel,image,0.0,1.0,spegel,spegel,image,0.0,1.0,spegel,0.0,1.0
spegel,spegel,hemnes,asking,2,0.645,,,,,,,,,,,,,,,,,,,,,byrå,,
spegel,spegel,dekorativ,asking,1,0.895,,,,,,spegel,spegel,prior,0.0,1.0,spegel,spegel,image,0.0,1.0,spegel,spegel,prior,0.0,1.0,spegel,0.0,1.0
spegel,spegel,lada,asking,1,0.921,,,,,,bord,bord,prior,220.5,1.7889087656529516,spegel,spegel,image,0.0,1.0,bord,bord,prior,220.5,1.7889087656529516,spegel,0.0,1.0
spegel,spegel,silverfargad,asking,1,0.894,,,,,,,,,,,spegel,spegel,image,0.0,1.0,spegel,spegel,image,0.0,1.0,spegel,0.0,1.0
spegel,spegel,teakspegel,asking,1,0.556,,,,,,,,,,,,,,,,,,,,,spegel,0.0,1.0
spegel,spegel,spegeldorrar,asking,1,0.549,,,,,,forvaring,forvaring,prior,1080.0,3.076923076923077,,,,,,forvaring,forvaring,prior,1080.0,3.076923076923077,okänd,,
spegel,spegel,nyrenassans,realized,1,0.376,,,,,,,,,,,,,,,,,,,,,spegel,0.0,1.0
spegel,spegel,basta,asking,1,0.946,,,,,,,,,,,spegel,spegel,image,0.0,1.0,spegel,spegel,image,0.0,1.0,spegel,0.0,1.0
spegel,spegel,aluminiumram,asking,1,0.529,,,,,,,,,,,,,,,,,,,,,spegel,0.0,1.0
spegel,spegel,jattefint,asking,1,0.714,,,,,,,,,,,spegel,spegel,image,0.0,1.0,spegel,spegel,image,0.0,1.0,spegel,0.0,1.0
spegel,spegel,vikbar,asking,1,0.656,,,,,,,,,,,,,,,,,,,,,spegel,0.0,1.0
spegel,spegel,pigtittare,asking,1,0.965,,,,,,,,,,,spegel,spegel,image,0.0,1.0,spegel,spegel,image,0.0,1.0,spegel,0.0,1.0
spegel,spegel,skjutdorr,asking,1,0.0,,,,,,forvaring,forvaring,prior,850.0,1.894736842105263,,,,,,forvaring,forvaring,prior,850.0,1.894736842105263,,,
spegel,spegel,guldfargad,asking,1,0.972,,,,,,,,,,,spegel,spegel,image,0.0,1.0,spegel,spegel,image,0.0,1.0,spegel,0.0,1.0
spegel,spegel,led,asking,1,0.0,,,,,,,,,,,,,,,,,,,,,,,
spegel,spegel,guldspegel,asking,1,0.878,,,,,,,,,,,spegel,spegel,image,0.0,1.0,spegel,spegel,image,0.0,1.0,spegel,0.0,1.0
spegel,spegel,tvbank,asking,1,0.794,,,,,,,,,,,soffa,soffa,image,,,soffa,soffa,image,,,soffa,,
spegel,spegel,nordic,asking,1,0.454,,,,,,,,,,,,,,,,,,,,,okänd,,
spegel,spegel,ram,asking,1,0.848,,,,,,,,,,,forvaring,forvaring,image,744.0,2.488,forvaring,forvaring,image,744.0,2.488,hylla,,
spegel,spegel,guldram,asking,1,0.94,,,,,,spegel,spegel,prior,0.0,1.0,spegel,spegel,image,0.0,1.0,spegel,spegel,prior,0.0,1.0,spegel,0.0,1.0
spegel,spegel,morkt,asking,1,1.0,,,,,,bord,bord,prior,250.0,1.5,spegel,spegel,image,0.0,1.0,bord,bord,prior,250.0,1.5,spegel,0.0,1.0
spegel,spegel,oval,asking,1,0.924,,,,,,,,,,,spegel,spegel,image,0.0,1.0,spegel,spegel,image,0.0,1.0,spegel,0.0,1.0
spegel,spegel,slutet,asking,1,0.511,,,,,,,,,,,,,,,,,,,,,okänd,,
spegel,spegel,badrumsspegel,asking,1,0.527,,,,,,stol,stol,prior,,,,,,,,stol,stol,prior,,,okänd,,
spegel,spegel,massing,asking,1,0.596,,,,,,,,,,,,,,,,,,,,,okänd,,
spegel,spegel,skjutdorrar,asking,1,0.905,,,,,,forvaring,forvaring,prior,700.0,1.5384615384615385,forvaring,forvaring,image,700.0,1.5384615384615385,forvaring,forvaring,prior,700.0,1.5384615384615385,hylla,17.0,0.9869230769230769
spegel,spegel,3st,asking,1,0.714,,,,,,forvaring,forvaring,prior,33.0,0.9009009009009009,forvaring,forvaring,image,33.0,0.9009009009009009,forvaring,forvaring,prior,33.0,0.9009009009009009,hylla,133.0,0.6006006006006006
spegel,spegel,fynd,asking,1,0.417,,,,,,,,,,,,,,,,,,,,,soffa,850.0,1.8095238095238095
spegel,spegel,hallspegel,asking,1,0.802,,,,,,,,,,,spegel,spegel,image,0.0,1.0,spegel,spegel,image,0.0,1.0,spegel,0.0,1.0
spegel,spegel,snyggt,asking,1,0.0,,,,,,,,,,,,,,,,,,,,,,,
spegel,spegel,bastant,asking,1,0.716,,,,,,,,,,,forvaring,forvaring,image,,,forvaring,forvaring,image,,,hylla,,
spegel,spegel,spegelskap,asking,1,0.0,,,,,,,,,,,,,,,,,,,,,,,
spegel,spegel,pigtittare,realized,1,0.889,,,,,,,,,,,spegel,spegel,image,0.0,1.0,spegel,spegel,image,0.0,1.0,spegel,0.0,1.0
spegel,spegel,unik,asking,1,0.456,,,,,,,,,,,,,,,,,,,,,spegel,0.0,1.0
spegel,spegel,skjutdorrar,asking,1,0.483,,,,,,forvaring,forvaring,prior,700.0,1.5384615384615385,,,,,,forvaring,forvaring,prior,700.0,1.5384615384615385,hylla,34.0,0.9738461538461538
spegel,spegel,pigtittare,asking,1,0.851,,,,,,,,,,,spegel,spegel,image,0.0,1.0,spegel,spegel,image,0.0,1.0,spegel,0.0,1.0
spegel,spegel,vagg,asking,1,0.596,,,,,,,,,,,,,,,,,,,,,säng,,
spegel,spegel,kladhangare,asking,2,0.451,,,,,,forvaring,forvaring,prior,50.0,0.9166666666666666,,,,,,forvaring,forvaring,prior,50.0,0.9166666666666666,hylla,100.0,0.8333333333333334
spegel,spegel,pigtittare,asking,1,0.616,,,,,,forvaring,forvaring,prior,,,,,,,,forvaring,forvaring,prior,,,spegel,0.0,1.0
spegel,spegel,badrumsspegel,asking,1,0.369,,,,,,,,,,,,,,,,,,,,,spegel,0.0,1.0
spegel,spegel,originalskick,asking,1,0.899,,,,,,,,,,,forvaring,forvaring,image,,,forvaring,forvaring,image,,,hylla,,
spegel,spegel,guldspegel,asking,1,0.968,,,,,,,,,,,spegel,spegel,image,0.0,1.0,spegel,spegel,image,0.0,1.0,spegel,0.0,1.0
spegel,spegel,guldspegel,asking,1,0.405,,,,,,,,,,,,,,,,,,,,,bord,,
spegel,spegel,ifran,asking,1,0.52,,,,,,,,,,,,,,,,,,,,,okänd,,
spegel,spegel,tal,asking,1,0.788,,,,,,,,,,,spegel,spegel,image,0.0,1.0,spegel,spegel,image,0.0,1.0,spegel,0.0,1.0
spegel,spegel,wall,asking,1,0.621,,,,,,spegel,spegel,prior,0.0,1.0,,,,,,spegel,spegel,prior,0.0,1.0,okänd,,
spegel,spegel,gubi,asking,1,0.924,,,,,,,,,,,spegel,spegel,image,0.0,1.0,spegel,spegel,image,0.0,1.0,spegel,0.0,1.0
spegel,spegel,ballingslov,asking,1,0.835,,,,,,forvaring,forvaring,prior,500.0,1.3333333333333333,forvaring,forvaring,image,500.0,1.3333333333333333,forvaring,forvaring,prior,500.0,1.3333333333333333,hylla,283.0,0.8113333333333334
spegel,spegel,rotting,asking,1,0.684,,,,,,,,,,,,,,,,,,,,,spegel,0.0,1.0
spegel,spegel,klassisk,asking,1,0.594,,,,,,,,,,,,,,,,,,,,,spegel,0.0,1.0
spegel,spegel,taburett,asking,1,0.54,,,,,,,,,,,,,,,,,,,,,fåtölj,,
spegel,spegel,snyggt,asking,1,0.974,,,,,,,,,,,forvaring,forvaring,image,,,forvaring,forvaring,image,,,hylla,,
spegel,spegel,antika,asking,1,0.847,,,,,,,,,,,spegel,spegel,image,0.0,1.0,spegel,spegel,image,0.0,1.0,spegel,0.0,1.0
spegel,spegel,fristaende,asking,1,0.794,,,,,,forvaring,forvaring,prior,500.0,2.0,forvaring,forvaring,image,500.0,2.0,forvaring,forvaring,prior,500.0,2.0,okänd,,
spegel,spegel,nyrokoko,realized,1,0.844,,,,,,,,,,,bord,bord,image,779.0,0.3661513425549227,bord,bord,image,779.0,0.3661513425549227,bord,779.0,0.3661513425549227
spegel,spegel,ram,asking,1,1.0,,,,,,,,,,,forvaring,forvaring,image,729.0,2.4155339805825244,forvaring,forvaring,image,729.0,2.4155339805825244,hylla,,
spegel,spegel,rektangular,asking,1,1.0,,,,,,,,,,,spegel,spegel,image,0.0,1.0,spegel,spegel,image,0.0,1.0,spegel,0.0,1.0
spegel,spegel,pigtittare,asking,1,0.926,,,,,,,,,,,spegel,spegel,image,0.0,1.0,spegel,spegel,image,0.0,1.0,spegel,0.0,1.0
spegel,spegel,hyllplan,asking,1,0.853,,,,,,forvaring,forvaring,prior,82.5,1.20625,spegel,spegel,image,0.0,1.0,forvaring,forvaring,prior,82.5,1.20625,spegel,0.0,1.0
spegel,spegel,krok,asking,1,0.97,,,,,,,,,,,spegel,spegel,image,0.0,1.0,spegel,spegel,image,0.0,1.0,spegel,0.0,1.0
spegel,spegel,stave,asking,1,0.554,,,,,,spegel,spegel,prior,0.0,1.0,,,,,,spegel,spegel,prior,0.0,1.0,hylla,,
spegel,spegel,varje,asking,1,0.772,,,,,,forvaring,forvaring,prior,,,forvaring,forvaring,image,,,forvaring,forvaring,prior,,,okänd,,
spegel,spegel,hog,asking,1,1.0,,,,,,,,,,,spegel,spegel,image,0.0,1.0,spegel,spegel,image,0.0,1.0,spegel,0.0,1.0
spegel,spegel,nyrenassans,asking,2,0.802,,,,,,,,,,,forvaring,forvaring,image,,,forvaring,forvaring,image,,,hylla,,
spegel,spegel,gedigen,asking,1,0.778,,,,,,,,,,,sang,sang,image,500.0,1.5,sang,sang,image,500.0,1.5,säng,,
spegel,spegel,fururam,asking,1,0.804,,,,,,,,,,,spegel,spegel,image,0.0,1.0,spegel,spegel,image,0.0,1.0,spegel,0.0,1.0
spegel,spegel,pedestal,asking,3,0.919,,,,,,,,,,,bord,bord,image,,,bord,bord,image,,,bord,,
spegel,spegel,elegant,asking,1,0.624,,,,,,,,,,,,,,,,,,,,,hylla,49.5,1.055
spegel,spegel,pax,asking,1,0.801,,,,,,forvaring,forvaring,prior,750.0,2.5,forvaring,forvaring,image,750.0,2.5,forvaring,forvaring,prior,750.0,2.5,hylla,250.0,0.5
spegel,spegel,spegelbord,asking,1,0.662,,,,,,bord,bord,prior,250.0,0.7916666666666666,,,,,,bord,bord,prior,250.0,0.7916666666666666,spegel,0.0,1.0
spegel,spegel,piedestal,asking,1,0.616,,,,,,bord,bord,prior,200.0,0.6,,,,,,bord,bord,prior,200.0,0.6,spegel,0.0,1.0
spegel,spegel,skoforvaring,asking,1,1.0,,,,,,,,,,,forvaring,forvaring,image,800.0,0.3333333333333333,forvaring,forvaring,image,800.0,0.3333333333333333,byrå,,
spegel,spegel,lampett,asking,1,0.87,,,,,,,,,,,spegel,spegel,image,0.0,1.0,spegel,spegel,image,0.0,1.0,spegel,0.0,1.0
spegel,spegel,gustaviansk,asking,1,0.943,,,,,,,,,,,spegel,spegel,image,0.0,1.0,spegel,spegel,image,0.0,1.0,spegel,0.0,1.0
spegel,spegel,elfa,asking,1,0.646,,,,,,forvaring,forvaring,prior,1350.0,1.9,,,,,,forvaring,forvaring,prior,1350.0,1.9,hylla,1100.0,0.26666666666666666
spegel,spegel,skinnpall,asking,1,0.884,,,,,,,,,,,stol,stol,image,,,stol,stol,image,,,stol,,
spegel,spegel,spegelskjutdorrar,asking,1,0.636,,,,,,forvaring,forvaring,prior,1937.5,2.24,,,,,,forvaring,forvaring,prior,1937.5,2.24,hylla,,
spegel,spegel,dekorativ,asking,1,0.945,,,,,,,,,,,spegel,spegel,image,0.0,1.0,spegel,spegel,image,0.0,1.0,spegel,0.0,1.0
spegel,spegel,dansani,asking,1,0.0,,,,,,,,,,,,,,,,,,,,,,,
spegel,spegel,vagghangt,asking,1,0.468,,,,,,,,,,,,,,,,,,,,,stol,,
spegel,spegel,pax,asking,1,1.0,,,,,,,,,,,forvaring,forvaring,image,750.0,2.5,forvaring,forvaring,image,750.0,2.5,hylla,250.0,0.5
spegel,spegel,ram,asking,1,0.676,,,,,,,,,,,,,,,,,,,,,spegel,0.0,1.0
spegel,spegel,vedum,asking,1,1.0,,,,,,forvaring,forvaring,prior,1650.0,0.34,forvaring,forvaring,image,1650.0,0.34,forvaring,forvaring,prior,1650.0,0.34,hylla,2250.0,0.1
spegel,spegel,kista,asking,1,1.0,,,,,,,,,,,bord,bord,image,2025.0,0.325,bord,bord,image,2025.0,0.325,okänd,,
spegel,spegel,oval,asking,1,0.518,,,,,,,,,,,,,,,,,,,,,okänd,,
spegel,spegel,hallmobel,asking,1,0.391,,,,,,,,,,,,,,,,,,,,,spegel,0.0,1.0
spegel,spegel,silvrig,asking,1,0.805,,,,,,,,,,,spegel,spegel,image,0.0,1.0,spegel,spegel,image,0.0,1.0,spegel,0.0,1.0
spegel,spegel,rokokostil,realized,1,0.828,,,,,,,,,,,forvaring,forvaring,image,400.0,1.5,forvaring,forvaring,image,400.0,1.5,okänd,,
spegel,spegel,mio,asking,3,0.578,,,,,,,,,,,,,,,,,,,,,hylla,199.5,0.6672226855713094
spegel,spegel,speciell,asking,1,0.845,,,,,,,,,,,soffa,soffa,image,,,soffa,soffa,image,,,soffa,,
spegel,spegel,pax,asking,1,0.0,,,,,,forvaring,forvaring,prior,750.0,2.5,,,,,,forvaring,forvaring,prior,750.0,2.5,,,
spegel,spegel,nyrenassans,realized,1,0.869,,,,,,,,,,,forvaring,forvaring,image,1420.0,3.088235294117647,forvaring,forvaring,image,1420.0,3.088235294117647,byrå,,
spegel,spegel,saljes,asking,1,0.677,,,,,,,,,,,,,,,,,,,,,stol,350.0,0.5333333333333333
spegel,spegel,bank,asking,1,0.636,,,,,,,,,,,,,,,,,,,,,byrå,,
spegel,spegel,unik,asking,1,0.69,,,,,,,,,,,,,,,,,,,,,spegel,0.0,1.0
spegel,spegel,hallspegel,asking,1,0.719,,,,,,,,,,,spegel,spegel,image,0.0,1.0,spegel,spegel,image,0.0,1.0,spegel,0.0,1.0
spegel,spegel,dorr,asking,1,0.774,,,,,,forvaring,forvaring,prior,200.0,0.7142857142857143,forvaring,forvaring,image,200.0,0.7142857142857143,forvaring,forvaring,prior,200.0,0.7142857142857143,hylla,350.0,0.5
spegel,spegel,gustaviansk,asking,1,0.795,,,,,,,,,,,spegel,spegel,image,0.0,1.0,spegel,spegel,image,0.0,1.0,spegel,0.0,1.0
spegel,spegel,guldram,asking,1,0.922,,,,,,spegel,spegel,prior,0.0,1.0,spegel,spegel,image,0.0,1.0,spegel,spegel,prior,0.0,1.0,spegel,0.0,1.0
spegel,spegel,valvd,asking,1,0.324,,,,,,,,,,,,,,,,,,,,,spegel,0.0,1.0
spegel,spegel,2st,asking,1,0.948,,,,,,forvaring,forvaring,prior,150.0,1.4285714285714286,forvaring,forvaring,image,150.0,1.4285714285714286,forvaring,forvaring,prior,150.0,1.4285714285714286,okänd,,
spegel,spegel,spegeldorrar,asking,1,0.595,,,,,,forvaring,forvaring,prior,1080.0,3.076923076923077,,,,,,forvaring,forvaring,prior,1080.0,3.076923076923077,okänd,,
spegel,spegel,spegeldorrar,asking,1,0.648,,,,,,forvaring,forvaring,prior,1050.0,2.909090909090909,,,,,,forvaring,forvaring,prior,1050.0,2.909090909090909,soffa,,
spegel,spegel,belysning,asking,1,0.621,,,,,,,,,,,,,,,,,,,,,bord,30.0,1.0309278350515463
spegel,spegel,mio,asking,3,0.696,,,,,,,,,,,,,,,,,,,,,hylla,199.5,0.6672226855713094
spegel,spegel,lampor,asking,1,0.443,,,,,,,,,,,,,,,,,,,,,okänd,,
spegel,spegel,70m,asking,1,0.898,,,,,,,,,,,spegel,spegel,image,0.0,1.0,spegel,spegel,image,0.0,1.0,spegel,0.0,1.0
spegel,spegel,ikeas,asking,1,0.682,,,,,,,,,,,,,,,,,,,,,bord,117.0,0.8103727714748784
spegel,spegel,guldspegel,asking,1,0.943,,,,,,,,,,,spegel,spegel,image,0.0,1.0,spegel,spegel,image,0.0,1.0,spegel,0.0,1.0
spegel,spegel,sminkspegel,asking,1,0.745,,,,,,bord,bord,prior,400.0,1.6666666666666667,spegel,spegel,image,0.0,1.0,bord,bord,prior,400.0,1.6666666666666667,spegel,0.0,1.0
spegel,spegel,golvspegel,asking,1,0.561,,,,,,,,,,,,,,,,,,,,,spegel,0.0,1.0
spegel,spegel,malad,asking,1,0.872,,,,,,,,,,,forvaring,forvaring,image,401.0,2.1489971346704873,forvaring,forvaring,image,401.0,2.1489971346704873,byrå,,
spegel,spegel,mork,asking,1,0.811,,,,,,,,,,,forvaring,forvaring,image,462.5,1.6607142857142858,forvaring,forvaring,image,462.5,1.6607142857142858,byrå,,
spegel,spegel,sekelskiftet,asking,1,0.821,,,,,,,,,,,spegel,spegel,image,0.0,1.0,spegel,spegel,image,0.0,1.0,spegel,0.0,1.0
spegel,spegel,shabby,asking,1,0.775,,,,,,,,,,,spegel,spegel,image,0.0,1.0,spegel,spegel,image,0.0,1.0,spegel,0.0,1.0
spegel,spegel,bank,asking,1,0.343,,,,,,,,,,,,,,,,,,,,,okänd,,
spegel,spegel,spegeldorrar,asking,1,0.636,,,,,,forvaring,forvaring,prior,1080.0,3.076923076923077,,,,,,forvaring,forvaring,prior,1080.0,3.076923076923077,hylla,,
spegel,spegel,gustaviansk,asking,1,0.561,,,,,,,,,,,,,,,,,,,,,spegel,0.0,1.0
spegel,spegel,allmoge,asking,1,0.885,,,,,,,,,,,spegel,spegel,image,0.0,1.0,spegel,spegel,image,0.0,1.0,spegel,0.0,1.0
spegel,spegel,pampig,asking,1,0.0,,,,,,,,,,,,,,,,,,,,,,,
spegel,spegel,spegelhylla,asking,1,0.868,,,,,,,,,,,forvaring,forvaring,image,,,forvaring,forvaring,image,,,hylla,,
spegel,spegel,elfa,asking,1,0.753,,,,,,forvaring,forvaring,prior,1350.0,1.9,forvaring,forvaring,image,1350.0,1.9,forvaring,forvaring,prior,1350.0,1.9,hylla,1100.0,0.26666666666666666
spegel,spegel,forgylld,asking,1,0.89,,,,,,,,,,,spegel,spegel,image,0.0,1.0,spegel,spegel,image,0.0,1.0,spegel,0.0,1.0
spegel,spegel,dekorerad,asking,1,1.0,,,,,,,,,,,forvaring,forvaring,image,,,forvaring,forvaring,image,,,hylla,,
spegel,spegel,riktigt,asking,1,0.497,,,,,,,,,,,,,,,,,,,,,spegel,0.0,1.0
spegel,spegel,tapetserad,asking,1,0.84,,,,,,forvaring,forvaring,prior,,,spegel,spegel,image,0.0,1.0,forvaring,forvaring,prior,,,spegel,0.0,1.0
spegel,spegel,golvspegel,asking,1,0.798,,,,,,,,,,,forvaring,forvaring,image,,,forvaring,forvaring,image,,,hylla,,
spegel,spegel,ram,asking,1,0.836,,,,,,,,,,,forvaring,forvaring,image,729.0,2.4155339805825244,forvaring,forvaring,image,729.0,2.4155339805825244,hylla,,
spegel,spegel,silverram,asking,1,0.358,,,,,,spegel,spegel,prior,0.0,1.0,,,,,,spegel,spegel,prior,0.0,1.0,okänd,,
spegel,spegel,eket,asking,1,0.668,,,,,,,,,,,,,,,,,,,,,byrå,,
spegel,spegel,ellos,asking,1,0.582,,,,,,,,,,,,,,,,,,,,,hylla,62.5,0.9295774647887324
spegel,spegel,mobler,asking,1,0.935,,,,,,,,,,,spegel,spegel,image,0.0,1.0,spegel,spegel,image,0.0,1.0,spegel,0.0,1.0
spegel,spegel,elfa,asking,1,1.0,,,,,,forvaring,forvaring,prior,1300.0,1.8666666666666667,forvaring,forvaring,image,1300.0,1.8666666666666667,forvaring,forvaring,prior,1300.0,1.8666666666666667,del/tillbehör,,
spegel,spegel,golvspegel,asking,1,0.746,,,,,,,,,,,spegel,spegel,image,0.0,1.0,spegel,spegel,image,0.0,1.0,spegel,0.0,1.0
spegel,spegel,stallning,asking,1,0.68,,,,,,,,,,,,,,,,,,,,,okänd,,
spegel,spegel,hallmobel,asking,1,0.352,,,,,,,,,,,,,,,,,,,,,okänd,,
spegel,spegel,spegelskap,asking,1,1.0,,,,,,,,,,,forvaring,forvaring,image,145.0,0.8963545389563974,forvaring,forvaring,image,145.0,0.8963545389563974,hylla,,
spegel,spegel,tidigt,asking,1,0.563,,,,,,,,,,,,,,,,,,,,,byrå,,
spegel,spegel,ljushallare,asking,1,1.0,,,,,,,,,,,forvaring,forvaring,image,,,forvaring,forvaring,image,,,byrå,,
spegel,spegel,50talet,asking,1,0.638,,,,,,,,,,,,,,,,,,,,,spegel,0.0,1.0
spegel,spegel,hans,asking,1,0.797,,,,,,,,,,,sang,sang,image,100.0,1.125,sang,sang,image,100.0,1.125,okänd,,
spegel,spegel,pax,asking,1,0.644,,,,,,forvaring,forvaring,prior,750.0,2.5,,,,,,forvaring,forvaring,prior,750.0,2.5,hylla,250.0,0.5
spegel,spegel,1960-tal,asking,1,0.69,,,,,,,,,,,,,,,,,,,,,spegel,0.0,1.0
spegel,spegel,jonas,realized,1,0.971,,,,,,,,,,,bord,bord,image,20000.0,0.16666666666666666,bord,bord,image,20000.0,0.16666666666666666,bord,20000.0,0.16666666666666666
spegel,spegel,bath,asking,1,0.644,,,,,,,,,,,,,,,,,,,,,okänd,,
spegel,spegel,kvalitet,asking,1,0.545,,,,,,,,,,,,,,,,,,,,,okänd,,
spegel,spegel,unik,asking,1,0.467,,,,,,,,,,,,,,,,,,,,,spegel,0.0,1.0
spegel,spegel,etagere,realized,1,0.972,,,,,,,,,,,forvaring,forvaring,image,,,forvaring,forvaring,image,,,hylla,200.0,1.5333333333333334
spegel,spegel,auli,asking,1,0.344,,,,,,,,,,,,,,,,,,,,,okänd,,
spegel,spegel,house,asking,1,0.541,,,,,,,,,,,,,,,,,,,,,spegel,0.0,1.0
spegel,spegel,forgylld,asking,1,0.854,,,,,,,,,,,spegel,spegel,image,0.0,1.0,spegel,spegel,image,0.0,1.0,spegel,0.0,1.0
stol,stol,tals,asking,1,0.95,,,,,,,,,,,stol,stol,image,0.0,1.0,stol,stol,image,0.0,1.0,stol,0.0,1.0
stol,stol,tung,asking,1,0.891,,,,,,,,,,,stol,stol,image,0.0,1.0,stol,stol,image,0.0,1.0,stol,0.0,1.0
stol,stol,sammetsstolar,asking,1,0.875,,,,,,,,,,,bord,bord,image,2800.0,8.0,bord,bord,image,2800.0,8.0,matgrupp,2800.0,8.0
stol,fatolj,chesterfield,asking,1,0.77,,,,,,,,,,,stol,stol,image,1100.0,0.78,stol,stol,image,1100.0,0.78,fåtölj,,
stol,fatolj,pernilla,realized,1,1.0,,,,,,,,,,,stol,stol,image,,,stol,stol,image,,,fotpall,1000.0,0.7777777777777778
stol,fatolj,fru,realized,1,1.0,,,,,,,,,,,stol,stol,image,,,stol,stol,image,,,fåtölj,,
stol,stol,konstrotting,asking,1,0.838,,,,,,,,,,,stol,stol,image,0.0,1.0,stol,stol,image,0.0,1.0,stol,0.0,1.0
stol,fatolj,barnfatoljer,asking,1,0.947,,,,,,,,,,,stol,stol,image,,,stol,stol,image,,,fåtölj,,
stol,fatolj,rottning,asking,1,0.889,,,,,,,,,,,stol,stol,image,,,stol,stol,image,,,fåtölj,,
stol,fatolj,fjaderbrickan,realized,1,1.0,,,,,,,,,,,stol,stol,image,50.0,0.9375,stol,stol,image,50.0,0.9375,fåtölj,,
stol,fatolj,recliner,asking,1,0.845,,,,,,,,,,,stol,stol,image,800.0,0.5555555555555556,stol,stol,image,800.0,0.5555555555555556,fåtölj,,
stol,stol,akta,asking,1,0.947,,,,,,,,,,,bord,bord,image,1350.0,3.076923076923077,bord,bord,image,1350.0,3.076923076923077,matgrupp,600.0,1.9230769230769231
stol,stol,bekvama,asking,1,0.973,,,,,,stol,stol,prior,0.0,1.0,stol,stol,image,0.0,1.0,stol,stol,prior,0.0,1.0,stol,0.0,1.0
stol,stol,engelska,asking,1,0.922,,,,,,,,,,,stol,stol,image,0.0,1.0,stol,stol,image,0.0,1.0,fåtölj,,
stol,stol,gustavianska,realized,1,1.0,,,,,,,,,,,stol,stol,image,0.0,1.0,stol,stol,image,0.0,1.0,stol,0.0,1.0
stol,fatolj,skinnfatolj,asking,1,0.973,,,,,,,,,,,stol,stol,image,,,stol,stol,image,,,fåtölj,,
stol,fatolj,furninova,asking,1,0.925,,,,,,,,,,,stol,stol,image,1418.0,0.18971428571428572,stol,stol,image,1418.0,0.18971428571428572,fåtölj,,
stol,stol,nibe,asking,1,0.924,,,,,,,,,,,stol,stol,image,0.0,1.0,stol,stol,image,0.0,1.0,stol,0.0,1.0
stol,stol,original,asking,1,0.975,,,,,,,,,,,stol,stol,image,0.0,1.0,stol,stol,image,0.0,1.0,fåtölj,,
stol,fatolj,40-tal,realized,1,1.0,,,,,,,,,,,stol,stol,image,600.0,0.4,stol,stol,image,600.0,0.4,fåtölj,,
stol,fatolj,kornett,realized,1,1.0,,,,,,,,,,,stol,stol,image,,,stol,stol,image,,,fåtölj,,
stol,fatolj,stick,realized,1,0.926,,,,,,,,,,,stol,stol,image,,,stol,stol,image,,,fåtölj,,
stol,stol,effezeta,asking,1,0.87,,,,,,,,,,,stol,stol,image,0.0,1.0,stol,stol,image,0.0,1.0,stol,0.0,1.0
stol,stol,franklin,asking,1,0.974,,,,,,stol,stol,prior,0.0,1.0,stol,stol,image,0.0,1.0,stol,stol,prior,0.0,1.0,stol,0.0,1.0
stol,stol,trastol,asking,1,1.0,,,,,,,,,,,stol,stol,image,0.0,1.0,stol,stol,image,0.0,1.0,stol,0.0,1.0
stol,stol,stolab,asking,1,0.921,,,,,,,,,,,bord,bord,image,612.5,1.256544502617801,bord,bord,image,612.5,1.256544502617801,bord,612.5,1.256544502617801
stol,fatolj,loungefatoljer,asking,1,0.974,,,,,,,,,,,stol,stol,image,,,stol,stol,image,,,fåtölj,,
stol,stol,sandsberg,asking,1,0.668,,,,,,bord,bord,prior,160.0,2.7777777777777777,,,,,,bord,bord,prior,160.0,2.7777777777777777,stol,0.0,1.0
stol,stol,handmalad,asking,1,0.953,,,,,,stol,stol,prior,0.0,1.0,stol,stol,image,0.0,1.0,stol,stol,prior,0.0,1.0,stol,0.0,1.0
stol,stol,lacker,asking,1,0.944,,,,,,,,,,,stol,stol,image,0.0,1.0,stol,stol,image,0.0,1.0,stol,0.0,1.0
stol,stol,2st,asking,2,0.949,,,,,,,,,,,stol,stol,image,0.0,1.0,stol,stol,image,0.0,1.0,stol,0.0,1.0
stol,stol,matstolar,asking,1,0.949,,,,,,,,,,,stol,stol,image,0.0,1.0,stol,stol,image,0.0,1.0,stol,0.0,1.0
stol,stol,4st,asking,1,0.656,,,,,,,,,,,,,,,,,,,,,stol,0.0,1.0
stol,stol,konferensstol,asking,1,0.884,,,,,,,,,,,stol,stol,image,0.0,1.0,stol,stol,image,0.0,1.0,stol,0.0,1.0
stol,stol,solstol,asking,1,0.0,,,,,,,,,,,,,,,,,,,,,,,
stol,stol,massage,asking,1,0.868,,,,,,stol,stol,prior,0.0,1.0,stol,stol,image,0.0,1.0,stol,stol,prior,0.0,1.0,stol,0.0,1.0
stol,fatolj,g-mobel,realized,1,1.0,,,,,,,,,,,stol,stol,image,,,stol,stol,image,,,fåtölj,,
stol,stol,jonkoping,realized,1,1.0,,,,,,,,,,,stol,stol,image,0.0,1.0,stol,stol,image,0.0,1.0,fåtölj,,
stol,fatolj,fladdermusfatolj,asking,1,0.974,,,,,,stol,stol,prior,,,stol,stol,image,,,stol,stol,prior,,,fåtölj,,
stol,stol,6st,asking,1,0.874,,,,,,,,,,,stol,stol,image,0.0,1.0,stol,stol,image,0.0,1.0,stol,0.0,1.0
stol,stol,tradgardsstolar,asking,1,0.873,,,,,,,,,,,stol,stol,image,0.0,1.0,stol,stol,image,0.0,1.0,stol,0.0,1.0
stol,stol,lounge,asking,1,0.891,,,,,,,,,,,stol,stol,image,0.0,1.0,stol,stol,image,0.0,1.0,stol,0.0,1.0
stol,fatolj,fallbar,realized,1,0.975,,,,,,,,,,,stol,stol,image,118.0,0.8033333333333333,stol,stol,image,118.0,0.8033333333333333,fåtölj,,
stol,stol,duschstol,asking,1,0.867,,,,,,,,,,,stol,stol,image,0.0,1.0,stol,stol,image,0.0,1.0,stol,0.0,1.0
stol,stol,matstolar,asking,3,0.951,,,,,,,,,,,stol,stol,image,0.0,1.0,stol,stol,image,0.0,1.0,stol,0.0,1.0
stol,stol,stapelstolar,realized,2,0.95,,,,,,,,,,,stol,stol,image,0.0,1.0,stol,stol,image,0.0,1.0,stol,0.0,1.0
stol,stol,modell,realized,1,0.909,,,,,,,,,,,stol,stol,image,0.0,1.0,stol,stol,image,0.0,1.0,stol,0.0,1.0
stol,stol,trastolar,asking,1,0.925,,,,,,,,,,,stol,stol,image,0.0,1.0,stol,stol,image,0.0,1.0,stol,0.0,1.0
stol,stol,gustavianska,asking,1,1.0,,,,,,stol,stol,prior,0.0,1.0,stol,stol,image,0.0,1.0,stol,stol,prior,0.0,1.0,stol,0.0,1.0
stol,fatolj,30-tal,realized,1,0.93,,,,,,,,,,,stol,stol,image,629.0,0.371,stol,stol,image,629.0,0.371,fåtölj,,
stol,stol,karmstolar,asking,1,1.0,,,,,,,,,,,bord,bord,image,250.0,1.5,bord,bord,image,250.0,1.5,bord,250.0,1.5
stol,fatolj,rokokostil,realized,1,0.971,,,,,,,,,,,stol,stol,image,200.0,0.6,stol,stol,image,200.0,0.6,fåtölj,,
stol,stol,markus,asking,1,0.89,,,,,,stol,stol,prior,0.0,1.0,stol,stol,image,0.0,1.0,stol,stol,prior,0.0,1.0,stol,0.0,1.0
stol,stol,rokokostil,realized,1,1.0,,,,,,,,,,,stol,stol,image,0.0,1.0,stol,stol,image,0.0,1.0,stol,0.0,1.0
stol,fatolj,jysk,realized,1,0.975,,,,,,,,,,,stol,stol,image,72.0,0.6756756756756757,stol,stol,image,72.0,0.6756756756756757,fotpall,,
stol,stol,akta,asking,1,0.947,,,,,,,,,,,stol,stol,image,0.0,1.0,stol,stol,image,0.0,1.0,fåtölj,,
stol,stol,matstolar,asking,2,0.975,,,,,,,,,,,stol,stol,image,0.0,1.0,stol,stol,image,0.0,1.0,stol,0.0,1.0
stol,fatolj,chesterfield,asking,1,1.0,,,,,,,,,,,stol,stol,image,1100.0,0.78,stol,stol,image,1100.0,0.78,fåtölj,,
stol,stol,dubbelrosen,asking,1,0.975,,,,,,,,,,,stol,stol,image,0.0,1.0,stol,stol,image,0.0,1.0,stol,0.0,1.0
stol,stol,venture,asking,1,0.95,,,,,,,,,,,stol,stol,image,0.0,1.0,stol,stol,image,0.0,1.0,stol,0.0,1.0
stol,fatolj,fatoljset,asking,1,0.399,,,,,,stol,stol,prior,,,,,,,,stol,stol,prior,,,fåtölj,,
stol,stol,borjan,realized,1,0.975,,,,,,,,,,,stol,stol,image,0.0,1.0,stol,stol,image,0.0,1.0,stol,0.0,1.0
stol,stol,oidentifierad,realized,1,1.0,,,,,,,,,,,stol,stol,image,0.0,1.0,stol,stol,image,0.0,1.0,stol,0.0,1.0
stol,fatolj,sirocco,realized,1,1.0,,,,,,stol,stol,prior,147.5,1.0184375,stol,stol,image,147.5,1.0184375,stol,stol,prior,147.5,1.0184375,fåtölj,,
stol,fatolj,reclinerfatolj,asking,1,0.973,,,,,,,,,,,stol,stol,image,,,stol,stol,image,,,fåtölj,,
stol,fatolj,gront,asking,1,0.923,,,,,,,,,,,stol,stol,image,325.0,0.675,stol,stol,image,325.0,0.675,fotpall,499.5,1.4995
stol,stol,about,realized,1,0.852,,,,,,stol,stol,prior,0.0,1.0,stol,stol,image,0.0,1.0,stol,stol,prior,0.0,1.0,stol,0.0,1.0
stol,stol,fatboy,asking,1,0.483,,,,,,stol,stol,prior,0.0,1.0,,,,,,stol,stol,prior,0.0,1.0,del/tillbehör,,
stol,fatolj,poang,asking,1,0.892,,,,,,,,,,,stol,stol,image,250.5,1.6270337922403004,stol,stol,image,250.5,1.6270337922403004,fåtölj,,
stol,stol,kladda,asking,1,0.535,,,,,,stol,stol,prior,0.0,1.0,,,,,,stol,stol,prior,0.0,1.0,stol,0.0,1.0
stol,stol,trastolar,asking,1,0.975,,,,,,stol,stol,prior,0.0,1.0,stol,stol,image,0.0,1.0,stol,stol,prior,0.0,1.0,stol,0.0,1.0
stol,stol,armstod,asking,2,0.902,,,,,,stol,stol,prior,0.0,1.0,stol,stol,image,0.0,1.0,stol,stol,prior,0.0,1.0,stol,0.0,1.0
stol,stol,forvaring,asking,1,0.899,,,,,,,,,,,stol,stol,image,0.0,1.0,stol,stol,image,0.0,1.0,stol,0.0,1.0
stol,fatolj,mio,asking,1,0.974,,,,,,,,,,,stol,stol,image,1600.0,0.2,stol,stol,image,1600.0,0.2,fåtölj,,
stol,fatolj,poang,asking,1,1.0,,,,,,stol,stol,prior,250.0,1.625,stol,stol,image,250.0,1.625,stol,stol,prior,250.0,1.625,fåtölj,,
stol,fatolj,textilkladsel,realized,1,0.975,,,,,,,,,,,stol,stol,image,800.0,0.38461538461538464,stol,stol,image,800.0,0.38461538461538464,fåtölj,,
stol,fatolj,90cm,asking,1,0.948,,,,,,,,,,,soffa,soffa,image,,,soffa,soffa,image,,,soffa,,
stol,fatolj,rusta,asking,1,0.778,,,,,,,,,,,stol,stol,image,,,stol,stol,image,,,stol,,
stol,stol,6st,asking,1,0.919,,,,,,stol,stol,prior,0.0,1.0,stol,stol,image,0.0,1.0,stol,stol,prior,0.0,1.0,stol,0.0,1.0
stol,fatolj,ekero,asking,1,0.975,,,,,,,,,,,stol,stol,image,225.0,0.7,stol,stol,image,225.0,0.7,fåtölj,,
stol,stol,karmstolar,realized,1,1.0,,,,,,,,,,,stol,stol,image,0.0,1.0,stol,stol,image,0.0,1.0,fåtölj,,
stol,fatolj,lounge,asking,1,0.948,,,,,,,,,,,stol,stol,image,500.0,0.75,stol,stol,image,500.0,0.75,stol,500.0,0.75
stol,stol,tva,realized,1,1.0,,,,,,,,,,,stol,stol,image,0.0,1.0,stol,stol,image,0.0,1.0,stol,0.0,1.0
stol,stol,omkring,realized,1,0.898,,,,,,,,,,,forvaring,forvaring,image,1425.0,4.8,forvaring,forvaring,image,1425.0,4.8,okänd,,
stol,stol,brafab,asking,1,0.863,,,,,,,,,,,stol,stol,image,0.0,1.0,stol,stol,image,0.0,1.0,fåtölj,,
stol,stol,barstolar,asking,1,0.659,,,,,,,,,,,,,,,,,,,,,stol,0.0,1.0
stol,stol,parti,asking,1,0.975,,,,,,,,,,,stol,stol,image,0.0,1.0,stol,stol,image,0.0,1.0,stol,0.0,1.0
stol,stol,brge,realized,1,1.0,,,,,,,,,,,stol,stol,image,0.0,1.0,stol,stol,image,0.0,1.0,stol,0.0,1.0
stol,fatolj,reclinerfatolj,realized,1,0.946,,,,,,,,,,,stol,stol,image,,,stol,stol,image,,,fåtölj,,
stol,stol,gamingstol,asking,1,0.898,,,,,,,,,,,stol,stol,image,0.0,1.0,stol,stol,image,0.0,1.0,stol,0.0,1.0
stol,fatolj,skruvsta,asking,1,0.844,,,,,,stol,stol,prior,200.0,1.6666666666666667,stol,stol,image,200.0,1.6666666666666667,stol,stol,prior,200.0,1.6666666666666667,stol,200.0,1.6666666666666667
stol,stol,cafestol,realized,1,0.947,,,,,,,,,,,stol,stol,image,0.0,1.0,stol,stol,image,0.0,1.0,stol,0.0,1.0
stol,stol,uppfallbar,asking,1,0.675,,,,,,,,,,,,,,,,,,,,,bord,,
stol,stol,gratis,asking,1,0.894,,,,,,,,,,,stol,stol,image,0.0,1.0,stol,stol,image,0.0,1.0,stol,0.0,1.0
stol,fatolj,vilfatolj,asking,1,0.677,,,,,,stol,stol,prior,,,,,,,,stol,stol,prior,,,fåtölj,,
stol,stol,cafestolar,asking,1,0.895,,,,,,,,,,,stol,stol,image,0.0,1.0,stol,stol,image,0.0,1.0,stol,0.0,1.0
stol,fatolj,howardmodell,asking,1,0.821,,,,,,,,,,,stol,stol,image,,,stol,stol,image,,,fåtölj,,
stol,stol,konstskinn,realized,1,1.0,,,,,,,,,,,stol,stol,image,0.0,1.0,stol,stol,image,0.0,1.0,stol,0.0,1.0
stol,stol,fermob,asking,1,0.688,,,,,,stol,stol,prior,0.0,1.0,,,,,,stol,stol,prior,0.0,1.0,stol,0.0,1.0
stol,stol,barnstol,asking,1,1.0,,,,,,,,,,,stol,stol,image,0.0,1.0,stol,stol,image,0.0,1.0,stol,0.0,1.0
stol,stol,plaststol,asking,1,1.0,,,,,,,,,,,stol,stol,image,0.0,1.0,stol,stol,image,0.0,1.0,stol,0.0,1.0
stol,fatolj,hopfallbar,asking,1,1.0,,,,,,,,,,,stol,stol,image,62.5,0.7916666666666666,stol,stol,image,62.5,0.7916666666666666,fåtölj,,
stol,fatolj,sannolikt,realized,1,1.0,,,,,,,,,,,stol,stol,image,850.0,0.43333333333333335,stol,stol,image,850.0,0.43333333333333335,fåtölj,,
stol,stol,massage,asking,1,0.922,,,,,,stol,stol,prior,0.0,1.0,stol,stol,image,0.0,1.0,stol,stol,prior,0.0,1.0,stol,0.0,1.0
stol,stol,metallben,asking,1,0.874,,,,,,,,,,,stol,stol,image,0.0,1.0,stol,stol,image,0.0,1.0,stol,0.0,1.0
stol,stol,barnmodell,realized,1,1.0,,,,,,,,,,,stol,stol,image,0.0,1.0,stol,stol,image,0.0,1.0,stol,0.0,1.0
stol,fatolj,poangfatolj,asking,1,0.948,,,,,,stol,stol,prior,,,stol,stol,image,,,stol,stol,prior,,,stol,,
stol,stol,klappstolar,realized,1,0.97,,,,,,,,,,,stol,stol,image,0.0,1.0,stol,stol,image,0.0,1.0,stol,0.0,1.0
stol,fatolj,tva,asking,1,0.836,,,,,,,,,,,stol,stol,image,750.0,0.375,stol,stol,image,750.0,0.375,fåtölj,,
stol,stol,sent,asking,1,0.974,,,,,,,,,,,stol,stol,image,0.0,1.0,stol,stol,image,0.0,1.0,stol,0.0,1.0
stol,stol,behandlingsstol,asking,1,0.905,,,,,,,,,,,stol,stol,image,0.0,1.0,stol,stol,image,0.0,1.0,stol,0.0,1.0
stol,fatolj,tva,asking,1,0.973,,,,,,,,,,,stol,stol,image,750.0,0.375,stol,stol,image,750.0,0.375,fåtölj,,
stol,stol,naturfargad,asking,1,1.0,,,,,,,,,,,stol,stol,image,0.0,1.0,stol,stol,image,0.0,1.0,stol,0.0,1.0
stol,stol,kare,asking,1,0.92,,,,,,,,,,,stol,stol,image,0.0,1.0,stol,stol,image,0.0,1.0,fåtölj,,
stol,stol,eames,asking,1,0.823,,,,,,stol,stol,prior,0.0,1.0,bord,bord,image,1450.0,1.725,stol,stol,prior,0.0,1.0,matgrupp,,
stol,stol,gaming,asking,1,0.855,,,,,,,,,,,stol,stol,image,0.0,1.0,stol,stol,image,0.0,1.0,stol,0.0,1.0
stol,fatolj,1800-talets,realized,1,1.0,,,,,,,,,,,stol,stol,image,200.0,0.6,stol,stol,image,200.0,0.6,fåtölj,,
stol,stol,designer,asking,1,1.0,,,,,,,,,,,bord,bord,image,2500.0,4.125,bord,bord,image,2500.0,4.125,matgrupp,3200.0,5.0
stol,stol,ghost,asking,1,0.973,,,,,,,,,,,stol,stol,image,0.0,1.0,stol,stol,image,0.0,1.0,stol,0.0,1.0
stol,fatolj,swedese,asking,1,0.946,,,,,,,,,,,stol,stol,image,4000.0,0.2,stol,stol,image,4000.0,0.2,fåtölj,,
stol,stol,stilren,asking,1,0.795,,,,,,,,,,,stol,stol,image,0.0,1.0,stol,stol,image,0.0,1.0,stol,0.0,1.0
stol,stol,design,asking,14,1.0,,,,,,,,,,,stol,stol,image,0.0,1.0,stol,stol,image,0.0,1.0,stol,0.0,1.0
stol,stol,men,asking,1,0.97,,,,,,,,,,,stol,stol,image,0.0,1.0,stol,stol,image,0.0,1.0,stol,0.0,1.0
stol,fatolj,chesterfield,realized,1,0.951,,,,,,,,,,,stol,stol,image,,,stol,stol,image,,,fåtölj,,
stol,stol,hay,asking,1,0.945,,,,,,,,,,,stol,stol,image,0.0,1.0,stol,stol,image,0.0,1.0,stol,0.0,1.0
stol,fatolj,ektorp,asking,1,0.491,,,,,,soffa,soffa,prior,400.0,1.6666666666666667,,,,,,soffa,soffa,prior,400.0,1.6666666666666667,fåtölj,,
stol,stol,trastolar,asking,1,0.85,,,,,,stol,stol,prior,0.0,1.0,stol,stol,image,0.0,1.0,stol,stol,prior,0.0,1.0,stol,0.0,1.0
stol,stol,koksstolar,asking,1,0.975,,,,,,,,,,,stol,stol,image,0.0,1.0,stol,stol,image,0.0,1.0,stol,0.0,1.0
stol,stol,loungestol,asking,1,0.941,,,,,,,,,,,stol,stol,image,0.0,1.0,stol,stol,image,0.0,1.0,stol,0.0,1.0
stol,fatolj,elektrisk,asking,1,1.0,,,,,,,,,,,stol,stol,image,5700.0,3.28,stol,stol,image,5700.0,3.28,fåtölj,,
stol,stol,offecct,asking,1,0.972,,,,,,,,,,,stol,stol,image,0.0,1.0,stol,stol,image,0.0,1.0,fåtölj,,
stol,stol,efg,asking,1,0.866,,,,,,,,,,,stol,stol,image,0.0,1.0,stol,stol,image,0.0,1.0,stol,0.0,1.0
stol,stol,karmstolar,asking,1,0.973,,,,,,,,,,,stol,stol,image,0.0,1.0,stol,stol,image,0.0,1.0,stol,0.0,1.0
stol,stol,trendiga,asking,1,0.896,,,,,,,,,,,stol,stol,image,0.0,1.0,stol,stol,image,0.0,1.0,stol,0.0,1.0
stol,stol,matstolar,asking,1,0.949,,,,,,,,,,,stol,stol,image,0.0,1.0,stol,stol,image,0.0,1.0,stol,0.0,1.0
stol,stol,fyra,asking,1,0.974,,,,,,,,,,,stol,stol,image,0.0,1.0,stol,stol,image,0.0,1.0,stol,0.0,1.0
stol,stol,2st,asking,1,0.947,,,,,,,,,,,stol,stol,image,0.0,1.0,stol,stol,image,0.0,1.0,stol,0.0,1.0
stol,stol,lilla,realized,1,1.0,,,,,,,,,,,stol,stol,image,0.0,1.0,stol,stol,image,0.0,1.0,stol,0.0,1.0
stol,stol,lammhults,asking,1,0.971,,,,,,stol,stol,prior,0.0,1.0,stol,stol,image,0.0,1.0,stol,stol,prior,0.0,1.0,stol,0.0,1.0
stol,stol,smink,asking,1,0.948,,,,,,bord,bord,prior,475.0,2.4615384615384617,stol,stol,image,0.0,1.0,bord,bord,prior,475.0,2.4615384615384617,stol,0.0,1.0
stol,stol,barstolar,asking,1,0.782,,,,,,,,,,,stol,stol,image,0.0,1.0,stol,stol,image,0.0,1.0,stol,0.0,1.0
stol,stol,tradgard,asking,1,0.671,,,,,,,,,,,,,,,,,,,,,stol,0.0,1.0
stol,stol,bauhausstolar,asking,1,1.0,,,,,,,,,,,stol,stol,image,0.0,1.0,stol,stol,image,0.0,1.0,stol,0.0,1.0
stol,fatolj,byon,asking,1,0.974,,,,,,,,,,,stol,stol,image,,,stol,stol,image,,,fåtölj,,
stol,stol,sengustaviansk,realized,2,1.0,,,,,,,,,,,stol,stol,image,0.0,1.0,stol,stol,image,0.0,1.0,stol,0.0,1.0
stol,stol,frankie,asking,1,1.0,,,,,,,,,,,stol,stol,image,0.0,1.0,stol,stol,image,0.0,1.0,stol,0.0,1.0
stol,stol,vackra,asking,1,0.655,,,,,,,,,,,,,,,,,,,,,stol,0.0,1.0
stol,stol,matstolar,asking,1,0.897,,,,,,,,,,,stol,stol,image,0.0,1.0,stol,stol,image,0.0,1.0,stol,0.0,1.0
stol,stol,markus,asking,1,0.975,,,,,,stol,stol,prior,0.0,1.0,stol,stol,image,0.0,1.0,stol,stol,prior,0.0,1.0,stol,0.0,1.0
stol,stol,lammhults,asking,1,0.82,,,,,,stol,stol,prior,0.0,1.0,bord,bord,image,854.0,2.321981424148607,stol,stol,prior,0.0,1.0,bord,854.0,2.321981424148607
stol,fatolj,howard,asking,1,0.842,,,,,,,,,,,stol,stol,image,,,stol,stol,image,,,fåtölj,,
stol,fatolj,oronlappsfatolj,asking,1,0.974,,,,,,,,,,,stol,stol,image,,,stol,stol,image,,,fåtölj,,
stol,stol,tradgardsstolar,asking,1,0.951,,,,,,,,,,,stol,stol,image,0.0,1.0,stol,stol,image,0.0,1.0,fåtölj,,
stol,stol,karmstolar,realized,1,0.555,,,,,,,,,,,,,,,,,,,,,fåtölj,,
stol,stol,stoppade,asking,1,0.877,,,,,,,,,,,stol,stol,image,0.0,1.0,stol,stol,image,0.0,1.0,stol,0.0,1.0
stol,fatolj,unik,asking,1,1.0,,,,,,,,,,,stol,stol,image,630.0,0.6557377049180327,stol,stol,image,630.0,0.6557377049180327,fåtölj,,
stol,stol,flatade,asking,1,0.973,,,,,,,,,,,stol,stol,image,0.0,1.0,stol,stol,image,0.0,1.0,stol,0.0,1.0
stol,stol,nyrenassans,asking,1,0.966,,,,,,,,,,,stol,stol,image,0.0,1.0,stol,stol,image,0.0,1.0,stol,0.0,1.0
stol,stol,karmstolar,asking,2,0.95,,,,,,,,,,,stol,stol,image,0.0,1.0,stol,stol,image,0.0,1.0,stol,0.0,1.0
stol,stol,koksstolar,asking,1,0.974,,,,,,,,,,,stol,stol,image,0.0,1.0,stol,stol,image,0.0,1.0,stol,0.0,1.0
stol,stol,santa,asking,1,0.868,,,,,,,,,,,stol,stol,image,0.0,1.0,stol,stol,image,0.0,1.0,fåtölj,,
stol,fatolj,snurrfatolj,asking,1,0.972,,,,,,,,,,,stol,stol,image,,,stol,stol,image,,,fåtölj,,
stol,fatolj,landskrona,asking,1,0.797,,,,,,soffa,soffa,prior,1000.0,1.5,stol,stol,image,,,soffa,soffa,prior,1000.0,1.5,fåtölj,,
stol,stol,hangstol,asking,1,0.856,,,,,,,,,,,stol,stol,image,0.0,1.0,stol,stol,image,0.0,1.0,stol,0.0,1.0
stol,stol,jysk,asking,1,0.975,,,,,,,,,,,stol,stol,image,0.0,1.0,stol,stol,image,0.0,1.0,stol,0.0,1.0
stol,stol,magis,asking,1,0.922,,,,,,stol,stol,prior,0.0,1.0,stol,stol,image,0.0,1.0,stol,stol,prior,0.0,1.0,stol,0.0,1.0
stol,stol,lilla,realized,1,1.0,,,,,,,,,,,stol,stol,image,0.0,1.0,stol,stol,image,0.0,1.0,stol,0.0,1.0
stol,fatolj,vinrod,asking,1,1.0,,,,,,,,,,,stol,stol,image,0.0,1.0,stol,stol,image,0.0,1.0,fåtölj,,
stol,stol,dynor,asking,1,1.0,,,,,,,,,,,stol,stol,image,0.0,1.0,stol,stol,image,0.0,1.0,stol,0.0,1.0
stol,fatolj,poang,asking,1,0.971,,,,,,stol,stol,prior,250.5,1.6270337922403004,stol,stol,image,250.5,1.6270337922403004,stol,stol,prior,250.5,1.6270337922403004,fåtölj,,
stol,fatolj,vago,asking,1,1.0,,,,,,stol,stol,prior,50.0,0.7142857142857143,stol,stol,image,50.0,0.7142857142857143,stol,stol,prior,50.0,0.7142857142857143,stol,50.0,0.7142857142857143
stol,stol,artie,realized,1,0.976,,,,,,,,,,,stol,stol,image,0.0,1.0,stol,stol,image,0.0,1.0,stol,0.0,1.0
stol,fatolj,snurrfatolj,asking,1,0.811,,,,,,stol,stol,prior,,,stol,stol,image,,,stol,stol,prior,,,fåtölj,,
stol,stol,karmstolar,realized,1,1.0,,,,,,,,,,,stol,stol,image,0.0,1.0,stol,stol,image,0.0,1.0,fåtölj,,
stol,stol,tradgardsstolar,asking,1,0.974,,,,,,,,,,,stol,stol,image,0.0,1.0,stol,stol,image,0.0,1.0,stol,0.0,1.0
stol,stol,torkel,asking,1,0.852,,,,,,stol,stol,prior,0.0,1.0,stol,stol,image,0.0,1.0,stol,stol,prior,0.0,1.0,stol,0.0,1.0
stol,stol,henriksdal,asking,1,1.0,,,,,,,,,,,stol,stol,image,0.0,1.0,stol,stol,image,0.0,1.0,stol,0.0,1.0
stol,stol,handbroderad,asking,1,1.0,,,,,,,,,,,stol,stol,image,0.0,1.0,stol,stol,image,0.0,1.0,stol,0.0,1.0
stol,fatolj,skrindan,realized,1,1.0,,,,,,,,,,,stol,stol,image,,,stol,stol,image,,,fåtölj,,
stol,fatolj,korgstol,asking,1,0.975,,,,,,,,,,,stol,stol,image,325.0,0.5666666666666667,stol,stol,image,325.0,0.5666666666666667,fåtölj,,
stol,fatolj,designfatoljer,asking,1,0.792,,,,,,,,,,,stol,stol,image,,,stol,stol,image,,,fåtölj,,
stol,stol,gustaviansk,realized,1,1.0,,,,,,,,,,,stol,stol,image,0.0,1.0,stol,stol,image,0.0,1.0,stol,0.0,1.0
stol,stol,tva,asking,1,0.917,,,,,,,,,,,stol,stol,image,0.0,1.0,stol,stol,image,0.0,1.0,stol,0.0,1.0
stol,stol,tradgardsstolar,asking,1,0.895,,,,,,,,,,,stol,stol,image,0.0,1.0,stol,stol,image,0.0,1.0,stol,0.0,1.0
stol,stol,fjallberget,asking,1,0.826,,,,,,stol,stol,prior,0.0,1.0,stol,stol,image,0.0,1.0,stol,stol,prior,0.0,1.0,stol,0.0,1.0
stol,stol,konferensstolar,asking,1,0.664,,,,,,stol,stol,prior,0.0,1.0,,,,,,stol,stol,prior,0.0,1.0,stol,0.0,1.0
stol,fatolj,brge,realized,1,1.0,,,,,,,,,,,stol,stol,image,4750.0,0.32142857142857145,stol,stol,image,4750.0,0.32142857142857145,fåtölj,,
stol,stol,erik,asking,1,1.0,,,,,,,,,,,stol,stol,image,0.0,1.0,stol,stol,image,0.0,1.0,stol,0.0,1.0
stol,fatolj,kofod,asking,1,1.0,,,,,,,,,,,stol,stol,image,,,stol,stol,image,,,fåtölj,,
stol,stol,saljer,asking,1,0.838,,,,,,,,,,,stol,stol,image,0.0,1.0,stol,stol,image,0.0,1.0,stol,0.0,1.0
stol,stol,solstol,asking,1,0.563,,,,,,,,,,,,,,,,,,,,,okänd,,
stol,stol,bankett,realized,1,0.44,,,,,,,,,,,,,,,,,,,,,okänd,,
stol,stol,svenska,realized,1,1.0,,,,,,,,,,,stol,stol,image,0.0,1.0,stol,stol,image,0.0,1.0,stol,0.0,1.0
stol,stol,solstol,asking,1,0.869,,,,,,,,,,,stol,stol,image,0.0,1.0,stol,stol,image,0.0,1.0,stol,0.0,1.0
stol,fatolj,modern,asking,1,0.975,,,,,,,,,,,stol,stol,image,800.0,0.4666666666666667,stol,stol,image,800.0,0.4666666666666667,stol,800.0,0.4666666666666667
stol,stol,solstol,asking,1,0.951,,,,,,,,,,,stol,stol,image,0.0,1.0,stol,stol,image,0.0,1.0,stol,0.0,1.0
stol,stol,matstolar,asking,3,0.896,,,,,,,,,,,stol,stol,image,0.0,1.0,stol,stol,image,0.0,1.0,stol,0.0,1.0
stol,stol,barstolar,asking,1,0.775,,,,,,,,,,,stol,stol,image,0.0,1.0,stol,stol,image,0.0,1.0,stol,0.0,1.0
stol,stol,varmdo,asking,1,0.945,,,,,,stol,stol,prior,0.0,1.0,stol,stol,image,0.0,1.0,stol,stol,prior,0.0,1.0,stol,0.0,1.0
stol,fatolj,lamino,realized,1,1.0,,,,,,,,,,,stol,stol,image,2800.0,0.5333333333333333,stol,stol,image,2800.0,0.5333333333333333,fotpall,3666.0,0.389
stol,fatolj,mio,asking,1,0.916,,,,,,,,,,,stol,stol,image,1600.0,0.2,stol,stol,image,1600.0,0.2,fåtölj,,
stol,stol,barstolar,asking,3,0.947,,,,,,,,,,,stol,stol,image,0.0,1.0,stol,stol,image,0.0,1.0,stol,0.0,1.0
stol,stol,klappstol,asking,1,0.886,,,,,,,,,,,stol,stol,image,0.0,1.0,stol,stol,image,0.0,1.0,stol,0.0,1.0
stol,stol,urban,asking,1,0.973,,,,,,stol,stol,prior,0.0,1.0,stol,stol,image,0.0,1.0,stol,stol,prior,0.0,1.0,stol,0.0,1.0
stol,stol,barstolar,asking,5,0.662,,,,,,,,,,,,,,,,,,,,,stol,0.0,1.0
stol,fatolj,louis,asking,1,0.975,,,,,,,,,,,stol,stol,image,250.0,1.2,stol,stol,image,250.0,1.2,fåtölj,,
stol,fatolj,gulvit,asking,1,0.0,,,,,,stol,stol,prior,,,,,,,,stol,stol,prior,,,,,
stol,stol,karmstolar,asking,1,0.95,,,,,,,,,,,stol,stol,image,0.0,1.0,stol,stol,image,0.0,1.0,fåtölj,,
stol,stol,gamla,asking,1,0.976,,,,,,,,,,,stol,stol,image,0.0,1.0,stol,stol,image,0.0,1.0,stol,0.0,1.0
stol,stol,koksstolar,asking,1,0.517,,,,,,,,,,,,,,,,,,,,,stol,0.0,1.0
stol,stol,adde,asking,1,0.917,,,,,,,,,,,stol,stol,image,0.0,1.0,stol,stol,image,0.0,1.0,stol,0.0,1.0
stol,stol,odger,asking,1,0.943,,,,,,,,,,,stol,stol,image,0.0,1.0,stol,stol,image,0.0,1.0,stol,0.0,1.0
stol,stol,ronninge,asking,1,1.0,,,,,,,,,,,stol,stol,image,0.0,1.0,stol,stol,image,0.0,1.0,stol,0.0,1.0
stol,stol,anders,realized,1,1.0,,,,,,,,,,,stol,stol,image,0.0,1.0,stol,stol,image,0.0,1.0,fåtölj,,
stol,stol,tva,asking,1,0.887,,,,,,,,,,,stol,stol,image,0.0,1.0,stol,stol,image,0.0,1.0,stol,0.0,1.0
stol,stol,senbarock,realized,1,1.0,,,,,,,,,,,stol,stol,image,0.0,1.0,stol,stol,image,0.0,1.0,stol,0.0,1.0
stol,fatolj,konstrotting,asking,1,0.92,,,,,,,,,,,stol,stol,image,300.0,0.5714285714285714,stol,stol,image,300.0,0.5714285714285714,fåtölj,,
stol,stol,pige,realized,1,0.975,,,,,,,,,,,stol,stol,image,0.0,1.0,stol,stol,image,0.0,1.0,stol,0.0,1.0
stol,stol,barstolar,asking,1,0.898,,,,,,,,,,,stol,stol,image,0.0,1.0,stol,stol,image,0.0,1.0,stol,0.0,1.0
stol,stol,venture,asking,1,0.811,,,,,,,,,,,bord,bord,image,1000.0,3.0,bord,bord,image,1000.0,3.0,bord,1000.0,3.0
stol,fatolj,swedese,asking,1,1.0,,,,,,,,,,,stol,stol,image,4000.0,0.2,stol,stol,image,4000.0,0.2,fotpall,5000.0,2.0
stol,stol,gamingstol,asking,1,0.914,,,,,,,,,,,stol,stol,image,0.0,1.0,stol,stol,image,0.0,1.0,stol,0.0,1.0
stol,stol,johanson,asking,1,0.736,,,,,,,,,,,stol,stol,image,0.0,1.0,stol,stol,image,0.0,1.0,stol,0.0,1.0
stol,stol,gustavianska,realized,1,0.976,,,,,,stol,stol,prior,0.0,1.0,stol,stol,image,0.0,1.0,stol,stol,prior,0.0,1.0,stol,0.0,1.0
stol,stol,karmstolar,realized,1,1.0,,,,,,,,,,,stol,stol,image,0.0,1.0,stol,stol,image,0.0,1.0,fåtölj,,
stol,stol,jutlandia,asking,1,0.975,,,,,,,,,,,stol,stol,image,0.0,1.0,stol,stol,image,0.0,1.0,stol,0.0,1.0
stol,fatolj,modern,asking,1,0.524,,,,,,,,,,,,,,,,,,,,,fåtölj,,
stol,stol,anders,realized,1,1.0,,,,,,,,,,,stol,stol,image,0.0,1.0,stol,stol,image,0.0,1.0,stol,0.0,1.0
stol,fatolj,repos,asking,1,0.949,,,,,,stol,stol,prior,,,stol,stol,image,,,stol,stol,prior,,,fåtölj,,
stol,fatolj,pernilla,realized,1,1.0,,,,,,,,,,,stol,stol,image,,,stol,stol,image,,,fåtölj,,
stol,stol,lilla,realized,1,1.0,,,,,,,,,,,stol,stol,image,0.0,1.0,stol,stol,image,0.0,1.0,stol,0.0,1.0
stol,fatolj,karmstolar,asking,1,0.865,,,,,,,,,,,stol,stol,image,500.0,0.5,stol,stol,image,500.0,0.5,fåtölj,,
stol,fatolj,snurrfatolj,realized,1,0.952,,,,,,stol,stol,prior,,,stol,stol,image,,,stol,stol,prior,,,fotpall,,
stol,stol,nyskick,asking,1,1.0,,,,,,,,,,,stol,stol,image,0.0,1.0,stol,stol,image,0.0,1.0,fotpall,200.0,0.7777777777777778
stol,fatolj,conform,asking,1,0.919,,,,,,stol,stol,prior,,,stol,stol,image,,,stol,stol,prior,,,fåtölj,,
stol,stol,vackra,asking,1,0.976,,,,,,,,,,,stol,stol,image,0.0,1.0,stol,stol,image,0.0,1.0,stol,0.0,1.0
stol,fatolj,stallbar,asking,1,0.922,,,,,,,,,,,stol,stol,image,400.0,0.6,stol,stol,image,400.0,0.6,stol,400.0,0.6
stol,stol,bar,asking,1,0.821,,,,,,,,,,,stol,stol,image,0.0,1.0,stol,stol,image,0.0,1.0,stol,0.0,1.0
stol,stol,mio,asking,1,0.371,,,,,,,,,,,,,,,,,,,,,sänggavel,,
stol,fatolj,samsas,realized,1,1.0,,,,,,,,,,,stol,stol,image,,,stol,stol,image,,,fåtölj,,
stol,stol,ton,asking,1,1.0,,,,,,stol,stol,prior,0.0,1.0,stol,stol,image,0.0,1.0,stol,stol,prior,0.0,1.0,stol,0.0,1.0
stol,fatolj,elegant,asking,1,1.0,,,,,,,,,,,stol,stol,image,1025.0,0.4225352112676056,stol,stol,image,1025.0,0.4225352112676056,fåtölj,,
stol,stol,camilla,asking,1,0.654,,,,,,,,,,,,,,,,,,,,,stol,0.0,1.0
stol,stol,fyra,asking,1,0.971,,,,,,,,,,,stol,stol,image,0.0,1.0,stol,stol,image,0.0,1.0,stol,0.0,1.0
stol,stol,bauhaus-stil,realized,1,1.0,,,,,,,,,,,stol,stol,image,0.0,1.0,stol,stol,image,0.0,1.0,stol,0.0,1.0
stol,stol,trastolar,asking,1,0.82,,,,,,,,,,,stol,stol,image,0.0,1.0,stol,stol,image,0.0,1.0,stol,0.0,1.0
stol,fatolj,utemobler,asking,2,0.973,,,,,,,,,,,stol,stol,image,500.0,0.375,stol,stol,image,500.0,0.375,fåtölj,,
stol,stol,bjuran,asking,1,0.972,,,,,,,,,,,stol,stol,image,0.0,1.0,stol,stol,image,0.0,1.0,stol,0.0,1.0
stol,stol,stabil,asking,1,0.922,,,,,,,,,,,stol,stol,image,0.0,1.0,stol,stol,image,0.0,1.0,stol,0.0,1.0
stol,stol,konferensstol,asking,1,0.92,,,,,,bord,bord,prior,,,stol,stol,image,0.0,1.0,bord,bord,prior,,,stol,0.0,1.0
stol,fatolj,poang,asking,1,0.97,,,,,,stol,stol,prior,250.5,1.6270337922403004,stol,stol,image,250.5,1.6270337922403004,stol,stol,prior,250.5,1.6270337922403004,fåtölj,,
stol,stol,serien,realized,1,0.975,,,,,,,,,,,stol,stol,image,0.0,1.0,stol,stol,image,0.0,1.0,stol,0.0,1.0
stol,stol,kontorstol,asking,1,1.0,,,,,,,,,,,stol,stol,image,0.0,1.0,stol,stol,image,0.0,1.0,stol,0.0,1.0
stol,fatolj,stilren,asking,1,1.0,,,,,,,,,,,stol,stol,image,800.0,0.42857142857142855,stol,stol,image,800.0,0.42857142857142855,fåtölj,,
stol,stol,boet,realized,1,1.0,,,,,,,,,,,stol,stol,image,0.0,1.0,stol,stol,image,0.0,1.0,stol,0.0,1.0
stol,stol,grythyttan,asking,1,0.921,,,,,,,,,,,stol,stol,image,0.0,1.0,stol,stol,image,0.0,1.0,stol,0.0,1.0
stol,stol,spelstol,asking,1,0.946,,,,,,bord,bord,prior,,,stol,stol,image,0.0,1.0,bord,bord,prior,,,stol,0.0,1.0
stol,stol,tradition,asking,1,0.971,,,,,,,,,,,stol,stol,image,0.0,1.0,stol,stol,image,0.0,1.0,stol,0.0,1.0
stol,stol,skansnas,asking,1,0.948,,,,,,,,,,,stol,stol,image,0.0,1.0,stol,stol,image,0.0,1.0,stol,0.0,1.0
stol,stol,vitra,asking,1,0.942,,,,,,stol,stol,prior,0.0,1.0,stol,stol,image,0.0,1.0,stol,stol,prior,0.0,1.0,stol,0.0,1.0
stol,stol,fritz,asking,1,0.916,,,,,,stol,stol,prior,0.0,1.0,stol,stol,image,0.0,1.0,stol,stol,prior,0.0,1.0,stol,0.0,1.0
stol,stol,poang,asking,1,0.944,,,,,,stol,stol,prior,0.0,1.0,stol,stol,image,0.0,1.0,stol,stol,prior,0.0,1.0,fåtölj,,
stol,stol,lackerade,asking,1,0.851,,,,,,,,,,,stol,stol,image,0.0,1.0,stol,stol,image,0.0,1.0,stol,0.0,1.0
stol,stol,italiensk,asking,1,0.921,,,,,,,,,,,stol,stol,image,0.0,1.0,stol,stol,image,0.0,1.0,stol,0.0,1.0
stol,fatolj,artwood,asking,1,0.876,,,,,,,,,,,stol,stol,image,2600.0,0.36585365853658536,stol,stol,image,2600.0,0.36585365853658536,fotpall,1850.0,0.5487804878048781
stol,stol,dynor,asking,1,0.448,,,,,,,,,,,,,,,,,,,,,stol,0.0,1.0
stol,stol,jattefina,asking,1,0.766,,,,,,stol,stol,prior,0.0,1.0,stol,stol,image,0.0,1.0,stol,stol,prior,0.0,1.0,fåtölj,,
stol,stol,tradgards,asking,1,0.862,,,,,,,,,,,stol,stol,image,0.0,1.0,stol,stol,image,0.0,1.0,stol,0.0,1.0
stol,stol,2st,asking,1,0.942,,,,,,,,,,,stol,stol,image,0.0,1.0,stol,stol,image,0.0,1.0,stol,0.0,1.0
stol,stol,solstolar,asking,1,0.794,,,,,,,,,,,stol,stol,image,0.0,1.0,stol,stol,image,0.0,1.0,fåtölj,,
stol,fatolj,nyrokokostil,realized,1,1.0,,,,,,,,,,,stol,stol,image,275.0,0.3888888888888889,stol,stol,image,275.0,0.3888888888888889,fåtölj,,
stol,stol,sjuan,asking,1,0.939,,,,,,stol,stol,prior,0.0,1.0,stol,stol,image,0.0,1.0,stol,stol,prior,0.0,1.0,stol,0.0,1.0
stol,stol,matsalsstolar,asking,1,0.926,,,,,,,,,,,stol,stol,image,0.0,1.0,stol,stol,image,0.0,1.0,fåtölj,,
stol,stol,sybord,asking,1,0.917,,,,,,,,,,,forvaring,forvaring,image,,,forvaring,forvaring,image,,,byrå,,
stol,stol,hag,asking,1,0.852,,,,,,stol,stol,prior,0.0,1.0,stol,stol,image,0.0,1.0,stol,stol,prior,0.0,1.0,stol,0.0,1.0
stol,fatolj,pernilla,realized,1,1.0,,,,,,,,,,,stol,stol,image,,,stol,stol,image,,,fåtölj,,
stol,stol,norraker,asking,1,0.974,,,,,,,,,,,stol,stol,image,0.0,1.0,stol,stol,image,0.0,1.0,stol,0.0,1.0
stol,stol,plaststolar,asking,1,1.0,,,,,,,,,,,stol,stol,image,0.0,1.0,stol,stol,image,0.0,1.0,stol,0.0,1.0
stol,fatolj,bjorktra,realized,1,1.0,,,,,,,,,,,stol,stol,image,,,stol,stol,image,,,fåtölj,,
stol,fatolj,knappar,asking,1,0.943,,,,,,,,,,,stol,stol,image,,,stol,stol,image,,,fåtölj,,
stol,fatolj,poang,asking,1,0.974,,,,,,stol,stol,prior,250.0,1.625,stol,stol,image,250.0,1.625,stol,stol,prior,250.0,1.625,fåtölj,,
stol,fatolj,reclinerfatoljer,asking,1,0.861,,,,,,,,,,,stol,stol,image,,,stol,stol,image,,,fåtölj,,
stol,stol,legend,asking,1,0.948,,,,,,,,,,,stol,stol,image,0.0,1.0,stol,stol,image,0.0,1.0,stol,0.0,1.0
stol,stol,40-tal,asking,1,0.945,,,,,,,,,,,stol,stol,image,0.0,1.0,stol,stol,image,0.0,1.0,fåtölj,,
stol,stol,3st,asking,1,0.894,,,,,,,,,,,stol,stol,image,0.0,1.0,stol,stol,image,0.0,1.0,stol,0.0,1.0
stol,fatolj,fladdermus,asking,1,0.976,,,,,,stol,stol,prior,,,stol,stol,image,,,stol,stol,prior,,,fåtölj,,
stol,stol,elektrisk,asking,1,0.358,,,,,,,,,,,,,,,,,,,,,okänd,,
stol,stol,teodores,asking,1,0.973,,,,,,,,,,,stol,stol,image,0.0,1.0,stol,stol,image,0.0,1.0,stol,0.0,1.0
stol,stol,rokokostil,realized,1,0.975,,,,,,,,,,,stol,stol,image,0.0,1.0,stol,stol,image,0.0,1.0,stol,0.0,1.0
stol,stol,matrumsstolar,asking,1,0.975,,,,,,,,,,,stol,stol,image,0.0,1.0,stol,stol,image,0.0,1.0,stol,0.0,1.0
stol,stol,karmstolar,realized,2,1.0,,,,,,,,,,,stol,stol,image,0.0,1.0,stol,stol,image,0.0,1.0,fåtölj,,
stol,fatolj,1960-tal,realized,1,1.0,,,,,,,,,,,stol,stol,image,1134.0,0.33294117647058824,stol,stol,image,1134.0,0.33294117647058824,fåtölj,,
stol,stol,elegant,asking,1,0.975,,,,,,,,,,,stol,stol,image,0.0,1.0,stol,stol,image,0.0,1.0,stol,0.0,1.0
stol,stol,designstol,asking,1,0.974,,,,,,,,,,,stol,stol,image,0.0,1.0,stol,stol,image,0.0,1.0,stol,0.0,1.0
stol,stol,lillemor,asking,1,0.975,,,,,,,,,,,stol,stol,image,0.0,1.0,stol,stol,image,0.0,1.0,stol,0.0,1.0
stol,stol,lounge,asking,1,0.976,,,,,,,,,,,stol,stol,image,0.0,1.0,stol,stol,image,0.0,1.0,fåtölj,,
stol,stol,gustaviansk,asking,1,0.944,,,,,,,,,,,stol,stol,image,0.0,1.0,stol,stol,image,0.0,1.0,stol,0.0,1.0
stol,stol,grythyttan,asking,1,0.693,,,,,,,,,,,,,,,,,,,,,stol,0.0,1.0
stol,fatolj,london,asking,1,0.973,,,,,,,,,,,stol,stol,image,,,stol,stol,image,,,fåtölj,,
stol,fatolj,lamino,realized,1,1.0,,,,,,,,,,,stol,stol,image,2800.0,0.5333333333333333,stol,stol,image,2800.0,0.5333333333333333,fotpall,3666.0,0.389
stol,fatolj,tjusig,asking,1,0.926,,,,,,forvaring,forvaring,prior,,,stol,stol,image,,,forvaring,forvaring,prior,,,fåtölj,,
stol,fatolj,howard,asking,1,0.765,,,,,,soffa,soffa,prior,750.0,1.3658536585365855,stol,stol,image,,,soffa,soffa,prior,750.0,1.3658536585365855,fåtölj,,
stol,stol,oljad,realized,1,1.0,,,,,,,,,,,stol,stol,image,0.0,1.0,stol,stol,image,0.0,1.0,stol,0.0,1.0
stol,stol,karmstolar,realized,1,1.0,,,,,,stol,stol,prior,0.0,1.0,stol,stol,image,0.0,1.0,stol,stol,prior,0.0,1.0,stol,0.0,1.0
stol,stol,orange,asking,1,0.925,,,,,,,,,,,stol,stol,image,0.0,1.0,stol,stol,image,0.0,1.0,fåtölj,,
stol,stol,gamla,asking,1,0.924,,,,,,,,,,,stol,stol,image,0.0,1.0,stol,stol,image,0.0,1.0,stol,0.0,1.0
stol,stol,karin,asking,1,0.95,,,,,,stol,stol,prior,0.0,1.0,stol,stol,image,0.0,1.0,stol,stol,prior,0.0,1.0,stol,0.0,1.0
stol,stol,karmstolar,asking,1,0.974,,,,,,stol,stol,prior,0.0,1.0,stol,stol,image,0.0,1.0,stol,stol,prior,0.0,1.0,fåtölj,,
stol,stol,kinnarps,asking,1,0.885,,,,,,stol,stol,prior,0.0,1.0,stol,stol,image,0.0,1.0,stol,stol,prior,0.0,1.0,stol,0.0,1.0
stol,fatolj,massagefatolj,asking,1,0.949,,,,,,stol,stol,prior,,,stol,stol,image,,,stol,stol,prior,,,fåtölj,,
stol,stol,utemobler,asking,1,0.916,,,,,,,,,,,stol,stol,image,0.0,1.0,stol,stol,image,0.0,1.0,stol,0.0,1.0
stol,stol,bekvam,asking,1,1.0,,,,,,,,,,,stol,stol,image,0.0,1.0,stol,stol,image,0.0,1.0,fåtölj,,
stol,stol,barstolar,asking,1,0.824,,,,,,,,,,,stol,stol,image,0.0,1.0,stol,stol,image,0.0,1.0,stol,0.0,1.0
stol,fatolj,snurrfatolj,realized,1,0.974,,,,,,stol,stol,prior,,,stol,stol,image,,,stol,stol,prior,,,fåtölj,,
stol,stol,4stycken,realized,1,1.0,,,,,,,,,,,stol,stol,image,0.0,1.0,stol,stol,image,0.0,1.0,stol,0.0,1.0
stol,fatolj,lycka,asking,1,1.0,,,,,,,,,,,stol,stol,image,,,stol,stol,image,,,fåtölj,,
stol,fatolj,1940-tal,realized,1,1.0,,,,,,,,,,,stol,stol,image,700.0,0.4166666666666667,stol,stol,image,700.0,0.4166666666666667,fåtölj,,
stol,stol,mastare,realized,1,1.0,,,,,,,,,,,stol,stol,image,0.0,1.0,stol,stol,image,0.0,1.0,stol,0.0,1.0
stol,fatolj,tva,asking,1,0.897,,,,,,,,,,,stol,stol,image,750.0,0.375,stol,stol,image,750.0,0.375,fåtölj,,
stol,stol,bergmund,asking,1,0.9,,,,,,stol,stol,prior,0.0,1.0,stol,stol,image,0.0,1.0,stol,stol,prior,0.0,1.0,stol,0.0,1.0
stol,stol,chippendale,asking,1,0.924,,,,,,,,,,,stol,stol,image,0.0,1.0,stol,stol,image,0.0,1.0,stol,0.0,1.0
stol,stol,pinnstolar,asking,1,0.972,,,,,,,,,,,stol,stol,image,0.0,1.0,stol,stol,image,0.0,1.0,stol,0.0,1.0
stol,fatolj,tillhorande,asking,1,0.922,,,,,,,,,,,stol,stol,image,550.0,0.6333333333333333,stol,stol,image,550.0,0.6333333333333333,fåtölj,,
stol,stol,matstolar,asking,1,0.926,,,,,,,,,,,stol,stol,image,0.0,1.0,stol,stol,image,0.0,1.0,stol,0.0,1.0
stol,fatolj,ektorp,asking,1,0.945,,,,,,soffa,soffa,prior,400.0,1.6666666666666667,stol,stol,image,,,soffa,soffa,prior,400.0,1.6666666666666667,fåtölj,,
stol,stol,andersen,realized,1,0.976,,,,,,,,,,,stol,stol,image,0.0,1.0,stol,stol,image,0.0,1.0,stol,0.0,1.0
stol,stol,matstolar,asking,2,0.876,,,,,,,,,,,bord,bord,image,517.0,2.723333333333333,bord,bord,image,517.0,2.723333333333333,matgrupp,512.5,2.7083333333333335
stol,stol,quilt,asking,1,0.759,,,,,,,,,,,stol,stol,image,0.0,1.0,stol,stol,image,0.0,1.0,fåtölj,,
stol,fatolj,swedese,asking,1,0.895,,,,,,,,,,,stol,stol,image,4000.0,0.2,stol,stol,image,4000.0,0.2,fotpall,5000.0,2.0
stol,fatolj,mobler,realized,1,0.949,,,,,,,,,,,stol,stol,image,1140.0,0.2875,stol,stol,image,1140.0,0.2875,fåtölj,,
stol,stol,hemleverans,asking,1,0.896,,,,,,,,,,,stol,stol,image,0.0,1.0,stol,stol,image,0.0,1.0,stol,0.0,1.0
stol,fatolj,farskinnsimitation,realized,4,0.974,,,,,,stol,stol,prior,3450.0,1.7752808988764044,stol,stol,image,3450.0,1.7752808988764044,stol,stol,prior,3450.0,1.7752808988764044,fåtölj,,
stol,stol,2st,asking,1,0.816,,,,,,,,,,,stol,stol,image,0.0,1.0,stol,stol,image,0.0,1.0,stol,0.0,1.0
stol,fatolj,talet,asking,1,1.0,,,,,,,,,,,stol,stol,image,325.0,0.6285714285714286,stol,stol,image,325.0,0.6285714285714286,fåtölj,,
stol,stol,tradgardsstolar,asking,1,0.919,,,,,,,,,,,stol,stol,image,0.0,1.0,stol,stol,image,0.0,1.0,stol,0.0,1.0
stol,stol,nattavaara,asking,1,0.974,,,,,,,,,,,stol,stol,image,0.0,1.0,stol,stol,image,0.0,1.0,stol,0.0,1.0
stol,stol,mio,asking,1,0.883,,,,,,,,,,,stol,stol,image,0.0,1.0,stol,stol,image,0.0,1.0,stol,0.0,1.0
stol,stol,munkstol,realized,1,1.0,,,,,,,,,,,stol,stol,image,0.0,1.0,stol,stol,image,0.0,1.0,fåtölj,,
stol,stol,vital,asking,1,0.718,,,,,,,,,,,stol,stol,image,0.0,1.0,stol,stol,image,0.0,1.0,stol,0.0,1.0
stol,fatolj,snurrfatoljer,asking,2,1.0,,,,,,stol,stol,prior,,,stol,stol,image,,,stol,stol,prior,,,stol,,
stol,stol,gustavianska,asking,1,1.0,,,,,,stol,stol,prior,0.0,1.0,stol,stol,image,0.0,1.0,stol,stol,prior,0.0,1.0,stol,0.0,1.0
stol,stol,ellos,asking,1,1.0,,,,,,,,,,,stol,stol,image,0.0,1.0,stol,stol,image,0.0,1.0,stol,0.0,1.0
stol,stol,rotting,asking,2,0.973,,,,,,,,,,,stol,stol,image,0.0,1.0,stol,stol,image,0.0,1.0,stol,0.0,1.0
stol,fatolj,skandiform,asking,1,0.946,,,,,,,,,,,stol,stol,image,1175.0,0.3380281690140845,stol,stol,image,1175.0,0.3380281690140845,stol,1175.0,0.3380281690140845
stol,stol,dyna,asking,1,0.946,,,,,,,,,,,stol,stol,image,0.0,1.0,stol,stol,image,0.0,1.0,fåtölj,,
stol,stol,karm,asking,1,0.835,,,,,,,,,,,stol,stol,image,0.0,1.0,stol,stol,image,0.0,1.0,stol,0.0,1.0
stol,stol,matstolar,asking,1,0.913,,,,,,,,,,,stol,stol,image,0.0,1.0,stol,stol,image,0.0,1.0,stol,0.0,1.0
stol,stol,savo,asking,1,0.866,,,,,,stol,stol,prior,0.0,1.0,stol,stol,image,0.0,1.0,stol,stol,prior,0.0,1.0,stol,0.0,1.0
stol,fatolj,yngve,asking,1,1.0,,,,,,stol,stol,prior,4500.0,0.18181818181818182,stol,stol,image,4500.0,0.18181818181818182,stol,stol,prior,4500.0,0.18181818181818182,fåtölj,,
stol,fatolj,lejon,asking,1,0.974,,,,,,soffa,soffa,prior,,,stol,stol,image,,,soffa,soffa,prior,,,fåtölj,,
stol,fatolj,backapp,asking,1,0.946,,,,,,,,,,,stol,stol,image,1100.0,1.5789473684210527,stol,stol,image,1100.0,1.5789473684210527,stol,1100.0,1.5789473684210527
stol,stol,stoppning,asking,1,1.0,,,,,,,,,,,stol,stol,image,0.0,1.0,stol,stol,image,0.0,1.0,fåtölj,,
stol,stol,ilva,realized,1,1.0,,,,,,,,,,,stol,stol,image,0.0,1.0,stol,stol,image,0.0,1.0,stol,0.0,1.0
stol,stol,2st,asking,1,1.0,,,,,,,,,,,stol,stol,image,0.0,1.0,stol,stol,image,0.0,1.0,stol,0.0,1.0
stol,fatolj,reclinerfatolj,asking,1,0.871,,,,,,,,,,,stol,stol,image,,,stol,stol,image,,,fåtölj,,
stol,fatolj,havberg,asking,1,0.975,,,,,,stol,stol,prior,,,stol,stol,image,,,stol,stol,prior,,,fotpall,1250.0,0.375
stol,stol,billie,asking,1,0.863,,,,,,,,,,,soffa,soffa,image,10100.0,2.463768115942029,soffa,soffa,image,10100.0,2.463768115942029,soffa,10100.0,2.463768115942029
stol,fatolj,natt,asking,1,1.0,,,,,,,,,,,stol,stol,image,200.0,0.6,stol,stol,image,200.0,0.6,fåtölj,,
stol,stol,malade,realized,1,1.0,,,,,,,,,,,stol,stol,image,0.0,1.0,stol,stol,image,0.0,1.0,stol,0.0,1.0
stol,fatolj,aristokrat,realized,1,1.0,,,,,,,,,,,stol,stol,image,,,stol,stol,image,,,fåtölj,,
stol,stol,gubi,asking,1,0.923,,,,,,,,,,,stol,stol,image,0.0,1.0,stol,stol,image,0.0,1.0,stol,0.0,1.0
stol,stol,karmstolar,realized,1,1.0,,,,,,,,,,,stol,stol,image,0.0,1.0,stol,stol,image,0.0,1.0,fåtölj,,
stol,stol,4st,asking,1,0.974,,,,,,stol,stol,prior,0.0,1.0,stol,stol,image,0.0,1.0,stol,stol,prior,0.0,1.0,stol,0.0,1.0
stol,stol,fritz,asking,2,0.967,,,,,,stol,stol,prior,0.0,1.0,stol,stol,image,0.0,1.0,stol,stol,prior,0.0,1.0,stol,0.0,1.0
stol,fatolj,fladdermusfatolj,asking,1,1.0,,,,,,stol,stol,prior,,,stol,stol,image,,,stol,stol,prior,,,fåtölj,,
stol,stol,einar,asking,1,1.0,,,,,,,,,,,stol,stol,image,0.0,1.0,stol,stol,image,0.0,1.0,stol,0.0,1.0
stol,stol,loungestolar,asking,2,1.0,,,,,,,,,,,stol,stol,image,0.0,1.0,stol,stol,image,0.0,1.0,fåtölj,,
stol,stol,byarums,asking,1,0.793,,,,,,,,,,,stol,stol,image,0.0,1.0,stol,stol,image,0.0,1.0,stol,0.0,1.0
stol,stol,henriksdal,asking,1,0.948,,,,,,,,,,,stol,stol,image,0.0,1.0,stol,stol,image,0.0,1.0,stol,0.0,1.0
stol,stol,klassiska,asking,1,0.845,,,,,,,,,,,stol,stol,image,0.0,1.0,stol,stol,image,0.0,1.0,stol,0.0,1.0
stol,stol,svanhalsstolar,realized,1,0.975,,,,,,,,,,,stol,stol,image,0.0,1.0,stol,stol,image,0.0,1.0,fåtölj,,
stol,stol,barstolar,asking,2,0.889,,,,,,,,,,,stol,stol,image,0.0,1.0,stol,stol,image,0.0,1.0,okänd,,
stol,stol,skrivbordsstol,asking,1,0.896,,,,,,,,,,,stol,stol,image,0.0,1.0,stol,stol,image,0.0,1.0,stol,0.0,1.0
stol,stol,4st,asking,1,1.0,,,,,,stol,stol,prior,0.0,1.0,stol,stol,image,0.0,1.0,stol,stol,prior,0.0,1.0,fåtölj,,
stol,fatolj,ingmar,asking,1,0.915,,,,,,,,,,,stol,stol,image,,,stol,stol,image,,,fåtölj,,
stol,stol,fritz,asking,1,0.941,,,,,,stol,stol,prior,0.0,1.0,stol,stol,image,0.0,1.0,stol,stol,prior,0.0,1.0,stol,0.0,1.0
stol,fatolj,professor,realized,1,1.0,,,,,,,,,,,stol,stol,image,,,stol,stol,image,,,fåtölj,,
stol,stol,matstolar,asking,1,0.974,,,,,,,,,,,stol,stol,image,0.0,1.0,stol,stol,image,0.0,1.0,stol,0.0,1.0
stol,stol,plaststol,asking,1,0.976,,,,,,stol,stol,prior,0.0,1.0,stol,stol,image,0.0,1.0,stol,stol,prior,0.0,1.0,stol,0.0,1.0
stol,stol,matstolar,asking,2,0.972,,,,,,,,,,,stol,stol,image,0.0,1.0,stol,stol,image,0.0,1.0,stol,0.0,1.0
stol,stol,stoppade,asking,1,0.919,,,,,,stol,stol,prior,0.0,1.0,stol,stol,image,0.0,1.0,stol,stol,prior,0.0,1.0,fåtölj,,
stol,fatolj,textilkladsel,realized,1,1.0,,,,,,,,,,,stol,stol,image,798.0,0.3861538461538462,stol,stol,image,798.0,0.3861538461538462,fåtölj,,
stol,fatolj,natura,realized,1,1.0,,,,,,,,,,,stol,stol,image,,,stol,stol,image,,,fåtölj,,
stol,stol,eller,asking,1,1.0,,,,,,,,,,,stol,stol,image,0.0,1.0,stol,stol,image,0.0,1.0,stol,0.0,1.0
stol,fatolj,oronlappsfatolj,realized,1,1.0,,,,,,,,,,,stol,stol,image,,,stol,stol,image,,,fåtölj,,
stol,stol,munkstolar,asking,1,0.924,,,,,,,,,,,stol,stol,image,0.0,1.0,stol,stol,image,0.0,1.0,stol,0.0,1.0
stol,stol,rowico,asking,1,1.0,,,,,,,,,,,stol,stol,image,0.0,1.0,stol,stol,image,0.0,1.0,stol,0.0,1.0
stol,fatolj,6st,asking,1,0.718,,,,,,,,,,,stol,stol,image,0.0,1.0,stol,stol,image,0.0,1.0,stol,0.0,1.0
stol,stol,barstolar,asking,1,0.974,,,,,,stol,stol,prior,0.0,1.0,stol,stol,image,0.0,1.0,stol,stol,prior,0.0,1.0,stol,0.0,1.0
stol,stol,bauhausstolar,asking,1,0.948,,,,,,,,,,,stol,stol,image,0.0,1.0,stol,stol,image,0.0,1.0,stol,0.0,1.0
stol,stol,matstolar,asking,1,1.0,,,,,,,,,,,stol,stol,image,0.0,1.0,stol,stol,image,0.0,1.0,stol,0.0,1.0
stol,stol,hem,asking,1,0.689,,,,,,,,,,,,,,,,,,,,,matbord,2600.0,6.2
stol,stol,tradgardsstolar,asking,1,0.77,,,,,,,,,,,stol,stol,image,0.0,1.0,stol,stol,image,0.0,1.0,stol,0.0,1.0
stol,stol,vitra,asking,1,1.0,,,,,,stol,stol,prior,0.0,1.0,stol,stol,image,0.0,1.0,stol,stol,prior,0.0,1.0,stol,0.0,1.0
stol,stol,design,asking,1,0.945,,,,,,,,,,,stol,stol,image,0.0,1.0,stol,stol,image,0.0,1.0,stol,0.0,1.0
stol,stol,mocca,asking,1,0.576,,,,,,,,,,,,,,,,,,,,,bord,,
stol,stol,allmogestil,realized,1,0.949,,,,,,,,,,,stol,stol,image,0.0,1.0,stol,stol,image,0.0,1.0,fåtölj,,
stol,stol,verner,asking,1,1.0,,,,,,stol,stol,prior,0.0,1.0,stol,stol,image,0.0,1.0,stol,stol,prior,0.0,1.0,stol,0.0,1.0
stol,stol,fanett,asking,1,1.0,,,,,,stol,stol,prior,0.0,1.0,stol,stol,image,0.0,1.0,stol,stol,prior,0.0,1.0,stol,0.0,1.0
stol,fatolj,kop,asking,1,0.92,,,,,,,,,,,stol,stol,image,,,stol,stol,image,,,fåtölj,,
